TF	Number_of_ChIPexp	q_value_mean	K_Virus_0	K_Virus_3	K_Virus_6	K_Virus_9	K_Virus_12	K_Virus_18	K_Virus_24	K_Virus_30	K_Virus_36	K_Virus_48	K_Virus_60	K_Virus_72	K_Virus_D5	K_Virus_D7
RYBP	4	2.9830285592652744e-15	0.11556570762892002	0.44007412320052275	0.004295414325426521	1.7434155435264708e-06	0.09082676841221059	1.1651607220996266e-07	3.0036066399577346e-06	1.4482493057979085e-09	1.6207058652648217e-42	2.697046393442619e-30	7.69640303318402e-13	1.0245452017071629e-21	6.3851986652453124e-34	1.1449088800396239e-34
ERG	7	3.3741796708720466e-16	7.084916593787759e-05	0.1732865625344299	2.770609717420453e-47	2.5996818719671106e-14	1.657524014500112e-36	2.3629342460561394e-05	2.329663335735652e-21	3.632946352152249e-15	2.441059389043903e-34	0.008047061206853579	0.004308612427305839	3.968213123565256e-12	1.267108341021153e-16	1.987624042893967e-11
BCL6	4	6.811325263797505e-08	0.0003376395342660289	0.0008198374982076555	6.926239825580368e-17	0.0046907962016000376	1.509673780881023e-20	1.6030462318178485e-10	3.6990654746649235e-05	8.99829395456796e-12	9.404497412272811e-10	0.42249449436248115	0.275278496054923	0.002866155823485677	9.6114770950057e-06	2.1194213057515984e-13
JUND	6	3.958660154699007e-12	0.00016213495287570987	0.4828787637363832	1.0146259375804434e-36	5.564946909789295e-18	1.5875323818330517e-29	0.020073436895506655	6.29649691919047e-35	0.2296696274549365	8.889761442532648e-15	0.12300271947688192	2.5575333902270242e-09	3.89730662544822e-06	1.215226999620524e-06	0.00860197797507316
TAF7L	2	4.549862793766706e-10	0.003129815817946779	0.37381373883497826	5.211411875193258e-11	1.1089533646544079e-08	1.422490593753305e-20	1.2743336790932245e-12	0.009150560866604053	2.0412473502695643e-22	1.8184250590929582e-19	0.001006577039372387	0.21327998122249123	9.791910298678681e-08	7.986380560822757e-16	2.3310286997606456e-10
MED12	3	1.989149196961947e-05	4.369355857397152e-11	0.3286475260784193	5.411230047706969e-08	0.0447587331877222	0.1194046642097629	0.0021874312652163095	0.4485971087437105	3.19958190249498e-05	2.713597713029485e-09	4.8792018575156844e-05	0.0030773689704602244	1.9023742882945596e-07	1.8265970819915494e-07	8.224386255923385e-10
MYCN	1	0.011887096638702136	0.3960514562392021	0.0015190424153477043	0.010088462966796335	0.09119779243876022	0.004185360062552945	3.446880483305942e-05	0.1694465471897641	8.932745922076301e-05	0.0010310854928161908	0.47488333755532114	0.06449590099831798	0.03730092088604636	0.004963077032831425	0.15917293154168857
CEBPD	5	0.03396740792311023	0.13578150695636837	0.10046065222801027	8.50692380780714e-08	0.12643623945191923	0.48205050649825937	0.14405913119924094	0.057926987155450214	0.1545344695808968	0.3333769562865791	0.0021559978773422104	0.004028761586393837	0.07002828952410108	0.48501390098252517	0.3034381237655951
PO5F1	43	4.6718400540657275e-18	0.0503416851975748	0.03266443711220911	1.8596818579173662e-17	2.250813919827233e-10	1.8985073775711176e-05	6.183110807605076e-06	3.0036066399577346e-06	1.1517901505108094e-12	3.602508596377021e-43	5.768177275533538e-36	1.5061853957573973e-11	7.22781340789886e-24	6.565438563140997e-36	5.683578723442773e-40
RELB	1	7.357516482357885e-07	0.1110835787811421	0.09131254011532262	2.0122845959362324e-21	0.0007888210721637876	1.1911002968493e-10	0.00048624002067376715	4.386015925816414e-20	0.3054760449048299	0.04780146501680633	5.155567001197837e-07	8.794895033963493e-14	0.08769488539710213	0.15357017375693427	3.735195841450992e-05
NKX61	1	4.340182786893308e-10	0.004282843533687967	0.0003345684379278437	1.0645531066471813e-12	1.667595388144302e-07	1.9790624230376813e-17	0.00030593724338628914	1.2200467755810704e-06	6.4361052270738474e-12	2.4363400769192666e-21	3.7530705812369996e-10	0.08612389226969976	3.8704154753148736e-10	5.726811589830936e-13	3.986822094891146e-17
HEXI1	1	0.08542521569872968	0.2882819941162622	0.03595277298854623	0.03807724455425024	0.15912877297582234	0.0028705674346497503	0.435983419693455	0.2803170287481976	0.28079098531590985	0.44658148396952135	0.42102962107486996	0.1743295546837823	0.07474705029995858	0.36040830633835813	0.00020174251716208527
EHMT2	2	0.15924878859102007	0.42035942581104624	0.49470344633624513	0.36257236537740783	0.3970940823171263	0.0035787251536812848	0.26612173520888044	0.45039120401159954	0.35752805461944476	0.006806995649424372	0.04456078736127933	0.2620060418077082	0.2713407076557017	0.15974547020952898	0.4265208074921819
DNM3B	7	0.00012693571851229765	0.00869564570268062	0.19321622024752902	0.3520811918734916	0.30535361772928593	0.1361901384919703	0.00012059018958329029	2.7187245668069156e-11	0.104239213886904	5.218578941230371e-09	7.860649198653733e-08	1.2615123844789301e-05	0.0017372129017642292	2.912078534969524e-06	1.2810622284697832e-06
SETB1	2	0.002502070903368335	0.1391653006709969	0.008938516310704487	7.99626630680802e-06	0.0008028237476231485	0.08113280471794113	8.411127660004609e-07	0.039169323369011126	0.41614795600712806	6.399681142388568e-06	2.022175451901809e-05	0.3983794004470996	0.0003365358117973377	0.038605533458582926	0.06334192814265349
SIX2	1	0.040599658818874645	0.1300545218599464	0.04805386556651224	0.22643501378786413	0.24100903425311465	0.003045510043700775	0.27427716631610954	0.49435131377100333	0.14533309075492348	0.00029956360916209157	1.818912222789732e-05	0.06012563356969853	0.11323167839118718	0.12743735203037398	0.3416706289048615
LDB1	4	0.00012191945648927987	7.6279849157153075e-06	0.012845712496707882	1.3405055239661816e-09	0.3083950631115539	0.05887240537068479	4.670214861788516e-05	0.026006491181262276	1.1466163637009553e-06	7.420657276050402e-13	0.13732165174199862	0.10091114062357241	9.412992586700185e-05	7.411004865221083e-05	0.000672983384411503
P53	7	2.3819837061214706e-12	0.15032575227366593	0.3987914216869184	5.068126193507708e-13	1.5536768822788754e-07	0.00016208811600512617	0.2899270273376105	4.686717838449883e-13	0.10785647361995304	5.566843902814487e-39	5.350127830354391e-21	0.0007608932909747146	1.2333153380091127e-10	1.8894337620706008e-30	3.1966716463589403e-24
PO3F2	3	0.000825827148906871	4.644360265938792e-10	2.3919459061435786e-06	0.0001101957030639941	4.675333831654311e-06	0.005060033734303698	0.00013309918258656275	0.0029688653912174697	0.01927402676930225	0.03140357058295527	1.0120270390655439e-05	0.20845918407490993	0.42125793418969015	0.23319611959678468	0.4780136368859377
RORA	1	0.0017140461687145626	7.923494104382016e-06	0.3286475260784193	0.004085614237861076	0.0010638681210412002	7.49323853446171e-09	0.007391957677171907	2.6416641514119227e-10	0.1265764801428497	0.0027527348421735776	0.2776386295003428	0.1897699860682235	0.046922873323110285	0.09216658034722253	0.14369228223632877
WDR5	4	3.783745306904309e-12	0.0001433130729622233	0.0004955049162150364	9.655756287049203e-18	1.0353347285947923e-10	2.5092093266036582e-11	9.254594017985354e-05	2.6945762666299587e-11	8.0344123338028e-11	2.0283242399587476e-43	5.906079020021123e-11	0.05073638077391294	3.0514843570018254e-09	3.696960319562842e-17	5.037960564051485e-12
ERR2	6	1.758577828295968e-07	0.10350014484111286	0.021336812140450242	0.34814402335096695	0.09681176200402776	0.004480455734548641	0.008051983003181124	0.43265228132922184	1.0876603262617749e-05	8.922778349773654e-11	4.1858852130728016e-22	3.457707013005865e-09	1.3856535381466345e-13	2.049962222403025e-11	5.836752778638034e-18
PAX7	1	0.0004952066555358435	0.15195854209196846	0.050232004360361404	0.2399833128028706	0.48945379824972723	0.03704468848232484	0.30958652378301266	0.0048172170754955165	0.17116545471443356	0.0012517493327381258	1.9602537420300922e-07	5.081324486600722e-07	2.2545804105660317e-05	1.2151749728440962e-08	1.8415384149116596e-10
KDM6B	5	1.4623554565925916e-14	0.07499058510875455	0.4476215949621214	4.8087765900090356e-29	1.2994096389459728e-13	7.49323853446171e-09	0.004393908944127728	4.342947803752382e-09	6.057816589127522e-10	9.215375236057244e-39	1.4105708872135212e-15	0.004016721734346994	3.451393214093064e-16	1.2843056281725481e-27	4.863836739543134e-26
MITF	1	0.008333407219614786	0.30108814570918635	0.2698079286682204	2.380969449976197e-05	0.022391636146313825	0.00013388771303349568	0.28567540090506227	0.00045971782387746663	0.08860094303700264	0.012401525587734614	0.3035847348071437	0.21327998122249123	1.6858001295277942e-06	0.0025502427044272473	0.033442016548832734
TBP	14	1.5016357179951327e-16	1.0864060751823289e-10	0.015957485031406708	9.236870478375027e-50	9.623922282452487e-17	4.823830136523062e-35	0.049162538345760814	1.6545359033402464e-27	3.8659060325103196e-11	2.3893183658945293e-32	0.014076600251907647	0.03179422754374787	6.029628263727425e-13	1.2801787681471276e-16	1.5361571160049598e-09
GATA4	10	5.740743303844013e-10	0.4604854007052143	0.043255838041252964	8.344469675270841e-11	2.6896295523353004e-08	0.034195598131591017	0.22315715008203652	1.3715983240614854e-11	0.007983070709550885	7.278634894445882e-34	1.7596562164533826e-17	0.11287164238496243	9.852062168858952e-09	1.8114462527774473e-20	4.3813590910927964e-17
ZMIZ1	2	2.751293393191926e-08	0.02361592077310279	0.0001921824999026805	1.3381589555642489e-22	1.701281569042082e-08	1.6158330532420163e-11	0.008495775393385776	2.466597832069944e-26	0.00045222273863479353	7.9662818448015e-13	0.00013992945117160204	3.5284807899869376e-11	0.48185632292249386	0.3867533792472999	0.012278902878060077
GATA3	17	9.182060407610897e-05	0.001097758982379152	0.01837733904134801	2.9302319671107946e-09	3.9294221758070394e-07	0.3192029092367378	7.421605200460412e-05	2.978796563859712e-13	0.00039268608132666166	0.09154985810063526	0.18765479233776322	0.008898477832948363	1.9935952945385196e-10	0.26313813945186837	0.005865929226115057
NCOR1	6	6.730834801620285e-08	1.0038051188034508e-07	0.393994787914471	1.720862452591919e-25	6.791080097855859e-08	2.8615969549852135e-15	0.21000336434960176	1.3105260315275677e-30	0.3924707742452842	0.00021728579346783582	0.026126329943075996	8.029388922106702e-08	0.016193487779703013	0.22872430264344878	0.1624080351974556
CXXC1	1	3.446313042791384e-13	0.0010090128684184208	0.363608299873767	2.036882347692584e-28	7.857370767210344e-07	3.4712544202642754e-14	9.352093751359792e-08	0.008020897287585593	2.0453913637296026e-29	4.768743153707449e-30	1.8374329579551118e-08	0.05878140399947097	6.95637603478476e-10	1.0425982283932712e-19	2.8539236782876897e-20
HIRA	3	0.0019194225986295204	0.09623899564390609	0.03358001038337254	5.979508835226306e-05	1.8246431044112704e-05	0.20540028057872328	0.3471872775737351	6.323318588820843e-06	0.004250256631966488	0.0011163807371431741	0.07401170905054469	6.032291680048752e-07	0.0016284317704345908	0.1949103103184383	8.617644417657175e-05
SNAI1	1	0.0005491191116289124	0.46075200423141344	0.4672199002138602	0.0011213443067587129	0.03133256730980937	0.0013505257517601238	0.0922201148134651	0.012189339821817241	0.0013464705531813493	4.836675391189072e-13	0.00037382857273329236	0.025046753539628	0.03810094266696708	4.815927848400207e-06	1.7640713975910582e-08
BRDT	2	0.04380987542336906	0.0001913011691846026	0.00846889708368759	0.1210133881971049	0.28368751566339895	0.13589930445168366	0.3419216720372639	0.4895964947164171	0.30959380283847565	0.22442028291509067	0.01895334488194566	0.006678932780735738	0.0007339093763191806	0.0493246409648032	0.23815203531206414
CHD2	2	1.7032255293901448e-09	0.03790177809067679	0.4961711575351055	8.723302591176265e-29	5.488494370343522e-09	1.0570889602561263e-14	0.05968540069842319	7.72324850064958e-16	0.001278553687702119	4.383486690515466e-25	3.6710927196338126e-05	0.2335437043176483	1.2218915639505058e-10	1.13610680855031e-10	0.005908146891296414
RAG2	3	4.036098150859356e-15	1.1129682100213192e-12	0.0003345684379278437	5.920662364500419e-39	5.869073673935816e-15	6.936672824948794e-38	0.49580404188939275	4.6180741918909934e-26	0.00016895457635337274	1.522035888233218e-29	0.13253174752864852	0.013119405108757563	1.2226431722225782e-15	7.829575054771535e-16	3.4607279677860517e-06
CEBPA	28	1.4312557788912334e-14	3.564975802179048e-06	0.08299701744407822	4.2948149979135075e-51	3.666811866501755e-17	8.2872780760669e-32	0.21801374029533854	1.53777294551226e-38	1.3169594934068503e-05	6.046919892175779e-20	0.31279796568103985	3.138722841047083e-11	1.4697366314371805e-08	7.392028571801265e-07	0.013764952410916808
NFAC1	2	0.005345076872394753	0.03677878049241139	0.1107544693623674	0.0003502503031573491	0.18856831402566263	0.0004926854668688021	0.28749336354169047	0.0008672404500781808	0.013475951647522341	1.149261898504496e-07	0.051907180146028534	0.21327998122249123	0.0003715368102663439	0.00015233626275275216	0.48445263720522797
IKZF3	1	0.0013969903833698583	0.005559960466793104	0.007500750368392734	6.924667837862887e-14	0.018911178028222817	0.1736081834193589	0.4943532631544134	0.008554839313765489	0.001838438842427054	3.9878600025361235e-06	0.05060758494099713	0.36750293927905636	0.0077475671723308695	0.004485705329540235	0.0005674568204901356
TEAD4	2	1.0575904480419828e-08	0.308590379743149	0.041572882130079154	1.2341204619178936e-09	6.204249945743733e-12	4.665117365582547e-05	0.16552569338693782	3.339491853482585e-07	0.00017829132136161217	1.4702643149395072e-22	3.1733338512912024e-13	0.0891844467059829	5.114221026584718e-07	5.9792563047047176e-21	3.8110124819103903e-13
BAP1	1	3.539708357588062e-13	0.017770202236037837	0.2596486350379617	4.339551026371319e-21	4.2861259300144577e-11	1.3648018085157537e-23	0.100584491138121	2.1301615226771645e-12	6.797555671275269e-14	1.1655864172064187e-35	2.1805265557117742e-09	0.07902835855419688	1.5607439255847166e-16	1.7396617597697402e-20	5.210811774834746e-13
NKX21	3	1.5642673215350192e-09	0.18448864794765352	0.40144650084450484	4.1887134088332608e-22	1.3756651729382634e-11	3.941542513483911e-20	0.009603682770839029	0.0006224783649027032	1.4649968430839497e-12	1.3430239249158001e-15	7.202317237928851e-06	0.17421513810359124	0.0005217490958117662	1.5560345503797357e-13	2.60600416586648e-17
TF2L1	1	5.681884104705655e-07	0.008684359157334008	0.028250454732939786	0.10055224585094863	3.8741682348429633e-10	0.00012017274332300443	2.5561928574296914e-06	0.005278714487865472	1.6457494334658622e-06	5.4145592431724174e-14	5.845926348078818e-10	7.426675599495892e-05	1.57876527063954e-08	1.028572376231997e-11	3.754092078423751e-11
TFAP4	1	1.2676516681438838e-14	0.0001482227676673873	0.16359858911493383	1.1114982772671323e-42	2.524110393030125e-18	5.109856830595465e-34	0.07386205506196902	9.143751874505931e-29	0.011817023985375548	5.888387870697459e-35	0.005963386696708177	0.4367865889850881	6.372399503005488e-11	2.4050907745130646e-15	4.2425955045057816e-05
KDM4A	2	0.0005199653235900137	0.49719515709157114	0.0501551242212834	2.5534430128906523e-09	0.07793183002505298	0.08433229223438699	0.01016304994653574	0.003318713250822902	4.714822779473199e-05	3.4777290097934506e-09	0.006285314432212625	0.2517793104920524	3.8863764903183665e-06	0.0010958077533275584	6.7699116945133744e-06
TOP2B	1	2.0957247604600937e-08	0.01582988378926727	0.007330785670801852	0.0020538849671946813	0.009929789574708804	0.16263132826390297	0.0004738454908087189	0.08104037421355172	2.3188645106902628e-08	2.368555359038105e-16	6.459214893569847e-18	1.3958126454136933e-11	9.698534239231444e-12	3.302682836853977e-15	1.344788123962854e-17
SUV92	1	0.032708677091365206	0.04160538508944966	0.15684737320982112	0.3963299491183065	0.4295410857177502	0.16586618116396595	0.00032481320208469666	0.013693382807041559	0.010702123239465842	0.43485094397558627	0.011329759170251981	0.0019331671386594465	0.2915813145535513	0.08214428057311855	0.0008017769703230193
NFKB1	3	3.920230030273177e-11	5.704707284087744e-11	0.0009699631715488336	5.926831143527382e-44	0.00028295379462484104	6.94104945845245e-14	6.296067013370277e-08	1.029107163047087e-21	0.4755768227858042	0.24977350261736206	8.192695082851862e-12	1.5929444691752595e-22	0.2314652331927361	0.00035739344860589116	3.783146155082707e-07
NRF1	2	2.3801073168548665e-05	0.15994660504695812	0.0008152466086335817	3.179333410708477e-05	0.00019735918210768622	1.0197517586559088e-07	1.1294656095947368e-10	0.004463326343606906	3.1735384497395617e-16	2.803713493130783e-11	0.17729503128330118	0.006516377726201531	0.32265004979009493	0.0012359461822399036	0.10858166304777786
ZC11A	3	4.454286196809099e-05	0.4188534801394166	0.0003702636296134085	0.035984324734647265	4.4134320612547986e-05	0.05808866113213533	0.0005598174114199275	1.3285730713642364e-10	5.027295743080974e-06	4.802615908980947e-12	2.0827833565569436e-06	0.2903738328544316	4.5566892642652595e-05	1.2049565998562683e-05	1.4186418499834918e-05
PAXI1	4	1.0438775045027797e-09	0.00013640409647840672	0.09176805240829881	3.5181641147818557e-31	3.773779192110317e-09	1.2514529184413369e-17	9.759220482433579e-05	9.545807503063503e-31	0.4549943366881318	6.326284772252756e-08	1.9335298506006287e-05	1.482323902403328e-10	2.061645149306653e-05	0.3810921859677772	0.0001452603324978628
OGT1	2	7.618542358044776e-09	0.0034381210308098713	0.012455230221068899	1.470811332385101e-23	9.958714104149687e-11	1.407546771030149e-13	0.0003639590665120071	3.6840164451983965e-31	0.3234469600521109	6.034770579971832e-18	0.4458391682739532	0.00016952650229194448	0.0321629769275003	4.504878264719936e-05	0.00877035883599418
NFYC	1	3.4383135294390926e-06	0.014514247099690167	0.37865085268417203	6.924549087920337e-06	0.05731324826911575	9.35261296648341e-06	0.39390947530696696	0.39760007549224763	0.002361921544098839	4.873172736088103e-13	1.0455328662984156e-10	1.8907780506553597e-08	3.593235698184983e-10	2.8667776254971516e-12	4.309685890344206e-09
PER1	1	0.03759630756573619	0.15448815121025225	0.45533237949126726	0.14718648438160412	0.004879360071730701	0.0012343077819542202	0.04294597330718574	0.010122333980737254	0.3059407215452144	0.24908536505877416	0.014992019650352378	0.008632676432492783	0.0022303217046788014	0.3735444863750681	0.05061167115591909
RXRA	34	8.04155667892423e-11	2.2271278567774973e-10	0.00013745211940387702	4.301356295156206e-16	4.645549758700024e-06	8.007074703075978e-24	1.451577965139312e-08	9.7098923366114e-12	8.321029624185627e-08	8.763597095513411e-13	0.0005784519023150709	0.04622844930736494	2.029274085495582e-08	2.9407902161923263e-10	5.886446362782047e-25
ELL3	1	0.00016441399797396424	0.2882819941162622	5.914475275897535e-06	0.013994296270884509	0.008198252969222518	0.030710064913982302	0.00038695530083898314	0.1049545573818472	0.019477929431477234	0.0007299739013209376	1.6085365833600723e-12	3.5941144212835096e-09	1.4583630989024978e-06	0.022815676133304843	1.5806005667426212e-05
TEAD1	1	2.487072862036395e-06	1.2522381145167403e-06	9.291549993954005e-06	1.8513668481290738e-19	6.469637032007448e-21	0.0075293449014533385	0.0003352891034877986	2.580406121706599e-08	0.10899161500412947	8.2138261043921e-05	0.002853621414573509	0.0009734161960786055	0.48185632292249386	0.13005608639047186	0.0002448754138802295
CBX3	4	2.285806506781183e-13	0.008905980665667668	0.00892837049845485	2.1153193786571955e-25	2.3339154241844868e-07	2.827739434974539e-18	0.0011885044737856042	3.98424005957954e-09	3.53480121574535e-12	9.52110021672958e-30	1.8358034530705243e-10	0.0016703099596749517	1.5607439255847166e-16	1.5044909011812936e-25	8.34555415867279e-20
JUN	12	6.676929862980932e-15	9.987647740742736e-07	0.0033034274006998967	1.225612222045095e-57	7.3462791155171e-21	1.3743235198125113e-31	0.4195098982496435	1.6091940601238148e-35	0.0011369090532225277	3.03490779714944e-19	0.13584235487314755	1.3963936839216518e-12	2.758710023772544e-07	1.168260214507554e-05	0.060204278017833825
KLF3	3	1.407415471172639e-14	0.015677972927160763	0.32691174984522925	5.316058643581142e-26	5.154794585140966e-16	4.2441076539905175e-15	0.4570586288018043	3.744090860788561e-11	0.0005377645424210179	6.524269646096512e-47	1.884863369154401e-17	0.21630444032730337	5.505929582244864e-15	1.57872676357044e-28	9.433638739411791e-18
T2FA	1	0.006968150722478315	0.38487239631991205	0.29625531495356544	0.055518388885041625	0.4483009831339792	0.32929208130485293	5.696491321902142e-06	0.03238398162214978	0.003096545021768243	8.225467538662018e-09	0.018249790419495912	0.05475350832742047	0.00720477504176088	0.000748611939205873	0.02688760211204799
TAL1	18	1.0096395789018168e-05	1.7168178779157506e-20	0.12703264884494295	7.67672963554538e-06	0.0024570185597919303	0.23932598682252917	0.0025697016009404135	5.73329145012716e-14	0.013475951647522341	3.5242621927405946e-16	0.32736475829708706	0.03142508198977337	0.0006377857417458923	0.02989230997295434	0.08465605365772166
SMC1A	9	8.60633292240042e-12	0.04422083629739446	0.002171845536856473	2.2852114469065397e-21	1.8047225845519677e-13	0.00780717030641292	9.704977933132874e-06	4.63594835641717e-25	0.00022925096370915248	2.4783475542534763e-25	4.679987403265266e-17	0.14202919859656835	1.5229200308483098e-09	1.29371192543046e-15	1.1814737652818811e-17
KAT5	3	1.3119075133144569e-06	1.5593629718971348e-08	9.1572899545935e-05	1.8287133191646137e-08	3.1458505406830303e-08	5.947858205499853e-12	0.000579184317096399	0.0381957980264165	3.7545518521597034e-14	4.169092679043136e-08	0.017637834166874245	0.1897699860682235	7.627960386116819e-08	2.522047931240199e-05	4.106009812831482e-05
ZFP384	3	9.490461034967944e-08	0.21580600311612658	0.0029863903803054033	1.0902870703640728e-17	2.49691145880095e-19	2.526316197793752e-09	7.802632908848683e-06	5.348988620171179e-24	0.2944781178582487	7.51789928002309e-12	0.3697121867028101	5.0000419130877224e-05	0.10756238233582176	1.2495620027014213e-05	0.4725660531892724
PO3F1	1	0.00011974898207178871	0.0012771523652003079	0.05482216410744129	0.35932267458680367	0.004119300481009741	6.577543738532746e-05	0.3419216720372639	0.40643823288156355	0.00046100824778300923	2.7135478196772707e-08	2.1884318943373067e-09	0.0001662828664446873	6.964541873670028e-07	1.0880283495302241e-05	3.81552440671839e-09
SCML2	2	0.007729110110461087	0.06556601476700791	0.02169910975782626	0.001464852136439024	0.023531803419005584	0.3407394779623346	0.12963130102993742	0.01725779155141315	0.002582833379954611	0.08012501713343467	0.00023734888236713833	5.8746070440236426e-06	0.07002828952410108	0.00479234336689602	0.000750021443213254
EHF	1	9.28515141525918e-13	0.0008859697453783215	1.7427715496173624e-07	0.0003592558577921688	0.08104722384155424	0.004898512461171065	2.0859519387737322e-09	0.021072864187442208	6.19735574518967e-14	1.073881282072479e-43	1.1083578873078903e-23	2.8750737509861014e-14	3.126758022022676e-07	7.927731818183636e-24	6.956927830134978e-20
MK10	5	6.137197878260654e-13	0.20422098343371328	0.006673045523932424	9.339431709234898e-20	0.007938715334666547	7.161002025263222e-10	0.00013309918258656275	0.3016978786807955	2.437775280355062e-19	1.6784335302598103e-31	1.525396403214813e-13	6.163988900245495e-08	3.0850830490679666e-15	3.211580225747072e-29	9.710401296467159e-22
HDAC2	2	1.8042777268392786e-16	0.03212730661004616	0.062087596602217986	6.694408390160921e-11	1.8271465567303204e-05	0.0007178742132734724	2.832986961291408e-06	1.106287753381396e-05	6.252884643322347e-11	4.7545421977314614e-45	6.142011221752456e-27	1.730875959262768e-14	1.0235221537006315e-21	6.305256592180951e-36	3.460636288997495e-39
IRF2	1	4.072448304186789e-12	0.028132950003152284	0.19853865504663007	6.28123319057865e-14	0.002813248418650117	0.009922317551667094	8.277614692866892e-08	4.323983869524502e-16	6.703459991459816e-10	1.8205866883193565e-19	1.7155573460481305e-26	2.8106183570435387e-26	2.322981881203625e-10	8.992612764212263e-16	8.009642988307898e-14
ETS2	2	3.227288126420974e-11	0.00015575148665652688	0.21802387084377747	8.963439380187126e-43	7.787967781014458e-11	1.1841854012712089e-34	0.2923286449523354	2.6162486252931853e-19	0.00010252860508079075	2.2276225700502667e-10	0.000237872764905662	1.2385634686978803e-17	0.18290821523717923	0.07509235758682757	0.0670107683259614
MXI1	2	1.9693310442712484e-10	0.0025935851439018703	0.18670009473858695	5.855680104423811e-28	7.917875252090546e-10	1.038608622993568e-26	0.06845922158037275	2.2881544711414884e-19	0.00041921182402688504	3.6162062007445954e-22	0.01911556159860903	0.17738573885973913	2.2033102997871594e-08	2.306619636664166e-10	1.3829860195095949e-06
TBX19	1	3.098096602260565e-07	0.029356654867478085	0.32522807520507163	1.5354980680983495e-05	1.1183536509288366e-06	5.731348498971147e-10	0.0015836667169560543	0.024768325663188703	3.599060917432873e-12	1.4738326105678558e-23	4.33969799873214e-09	0.2974083224189651	0.0008077950137675235	2.6730786952779456e-12	1.377292534349852e-07
PRGC1	1	3.4533028814066205e-06	0.00070592921310627	6.936968133217014e-11	0.00021018069914214576	4.3215893676647786e-05	0.25574303609206633	0.1999056012531441	6.057224230317012e-05	0.0001153950661439585	1.339932023260276e-07	1.3034732352396718e-11	1.8157631645236545e-05	6.548357590825317e-12	1.840518293526042e-07	5.645623689370328e-06
ELL2	4	0.0026108835486916685	0.12258856837928186	0.1598411876491289	0.07651801330597899	0.3345196344091199	0.2763416598645028	0.0033922979070416235	0.13075036511209945	5.228031445211361e-08	2.4969658612290217e-06	1.550046045855067e-06	0.0002433530506730356	0.014838459795022949	0.006012365184691257	0.002532511532889076
FOSL2	5	1.210229634718071e-08	2.976049815880462e-05	2.093917251818967e-05	1.8211724077666299e-31	1.9828345628275268e-10	1.9386749069905075e-14	8.477850816512793e-05	2.980442716573459e-25	0.20550296896511483	4.424603729359274e-05	0.04737077129584803	1.0554308412524005e-08	0.004128769364268957	0.03194546238867257	0.21876490500976506
BRD4	8	4.111386359817222e-20	0.002830529330347589	0.0023019148520775044	2.0481939349720494e-45	3.3238539209751763e-13	1.0243553807921753e-24	0.0008563490424003928	6.891978362629034e-20	3.779642587067215e-12	8.244018418997065e-51	2.707511673998822e-14	0.21838384370865296	2.882012181113333e-20	2.157397489456159e-38	1.2835543540413409e-30
MYOD1	16	3.615604967438176e-19	0.4388055785606801	0.004876121229436896	6.744082673600544e-05	3.5096587318070774e-16	0.00014539828200282501	0.21889492578720487	1.246635586971204e-10	0.01149613315629127	3.300185490826056e-54	2.085979688061558e-56	1.8444511193470982e-11	2.302567281448324e-19	1.670305879613524e-29	5.78347738968759e-53
SMAD4	2	1.5394065545387766e-08	0.1366242566542265	0.07803004071314122	6.27315193234475e-08	0.005859697960533957	5.674550719633854e-05	0.01649953887509516	4.45713175710059e-17	0.008017529620941113	1.080789635885677e-27	9.596920591001586e-09	0.00015955123759242294	1.182611426875917e-10	2.4050907745130646e-15	6.800640680858186e-11
BACH2	1	0.0002669529988883161	0.10987083930047252	0.18760634462497375	2.781832960543943e-10	0.006549006357234453	0.00018185680923995075	0.322453255450875	2.7214041193094527e-11	0.18548386212867643	1.9088715689408506e-07	0.03754278617917844	0.0014464454002033726	7.761290958609632e-06	0.2794491122608678	3.735195841450992e-05
SOX3	2	0.0175837625603089	0.0901191002754598	0.029106283701777754	0.17349265130889385	0.4831417134766522	0.46777699451252075	0.01946261093935349	0.2858035691017291	0.008161922242567376	0.0002720700978755591	0.00038914511108219377	0.012865201947328108	0.005578237434856405	0.009943682369178993	0.0007656897361261211
ATF3	5	1.4510236509309594e-12	2.0572554615590306e-05	7.717779721580736e-05	8.663180424609767e-52	0.001035738262338691	9.8191115268133e-14	8.484871187089891e-09	1.9344058747236035e-25	0.037814913058251236	0.06153441297149909	5.56483667634147e-16	8.07548465389615e-31	0.24904223824551477	0.00035739344860589116	8.583176861922935e-06
TBX20	1	0.002207631723929839	0.06232037398765858	0.3275073110471699	0.0001277335937502622	0.06325757999301276	0.007653192894212228	0.3340381474432128	0.1071648113659718	0.004145859128555377	0.0004520253714344668	1.512964678524718e-09	0.16152774678635842	0.024592773654006243	0.00037845392388260866	3.3910897292271603e-07
GATA2	18	3.6995199401362935e-09	0.16715377936016565	0.05024702831731558	4.73837741820947e-24	6.889631815092243e-14	4.787264700829524e-09	0.07062431404835484	1.9132988550122832e-29	0.21390775651607136	3.467156412454091e-20	0.03148490690586552	2.4367388117168235e-05	1.7508101345791636e-07	6.445516934235676e-08	0.07898603366207471
CHD7	2	0.0002950604302843194	0.36911342559895316	0.009721667113818387	0.00012515802081885692	7.0482452756233855e-06	0.21699661818263294	0.4931715202875539	0.0007229413891324199	0.3062932607491388	0.0002901998899136523	0.00014270647211949176	0.10091114062357241	9.613254799658697e-11	6.877776411537868e-07	1.8290403889967066e-09
SMAD1	8	0.029207215488218388	0.3817113407488522	0.0105273892732578	0.15445152845412735	0.010781638442477605	0.11416076246383794	0.06708371736945924	0.01333220294183774	0.26633503562493527	0.0001710358632182818	0.0009968173786941159	0.1356382415005551	0.024491661300899435	0.03552429868047924	0.08979177517894923
USF1	2	0.0001907439059692681	3.0410432862681292e-05	1.002742554760931e-05	0.00015308928199172158	0.0024940910560665996	1.0917708503202418e-11	0.0018536006822711607	0.07002353751559547	6.392800014256304e-06	3.191710692119454e-05	0.4485033703176871	0.18887665624906716	0.18826122799694286	0.00404051866303393	3.8903789252595056e-08
RUNX1	18	7.75701529406728e-15	0.21638944298972398	0.15705548216929185	5.76260077518681e-45	2.0104649456561478e-20	3.2166080846466926e-26	0.0719571500321806	6.066354520256312e-36	0.0022744143433922645	2.965114835773216e-29	0.004372187942109463	0.004028761586393837	3.2053670315216426e-16	1.970526148363936e-16	0.000688461262267477
OVOL2	1	1.247611662527338e-05	0.4693425914995746	0.00033729656136435437	1.7384225331767312e-14	4.3215893676647786e-05	9.50675341557534e-08	0.03229028167407906	0.0022648338674880726	1.5792290667510186e-05	2.5871223229663975e-16	0.0005237619435663822	0.3476929851238425	0.007808938789734543	1.4155985991280828e-07	0.003254968000391094
RBP2	1	2.6784978137198352e-12	0.004296074698824177	0.15162811691286715	5.275095614785077e-26	2.7037493132925353e-09	3.503546235615058e-15	0.0003357437321634621	3.054986718956594e-05	1.939047121923339e-11	1.7995079932970857e-21	1.3292548747040468e-09	0.0021504079105926738	9.830189212906914e-20	1.1241870433941965e-21	2.6584777084304026e-20
USF2	2	1.273907816363929e-07	0.055955320298637826	0.08878472660668309	2.0988512817136745e-06	0.003586223099030072	7.706180582802103e-12	1.0786387542047664e-09	0.0025334266820782048	3.020935755621085e-14	5.07592308997212e-23	1.0854965855219852e-05	0.17585845845433493	1.226242187012082e-06	3.846329362890597e-09	2.726709697946867e-08
RCOR3	1	1.1138427895484476e-06	0.2153367699769301	0.4902837334268731	0.010088462966796335	0.0036632750946111164	0.10182128459322602	0.2613895643602812	2.2144857836768495e-05	0.328321513504099	1.1189054694325728e-16	3.2762031189083365e-15	1.0035428027278682e-08	0.0008006560763306309	2.573204221201345e-15	7.905965636574275e-16
MAF	5	1.932627372057303e-09	0.00035449120229836113	0.00012319618308755863	6.496288664593045e-15	5.269922666232727e-05	4.560384892113586e-07	2.6156873749892975e-08	4.997318604189807e-16	0.0017374069488146043	0.011176575122868482	2.1558290087509326e-19	1.4155275904470856e-20	0.007873666562208769	4.196416582525447e-06	5.811370485889781e-17
PBX1	2	0.012178867458375393	0.3479351977789462	1.1233399445906892e-06	0.0001895176146619884	0.12885975151427687	0.048181587600815895	0.06861565911663202	0.3273185692917788	0.01067048433871891	0.020655082118962588	0.215854202415497	0.21061950722552977	0.022128745101090315	0.00045502955948615307	0.0015155793311118612
PPARG	27	2.4140790062652786e-09	9.046049265413439e-08	0.0006586779440123301	4.340166499664686e-24	1.5200022284511127e-05	5.98261152865713e-13	0.46460152751250144	6.986352006101049e-17	0.0009728588508428073	1.975978295443379e-12	6.54012742459233e-08	0.12975512438032175	1.0095993619497158e-10	2.0577829240118818e-08	8.825204246834469e-14
KLF5	4	4.356869584016986e-18	0.07156031716905971	0.005682338390750977	5.484149019480064e-24	1.598577399099559e-11	1.343336490778865e-08	0.0019778863652366255	1.5073920440684105e-06	3.306235348839951e-11	1.49553594286868e-46	8.275642631501405e-32	3.7278694066920335e-08	2.4449949715633286e-22	1.4016530422292221e-36	1.1898101720986966e-37
HXA9	2	0.008306972196713294	0.0017352334876857554	0.03246448499449581	0.00012696267847433332	0.3144394206191829	0.021472678527427756	0.0036981028255361537	0.062278111940368086	2.1551194857057773e-07	0.19743324878170085	0.36459281988310327	0.3030805956251678	7.921075165696736e-05	0.07171554453572927	0.025082055724980054
PRGR	4	3.707737659612339e-12	7.908149740349558e-14	6.546018775022766e-05	4.6674509281208554e-35	5.248851696136594e-21	8.699913807775686e-31	0.0021419736602476033	2.561698494086843e-29	0.06343122564227525	4.236713756758007e-08	0.25652478460856093	0.0002536772935723695	0.0765103540368599	0.00012486017358537716	9.174563101568158e-10
HCFC1	5	3.011409902380048e-19	1.3108170980935413e-07	0.01166954742280037	1.1850162679487048e-56	2.451978419474751e-14	1.24174798745311e-44	0.16950780011124558	3.945262494869345e-29	8.34280396503505e-11	6.214840712271941e-39	0.00018091091376711723	0.4893455750649288	1.2431597393679471e-18	2.996665251546453e-25	7.991981551045594e-14
RFX6	1	6.710967684681899e-11	0.0008034942048781527	9.002770650473811e-12	0.019775242141034523	4.224481090563052e-09	2.6068943586242844e-05	0.0049549162967734055	0.01159315761753366	4.6359022992265916e-05	6.547076469144421e-16	2.679489502628438e-23	2.474168826134237e-13	1.0728265769661523e-15	2.305306489517155e-21	8.34555415867279e-20
ZN281	2	2.492826735213651e-07	0.0007497062420080945	0.004814260811411913	0.0008815936877978221	0.31179564451153235	0.0003791620248493511	0.28413033078193467	0.009541371644432252	0.17116545471443356	1.3180106203366235e-08	2.9083541400441924e-15	7.364178572433194e-13	2.645065133575844e-14	3.2234535396567713e-11	8.517505045586075e-19
MED1	27	8.413489082106969e-15	0.001977211231962547	0.2510842003063133	1.2693512956756831e-46	1.5100067015469157e-13	2.1777916835319883e-12	0.008356643358054153	5.733645315529289e-24	1.4747112306341606e-06	9.519101278147476e-36	4.588643438462699e-09	0.22838306031227776	2.5612598750182114e-11	1.183845865721363e-18	2.0107300463385616e-20
SOX9	3	3.801927601401664e-08	0.0032617173676127366	1.492378845824849e-06	0.35932267458680367	5.2172802731599095e-09	0.13461552641137534	0.0020904731268316006	0.010430708842240151	0.32813738734814507	1.0610294225721605e-19	2.081311925636794e-25	1.6670947513103656e-06	2.4980330336668896e-10	3.339956493965592e-15	4.8834465733917876e-08
JARD2	13	3.4984230012660485e-12	2.9713034273081816e-07	0.0024864256458740127	0.003026469379270292	0.038475911572484464	8.958527530976909e-05	0.012435120919228784	0.033056972266667296	0.1025817925798162	1.2804046242297968e-27	8.527736558078966e-39	1.9865449183178787e-19	4.151979832161327e-12	1.0442416705624895e-22	1.345888668622592e-22
NCOA2	4	4.777634434702959e-08	0.0006121069193423643	0.03911129101452474	9.696753858389824e-17	6.517337428548683e-05	1.6062279686362364e-15	1.1568344171437973e-07	2.669627778985751e-16	2.6395694899595342e-05	1.0846839169905899e-16	0.4816386273927016	0.2588287886126523	0.0004482566190613705	2.688229764612918e-06	1.0001437464457277e-10
LHX3	2	2.8472773397451423e-07	0.3915374155075942	0.09176805240829881	0.038627755064860055	0.00019735918210768622	0.18153512566517427	0.0021772850575373865	0.19807786085976378	0.00047688039789213287	4.333458834735415e-18	5.055768966259211e-18	6.203942875607698e-07	8.378132793359224e-09	1.2743228018434586e-16	1.5508059719599977e-13
TF2B	6	5.873115726080827e-15	0.004431439461039385	4.5392222588969645e-10	1.2848734507493748e-29	3.9969054167382424e-07	4.2441076539905175e-15	1.0382362617980268e-06	7.50313300382877e-20	1.38830233024836e-13	4.467323554610567e-50	7.435141458122997e-08	0.38568995864759736	3.2812395286937334e-10	1.3036526850591027e-20	2.235966157449904e-14
T2EB	3	9.945410555212909e-10	8.492552675131071e-06	1.617956921584168e-08	6.451311087676539e-24	1.7502785610517577e-05	2.983117987533142e-24	5.687099117161412e-06	1.5099427619742644e-12	6.049665828144106e-13	5.1133454437183166e-15	0.4400862136037	0.21327998122249123	7.462627537341262e-05	9.282947336838122e-08	1.1586010521178985e-06
BMAL1	9	0.004784083566714861	0.001188456064159797	0.22073725618705348	0.21555435783605958	0.16721897971060845	0.0009625965173011694	4.1030364604720267e-10	0.25165674378430225	0.0007931002533156784	0.26945472194579173	0.06411202990501827	0.07605778580001964	0.21421821755114828	0.3161336942827611	4.960197130313365e-08
AP2C	3	1.1151733838422165e-17	0.07454139942235477	0.46801635420290605	1.1211978594057635e-15	1.0226992639239023e-10	2.1765816664143372e-09	0.07582994567725128	1.4333779928858894e-09	4.553033269075281e-09	1.4058196219062507e-49	6.446325651770576e-31	1.4760135673428122e-12	2.612982251561955e-19	2.1357104822277403e-38	1.4302648442921233e-37
ATF7	1	0.0064727192346221455	0.0016467517027812613	0.03180973228858448	0.00010660962735862155	0.00012034228710727186	0.17573517483316153	0.35581505466928376	9.438562658072546e-08	0.011655421323730656	0.30421288120969936	0.2933357532246763	0.005200056814200915	0.4413315507179926	0.1312605394719422	0.00018232458758560697
PPARA	4	6.453432797564891e-05	3.793412182470039e-10	0.01985342338413348	0.24970310270706236	0.032246266119394226	2.2202554204390714e-12	3.371028571845598e-13	0.19237656959954	3.431809992419575e-06	0.48342414742338397	0.32736475829708706	0.05652808795833528	0.09085383039892132	0.027955778914994196	3.191700213673422e-11
KLF2	1	0.025471480646350464	0.12186969281454955	0.2801115605529099	0.4937092260287974	0.25310621518946025	0.1226551058340075	7.967892475026212e-05	0.1049545573818472	0.1989746370435237	0.02087568305980946	0.000853832368357003	0.011858263337322164	0.00043873824455719485	0.06711451541064169	0.008930451201524383
SP16H	1	0.00023230172584075073	0.03160424939831695	0.4672199002138602	0.0009069517482307928	0.27843262691916676	0.0015486786707803422	0.0005302823613668866	0.49692353052664	0.44092335566308943	6.840367163558756e-11	8.993475485241032e-11	0.015032545327537481	1.1286922075184568e-07	1.7295917961868702e-07	0.001100229258330095
PHF19	3	2.6375875058844056e-06	0.0003105438658174957	0.0011774319177062758	0.00026439532069103704	0.23912096129426189	1.0389925825546342e-10	0.25863992826087656	0.4327818044926679	0.2694410221594183	1.0732147517125786e-07	2.961633015437608e-17	4.022443570708321e-11	7.628143948987395e-05	6.963533928091868e-09	1.603130818734434e-10
KDM2B	10	3.2339870002808925e-23	0.4251233400184921	0.42867669431599487	6.821475648199759e-16	2.677720626068236e-13	1.9640498459812056e-11	0.0002698201584810265	4.9257317679661844e-11	1.831534760210051e-10	5.628894466462374e-62	1.1079368209584542e-41	2.40447320383268e-15	1.6064153452521193e-29	1.1410570032442803e-56	3.129041389790524e-51
CHD4	15	3.938479872308828e-21	0.24820130772065627	0.01166954742280037	1.815477486038282e-22	8.383344457604016e-14	4.86267517023213e-06	0.011576737307188133	5.405940455828216e-22	0.005332696664028316	1.8994116195761908e-53	5.637349366785983e-39	4.54606377722209e-11	1.0581912482323305e-32	2.0828497129981184e-41	2.815161573514643e-44
TGIF1	2	4.383218318445835e-11	0.2990780518347735	0.003512989770351306	1.97938158856479e-09	9.451315971102938e-11	6.824121484289191e-13	1.978821310038462e-18	3.677386921502897e-08	7.349281767860536e-16	5.599470310096668e-35	3.084138611977645e-05	0.10154277042147482	6.069057900156584e-07	6.239143760778491e-16	2.0286472052633882e-10
KDM4B	1	9.98536167756138e-11	0.004758257005674993	0.041794674652263004	9.83597056236629e-12	9.784900626980549e-07	0.0004863473652994311	0.0013452729376299646	1.7049921357326496e-06	1.5792290667510186e-05	3.5601640843203667e-22	1.8008180301732318e-15	1.4241873867929519e-05	2.114111244444825e-21	3.8811069532638803e-22	3.878250043374056e-20
FOXA1	7	3.5222464214796996e-13	8.59535333830273e-08	2.9311530819235778e-08	1.3701835976840205e-08	4.158493017264526e-17	1.4681528479119185e-23	0.0003461265108138521	5.075671265784336e-12	3.2697227635983355e-06	1.1186207928413578e-22	5.810478395293599e-08	0.029743564213696075	2.4058166316627124e-13	7.872059125093721e-18	1.0204932219171334e-32
TLE2	1	0.009392668742647327	0.3745483621274625	0.00013835585594387556	0.32104858528027547	0.37315841594083904	0.0012488277849773569	0.0006428937411367305	0.11274907520504118	0.008161922242567376	0.04470093934992413	0.0010925020061071083	0.00033775655397769557	0.00044889011314007535	0.11793353875025511	0.010385069225937541
TOP2A	3	7.354651822074955e-16	0.2471764349155032	8.702691882448228e-06	4.882884268434651e-09	4.404750956980687e-05	0.0013294001061168524	0.11827286413198189	8.854917744835672e-07	6.814869310621827e-09	5.7232687578909125e-42	4.432029613258932e-37	1.4185491126416222e-17	2.086045286248451e-17	8.656367197658735e-31	4.7498262669798746e-35
SMC3	9	2.900020082999931e-09	0.06579320274350726	0.0003702636296134085	2.1254988591001543e-13	1.0025433642870227e-15	0.0003868106011544549	1.1568344171437973e-07	3.7722745286028516e-29	1.3577456086391178e-08	8.940403765566621e-17	5.786905348148236e-09	0.13209276521858923	0.0006438662088366939	1.3194326089702552e-07	4.308253945377551e-06
CRY2	1	4.839576582163809e-06	0.015677972927160763	0.48677318126082114	0.42876090920515636	0.014586827139423785	4.198296100534483e-06	6.5932190643558e-08	6.169942443115449e-07	1.7783122080779634e-05	1.1056551689324199e-11	0.00018900880028615858	0.0015241297723992723	0.0004946626339646603	5.262666110177762e-11	3.216712674418593e-16
E4F1	2	0.09821244866126207	0.4693425914995746	0.004778790784362398	0.12297618464693072	0.09889251487749427	0.005247903044372776	0.05467289696216838	0.12209608120305049	0.35125924837642036	0.0408738624917555	0.1970742683818759	0.17572437536118582	0.2596709445695608	0.4182629307402811	0.15054675556162567
EGR2	7	2.9306963561809425e-10	0.00406007987532486	0.29072997980038867	1.0800101526964783e-35	4.372727500834495e-11	3.2062384219677064e-13	0.3168793135290207	8.455616110044729e-19	0.0001273998632759586	9.371442304395255e-21	0.0008183986357018533	0.1793840734853602	1.0146737616059998e-12	3.0175967801439387e-12	0.0013416527305091792
CBP	20	4.737641087918967e-13	5.873846057080293e-09	3.6202419143169375e-07	1.0330787816238517e-47	4.148661984034812e-11	6.522364053342215e-17	0.006894919192605692	1.5297507760345444e-25	0.00419159223935445	6.688381980317589e-13	0.0031046310865265	0.03152993203240502	5.340813969033042e-07	1.3963083178961207e-10	2.2366176048949105e-23
FOXP3	7	0.002601432628410215	0.03506721650362842	0.13542954694027848	0.33173095113133416	0.011680496890510083	0.0012521236289568492	0.0009990616190971389	0.0008567101176757979	0.007489519530311951	0.022266373150352164	4.043790447489727e-06	0.050075949597458126	0.03381989265462332	0.0020200548962530226	1.4288415661433257e-08
RBBP5	3	1.333419719891213e-06	0.0006266696949082072	7.915824764563038e-06	3.932621575649439e-15	8.783722889361985e-08	9.032290748812824e-13	0.0013186139053424572	0.00018092960719345153	6.411445737666497e-07	2.4232481591570287e-07	0.385427362421804	0.053954950931932116	5.48758221084946e-09	2.4015684730436e-09	0.0035728243097372654
BCL3	1	0.0011771415539227612	0.00070592921310627	0.2927480568925258	0.0002643954525087965	7.677962947480025e-05	0.08079145347145356	0.26482072646837773	0.0002542441780713487	0.28050232452937796	0.00019239849457852872	0.00047482475414028396	0.04603267619319697	0.00016037583769197293	7.862171995736904e-06	2.8897408958165534e-07
ATRX	6	0.00018711015774300154	0.2566676918067351	0.15705548216929185	4.416609422359356e-05	0.21433320671578152	0.4981029213308289	0.0009291160541169917	0.000860495821840205	0.001572669855590113	3.923975874689212e-10	3.561570250663189e-05	0.00786635619058949	3.972520539005174e-06	1.0703487314860998e-05	5.771013153791424e-11
NDF2	2	1.0598498745377958e-07	0.2330326126706698	0.09356253240695458	2.5724733638827914e-07	7.018460425339272e-15	0.44776938004416167	0.3304499024679042	2.222972976672487e-08	0.41558577931508006	2.1054638346505605e-20	8.856723534219668e-16	0.009605691612744452	0.0044548785895772575	2.6893861995241922e-11	1.9539618678725724e-17
ING1	2	1.2741239495845789e-17	0.011363709946553639	0.0011042256517122548	1.0250522762957013e-50	3.181028853175107e-15	2.82231124773837e-20	3.60024621017089e-07	2.352411616129666e-17	3.769805376255174e-18	3.653893556047135e-47	1.1965346380155028e-08	0.07304882339526787	2.4596705983303614e-10	3.753363765466176e-25	2.7334463979753088e-18
SOX4	1	2.7214110649812387e-08	0.2870654994564156	3.734289442110197e-05	1.9503615440677647e-17	2.098637225890885e-06	2.791193242183002e-05	0.16076296649247807	7.596838880453732e-13	2.3188645106902628e-08	1.4789912380760616e-27	0.0002638909166550723	0.29134964642709243	2.1723273477235968e-10	2.5042148516377783e-10	0.0005696275320568064
SRF	12	4.2042528091955155e-13	0.00010857063953636102	0.001052588050504288	4.8196366805288994e-29	2.8033662578130344e-14	4.9664842700623644e-14	0.0784383999375685	1.217481457415843e-16	0.004250256631966488	1.3754578592783092e-29	2.0901947195671406e-12	0.20537942973348336	1.0949851037580152e-09	1.0571280738137758e-21	2.533940730748977e-21
MEIS1	11	2.30338910496089e-12	0.052227348084885834	0.0006572093988533225	1.0819400180853465e-13	2.1755342407956768e-06	1.4828598757848558e-09	0.003328079931216148	0.024005698391589527	5.183648601485961e-17	2.0581652537389374e-28	5.56483667634147e-16	4.19929408318206e-05	1.1817120742306413e-18	2.688461730760485e-25	1.561001143064924e-21
PKNX1	1	1.6489445677445127e-06	0.1588947785719478	0.241321516199413	2.905521257823809e-06	0.0013285562826621656	0.0005081375174062699	0.36656124079024016	0.0002827558704718452	0.00021230697019729503	8.681225649898781e-17	3.8523829072645864e-10	0.0020314723820075114	6.949825172865301e-10	1.0916803968140746e-10	1.2878954517465994e-13
SIR6	9	5.781492718069288e-19	0.0005600064598396302	0.12491608342600845	4.8993112667510224e-43	4.498947663647727e-17	4.095472409683629e-09	0.009482261563639191	4.745252532542511e-18	4.84396299660571e-14	1.8509828788289331e-50	1.1444210809248295e-17	0.30921769368021107	3.856998170471251e-17	1.6016240208113997e-35	8.37073737671331e-34
RXRG	1	0.02908898473716208	0.016947201940183697	0.11898698847714637	0.00474298734576798	0.007124381016472432	0.0032665210151349667	0.35581505466928376	0.004009369528078955	0.0024936476672405197	0.49301964283160216	0.03295264939497811	0.0012651884183058253	0.08868381277480546	0.4673004769601763	0.4605025197103116
RARA	7	2.386708543293827e-14	0.006694613816065742	0.25098470493170955	7.400042947065267e-20	5.6401133228350706e-06	4.920426161653648e-23	1.1313029464258531e-10	0.0002650570129756224	2.7160988827160677e-27	8.605362222528067e-29	1.5220770130151968e-10	0.009339450758544665	1.4505840522779631e-13	4.1579144220781975e-23	9.386085233159437e-27
ZFP42	1	0.00784804071515822	0.2336933289544086	7.254098213430588e-05	0.38419023988675194	0.4587691678565314	0.39177192681744955	0.03909557549361738	0.017439688764072127	0.0014821633384317738	7.683788315584211e-06	0.015345571409699678	0.08448464680113488	0.0007581147017489399	0.0020643105884242045	0.00018232458758560697
KDM5A	3	1.1500793511298719e-09	2.102277530326077e-13	0.35879453907248876	2.507203745971277e-28	4.621059226542581e-05	1.9264286515703553e-37	0.0739937528681887	0.00022660988598329165	6.39227298975117e-11	1.9743651746252923e-08	0.4322626946672681	0.00016952650229194448	0.0006949549415116227	9.034819238571154e-08	4.320670465568891e-07
PRD14	1	0.07735679178338638	0.4187736439350846	0.08299701744407822	0.4134900741474357	0.28674021684995427	0.3565484485862394	0.3990163506121703	0.06595165718848094	0.3696618307891016	0.0003259454552910382	4.275822377182271e-05	0.2903738328544316	0.30404861420244683	0.04428757737301319	0.35277369418202453
TYY1	6	1.789109551966556e-16	5.057909524421615e-06	1.5816470356849113e-06	4.694594760986998e-40	1.2141815602478341e-15	4.521441754394655e-44	0.07586284969191776	3.313995566731545e-29	1.1290382821868112e-07	3.754005720402075e-42	0.04015916536031897	0.0006457441030597654	2.9037894936910105e-09	9.507433043796609e-17	2.1888679613935977e-05
NCOA1	1	2.8857578654523974e-05	0.07762422403035019	1.844335640102682e-10	1.1721053951797094e-05	0.0006960574263443463	0.0022073574653892016	2.3304381293603114e-12	0.04288430572929312	1.5222871154728279e-15	8.945550452853942e-08	0.030591098242002915	0.03525190225397885	0.027179108246626133	0.013238144355458475	0.20400332804176455
NR1I2	1	0.021838789471372376	0.13410276530609375	0.3605601442508409	0.23171259570156585	0.21169507218922926	0.04019642281982966	0.018722476614004422	0.24529605208545155	0.039322180649201025	3.194106013817293e-05	0.004020996105170074	0.389068240502792	0.44483535115114314	0.00016761130319890993	8.750518933434719e-05
ERCC3	1	0.032610193034548735	0.13835893882975703	0.002530603507137199	0.18191081702031145	0.3607839393605288	0.0013232707863981795	0.12563248804184426	0.004728617889148423	0.13100271172162445	0.11672956254968701	0.0023580460941730664	0.4367865889850881	0.029308651631091386	0.3834946737252364	0.0004809360308209252
RCOR2	1	0.020411391317090136	0.49038505090850487	0.08299701744407822	3.6118203875677146e-05	0.004583391710441486	0.07349104579902667	0.017153927727220752	0.002480100662053063	0.0009728588508428073	0.20897227769179397	0.02126054600562888	0.0029074121247492464	0.4576119721787282	0.13005608639047186	0.13828937150007173
GFI1B	2	1.272058564472214e-06	0.3535390376176981	0.4226065842753547	1.120051364973669e-12	2.4138950575706953e-06	2.4447068204930093e-12	0.45874331385277883	7.272744269745076e-18	0.11263803739424524	3.6820654260291344e-10	0.0436732582079063	0.015818268925340797	2.143524958629346e-12	4.298555193408396e-09	0.03339431229333727
BMI1	3	0.007253763576128548	0.3593074747265631	0.03769665156321234	0.0427602286531682	0.09485725701957097	0.0005407308933617357	0.45837201977289416	0.0959506863758902	0.06142347096571514	0.1693479939024598	1.0833375808059862e-06	2.7020009459406747e-05	0.00023406914870312783	0.0021135315359313996	0.005673407119326974
IRF8	12	0.0	0.00024467888912245385	0.35800739257118536	6.158140294269822e-34	0.439953096880167	7.14571509875756e-05	3.4141472510819593e-32	5.7646116046262196e-77	2.3705864420910402e-49	1.5416280700097997e-24	8.383291867846236e-54	1.1922291287906704e-75	1.1073888801685978e-19	1.7519529528143956e-43	1.061297462351917e-57
T2AG	1	0.009450045278214986	0.07917463908699532	0.031798468674323184	0.2952128445528988	0.009463301297022558	0.053687608184394164	0.0010330878787028477	0.16965841271419094	0.0001153950661439585	0.09028546236529682	0.15632780680885422	0.006698951717247745	3.011375694179048e-08	0.03777898785740758	0.05513839305795983
MTOR	1	0.00014033037961154397	0.0013978371137527957	2.7676379617159443e-08	4.887502131372935e-07	0.06273237649817272	0.07556119170035187	8.261480920974883e-08	0.001064167465690629	1.2195161239600928e-12	3.4301371684374096e-10	0.20043393521892525	0.34385755156992326	0.33815203006638256	0.04697553264759806	0.3182584973251565
SRY	1	0.0011667236673853943	0.004016347558638382	0.010827345085366787	0.026054818549226817	0.03133256730980937	0.0034581698841841483	0.00012059018958329029	7.669850797035135e-07	0.11671950589045708	8.000073959673031e-06	3.3591272453591674e-05	0.0019331671386594465	0.0014580359003034528	0.030252589353499112	0.00028517110484053054
PKNX2	1	2.9398765033451508e-05	0.20958345715764284	0.0034901824553618434	0.13861805239677139	0.24100903425311465	0.02466300980520996	0.11877665348818563	0.36518848785893815	0.004117321693178714	1.9850522560948238e-07	7.013482324691709e-10	2.714293125744001e-10	9.854384854641987e-07	5.446074929974428e-12	1.650305724405709e-11
FOXL2	1	1.942305356737231e-07	9.427631391900646e-05	0.11284036166789552	0.02515099563113231	2.8338455378071312e-11	9.032290748812824e-13	0.02376221712475022	1.3096410114483695e-07	0.28195867155605514	5.21048297699686e-09	0.00024099142221131373	0.00753005944490016	6.957371521901449e-16	4.360238275595343e-14	6.309438490945507e-14
SRBP2	1	3.782414792568055e-06	2.46372860124253e-18	0.00012319618308755863	7.978763023127441e-06	0.4547176577308266	0.11453806443928649	0.12299937728844859	0.45439172418600804	0.06343122564227525	2.2975461378538113e-05	4.399214730551566e-06	9.799153282073848e-13	1.2791403173466701e-11	4.108312996546797e-07	5.271141933709151e-07
E2F4	11	2.9505907364189895e-12	0.10044043949826932	0.03846363950883605	3.1198661314049155e-27	1.0755498514302115e-18	3.015105570552637e-24	0.43905580641172026	8.643951013584934e-14	1.8447164455553591e-09	5.024400008793417e-36	8.177703739961586e-05	0.004301772122633878	7.363233242805065e-09	1.572249453047905e-14	6.7699116945133744e-06
CNOT3	1	0.013063350260892774	0.11461260623672487	0.02401549627112106	0.3406811799252986	0.10598305673257237	0.29400746430882974	0.03380331727044281	0.030527070412187045	0.26633503562493527	1.2387674056111639e-05	0.002718222186853879	0.05292291237286285	0.0025671095898547247	7.411004865221083e-05	0.001548047886603501
NPAS2	1	0.0002524038007744495	0.020102189809363402	0.007305374104920268	0.30100443281260714	3.477292494458564e-07	0.07792024787598753	2.5319294331380227e-09	5.135444902112708e-05	7.314223988393246e-15	0.0010074349028847674	0.01880374672450618	0.12341239735512036	0.013566064200855637	0.0002454217236250124	0.4804046726452629
RPB1	28	0.0	1.04449146359093e-06	0.049623256011038966	2.027002305671381e-49	4.69413309607847e-25	1.9626824945426795e-40	0.09825298217729912	4.118290174901462e-37	1.805570051248483e-08	9.643033244167917e-68	6.008744864173084e-19	0.009956746975434545	1.228497796956015e-25	5.0029023148384174e-48	1.7809998591321292e-37
NFYB	1	0.0002384936368403368	0.31834066284110735	0.2759351901317348	2.175414147599664e-08	1.1923083741932413e-05	3.0753222464545747e-06	0.44503098764760063	0.2521626294502471	0.00018904136741013165	2.4006069581627583e-07	7.651254332718003e-06	0.0017485906545244073	0.00010260548952158882	9.825811212275291e-06	0.00040017142924059576
CCND1	1	1.0748082225232852e-07	0.45940291159181573	0.004472448608838411	5.992783588329391e-09	0.00041752574624123956	5.093338542782031e-09	0.2762002767108957	3.9296722309247825e-07	0.08671720143862846	1.918898965522761e-17	2.218710168464037e-10	0.00011192525072663262	2.836885522263389e-10	5.324731107682668e-17	1.5476554443074884e-11
SOX17	4	2.093479191476343e-15	0.06413690577203254	0.05755654990543641	3.5134566924734483e-23	4.904872840038291e-07	1.7473805934883057e-10	1.0218157370206005e-08	1.7526600437461776e-07	4.151141074786179e-17	1.0298710809778232e-37	1.3559192099292711e-18	9.018114672446215e-06	6.885616282647538e-20	1.9046331666539288e-24	2.2755380426314907e-31
TLE4	1	0.009392668742647327	0.3745483621274625	0.00013835585594387556	0.32104858528027547	0.37315841594083904	0.0012488277849773569	0.0006428937411367305	0.11274907520504118	0.008161922242567376	0.04470093934992413	0.0010925020061071083	0.00033775655397769557	0.00044889011314007535	0.11793353875025511	0.010385069225937541
CBX7	4	0.00013897261990230257	0.3015490434170158	0.0003702245481393582	0.03506864586327747	0.19332047282290812	0.24223565200064245	4.303207172926555e-05	0.11274907520504118	0.012495257808599046	2.3357762233058437e-05	2.7655663298420017e-10	4.316964136902621e-07	0.00036032253762473336	2.223829446907132e-07	4.0356568556999723e-10
SIR1	3	1.014394153501744e-06	0.039745934795242396	0.004605210138763706	9.702400126017541e-10	0.0008968097161506784	6.577543738532746e-05	0.0009042843354903909	0.03443712549041609	8.817766402992781e-08	8.107992025602092e-18	3.4255498474492765e-05	0.006500298317816577	1.892354950427844e-08	1.362140162658843e-09	9.124669525832421e-13
PRDM1	3	0.02717640993000347	0.11948840980679203	0.385350668617182	0.09049050699248837	0.014006113946358928	0.2507941791628234	0.006571650375154898	0.0005659273671366383	0.25926454432516205	0.00039004240282386894	0.04803399338860995	0.2918459548041	0.00046417951992875966	0.010515034619853722	0.3182584973251565
GCR	23	0.0015790988947799749	0.4388055785606801	3.531225518568201e-05	0.06784976973302033	0.23593454700763275	0.10024680612592027	3.1389196201757936e-07	2.535600490203587e-07	0.1030552760290115	0.316664989444329	0.49841744113122466	0.17105187089023582	0.0375824376656373	0.01980138676080699	1.462815804618647e-13
DDIT3	1	0.008418415698534866	0.40168726178249875	0.4993913332523656	1.1338166463707927e-05	0.005214661316894649	9.35261296648341e-06	1.6596128713980326e-05	0.0007936446228817683	0.0007670012588146879	0.004473665717806848	0.11782088755701095	0.15678801955541463	0.43774793431882414	0.48849575141180934	0.45340013265839496
HTF4	1	5.24194860954507e-08	0.09495226131570175	1.4563454331869213e-07	0.007159354488119052	4.1003009399937124e-06	7.180844109632938e-13	0.3419216720372639	0.06879567118186804	0.07667344376711678	7.566949204704039e-14	4.9921703643406574e-29	7.567532686880102e-07	1.1981847492005535e-08	2.185378504361527e-06	3.0054958309529546e-11
EP400	3	1.557397377772019e-15	0.0965721706826683	0.2418538255543364	1.1839288447786012e-10	4.368921779852353e-10	2.270055377697913e-10	0.012311707228769916	2.547112247710274e-06	2.1251316122343053e-07	5.0915361511516106e-36	2.756176973483648e-26	1.5061853957573973e-11	3.6230815235966067e-22	6.417054972256102e-36	5.498578695589722e-35
NOTC1	5	7.2645057169469005e-09	0.2144215919187878	0.13091613716676304	1.8088083597643842e-14	9.986718482130894e-06	1.3176534378877414e-07	0.3825388445621402	6.670567195299356e-14	0.013234031149055445	2.4482264355204302e-27	1.001855304627575e-11	0.001493451306576103	1.2277063111833865e-09	4.7730758138694414e-15	2.3536169624515854e-08
GATA1	29	2.9873784726758635e-06	0.00032459546642204476	0.22253059177265017	0.0011648009892147335	6.90647396150204e-08	0.006740364064339175	7.87386681929246e-05	3.144676633647626e-17	0.030670158682736724	7.945993977581385e-26	0.13389439589177551	0.0002576990333526896	0.029308651631091386	3.867189652634796e-06	0.004878036103293381
STAT1	38	0.0	3.221151042786161e-18	0.011493607552642797	3.40426105868341e-82	5.901992866834056e-05	5.842054949129972e-32	9.96602309501992e-35	1.4339746433966307e-112	2.0219264731339005e-30	1.1772758174121009e-10	1.4750820980532675e-81	1.2469791344523762e-100	7.88878684804412e-13	1.3128852711033798e-38	2.526323053274085e-55
DPY30	1	8.972181651592204e-09	0.011694801943316131	0.00015909237292552095	1.456531486012324e-16	4.416767033053484e-06	1.9386749069905075e-14	2.401948780911576e-05	0.0017285093546898398	4.442516661228848e-11	9.448556189463424e-17	0.00018101432677425093	0.1978083022876226	2.1629154416273334e-08	5.055670856673021e-15	1.3835518165113772e-12
FOXP2	1	0.020780977435003248	0.0012711857356733848	0.006245932541837189	0.00026439532069103704	0.003105897533783655	0.007974681847614337	0.026010682853894705	0.0011688857694209245	0.01555963617531903	0.10760421015967471	0.31142942688751657	0.2836934460188778	0.28139057639174314	0.1602532909164084	0.2656348514592396
EP300	67	7.985861073247925e-14	0.0006266205476819764	0.16682346904938863	4.3596050962629255e-40	2.1100707869494517e-13	6.937446626156762e-11	0.008356643358054153	8.219081903411662e-25	9.522430374502342e-09	2.1230009003133465e-39	2.1187910459634458e-05	0.06489882421759226	2.612982251561955e-19	4.634025904077333e-15	2.7817997475526943e-06
CTCFL	1	7.083854429047718e-09	0.2115167029577988	9.68067163122668e-07	0.00926988213510958	1.5601429854717055e-06	0.0534320923763358	0.0062193813840468164	3.0634087725730927e-12	0.007429120967737534	3.735989346132245e-14	8.51518801332443e-21	5.4808323260629616e-11	1.2430038046850615e-08	8.448105692638189e-15	1.9539618678725724e-17
NBN	2	0.014621127557884476	0.15448815121025225	0.005126229791222888	0.0002299051914314266	0.08005249840189786	0.022166508196555895	0.24095313941080346	2.5868014244877655e-07	0.00419159223935445	0.052878283726110184	0.12103962565780338	0.0009107265615849782	0.3508497889296901	0.47530358002643974	0.2486898065734415
LHX2	2	0.06869905234155611	0.008755117850054209	0.07239201042443423	0.06819605240268477	0.13039884855385572	0.002224934216092764	0.05515116485760109	0.37739427363708805	0.43186244241435984	0.08012835174851395	0.3207831108293588	0.21828948360191197	0.12749752889923244	0.14595605443560736	0.0044315720495903795
RBTN2	3	0.000603610600808062	0.011969696082849786	0.2471940935427024	0.0018296429196457342	0.009485023973288716	0.42763558592334827	0.013044962240589777	9.534585157400516e-14	0.3130640987779059	5.947103495692719e-13	0.05189378886518419	0.0063079762359763755	0.0009550428484829988	0.0012213760481894263	0.4389702796142706
MBD2	6	3.526699627959256e-07	0.20383980246856742	7.406380965665419e-17	0.007663238680756789	0.4068993477248753	0.3445792933790764	0.00715525548000686	0.004653894995111934	0.014628600076811393	7.678776289260296e-15	1.1026680519282973e-22	4.861928839552663e-10	0.00026644684291329476	5.539015025726869e-07	9.590517222894413e-10
PIT1	1	7.244966727744564e-08	8.61702736666454e-07	0.01181570052402869	9.892202509161572e-14	3.554682109760753e-10	1.793309480489682e-15	0.02862399975200399	0.00033658578540355895	0.022681504583967133	3.709132749314944e-15	1.0013757330511262e-07	0.21327998122249123	3.420139186039639e-08	3.101635754243038e-11	9.31089688573492e-09
IRF4	32	7.69523017840901e-16	1.1958885127382015e-11	0.021536133408383836	7.131833684194568e-53	7.255544628339164e-17	1.9198075947072692e-38	0.0007597435322289533	4.804801667075962e-45	0.17116545471443356	1.1475900697351074e-10	8.118525030920778e-09	1.5018740127770467e-19	0.0018506615019137237	0.21782204424187776	2.831590312260777e-05
NFIL3	1	0.009084111292190776	0.00033889377063029346	0.22466661684956785	0.0929630633293107	0.22687613255112435	0.19083085326091975	3.2397076857392294e-13	0.3296807088114113	0.0009728588508428073	0.047218612021026715	0.024203989658215602	0.2217217562364557	0.3858971426014791	0.07963880120676248	0.1050873230474767
MSL1	1	0.033432562887179856	0.062290940152755825	0.1598411876491289	0.32256112062330955	0.25149614700191686	0.19083085326091975	0.0035681153449367807	1.0750103168884723e-05	0.28866609657861386	7.279605745879918e-07	0.18441653532007674	0.4269562331952052	0.2529569444973969	0.4182629307402811	0.21058890969142383
GABPA	2	1.7279042366495559e-09	5.392703752083969e-09	0.23982800767925946	6.239397626856059e-17	9.958714104149687e-11	2.4424765690841247e-27	0.07062431404835484	1.5024997572878554e-19	0.01062312423274836	1.031931595810507e-10	0.17131698243200041	0.11227947187047022	5.232320560607889e-08	8.091463273902412e-12	1.1373616074580738e-09
ATF4	3	2.2621166543306466e-10	0.12897614541476501	0.0021578919162981804	5.1346920637218226e-14	7.421750737963403e-07	1.4587542239989442e-10	1.0713422678545578e-13	2.4237454744134895e-09	1.4607376033272922e-14	2.8522282876238744e-33	0.00038914511108219377	0.014373685433206908	4.6895974784837514e-07	4.72918721208802e-13	4.4248082227146995e-11
TIF1B	9	2.3844975941404852e-06	0.37403744130702954	0.39782003916597847	8.071770867255828e-10	0.0008134692717527877	0.07470020418491809	0.007083101437937464	6.25648239321589e-05	3.704311720583529e-05	5.834508155304491e-17	9.038056517362721e-08	0.05798677485806822	4.924888329166789e-07	7.941216069089137e-11	1.3408187296713078e-13
PO2F2	1	0.005308517968757846	0.0017368096299034716	0.0007819931052034706	0.0002455460154905761	0.020052913408159144	0.44776938004416167	0.01499491025443919	0.29584312280692704	0.001539804105336144	0.22971247110546048	0.07579308848711164	0.0011721461493683955	0.0003797203675130756	0.002434335247526145	3.657590958412086e-05
BRD2	3	2.4834777991524876e-07	0.021520174568139434	0.09914178981896644	1.4870826268009266e-10	3.434579649984813e-09	8.015610008126718e-28	0.1617388973055858	7.461096436171981e-18	0.41558577931508006	2.269324082167594e-11	0.3001625166740883	0.0002139139099123564	0.0022303217046788014	1.9176075075438395e-06	0.0012436526072422999
RAD51	2	0.09109132754924039	0.06443328948053775	0.4835167336369727	0.00940273642362971	0.4958926073261494	0.33375276300338885	0.005205825785636393	0.13073275979515767	0.4632703660616293	0.10972956725826942	0.02126054600562888	0.0479300659440163	0.20532816787586783	0.08311378662535815	0.09284394251102246
TBX5	1	2.3504364248874017e-05	0.03405330789368038	0.1951521254291791	0.00014710676085461622	0.00017872477167951237	0.00581717553294924	0.12440872672439193	6.480730240766649e-08	0.13194781054567264	4.268173711282346e-12	6.28695026315435e-08	0.002326865193061298	9.099291324170644e-07	1.1567398708337732e-09	2.210260145200419e-08
ZFX	1	6.261910010331919e-10	0.00022284370875262294	0.04210086791655293	2.8983975173910226e-19	6.799092385059411e-08	1.9301517502956802e-24	0.23753910100759845	1.0018069675383221e-05	6.838771095036033e-09	7.094430606183622e-16	2.664319406169167e-06	0.1743295546837823	6.507173194532796e-11	5.823545207686068e-15	1.9654040259660217e-15
KDM5C	2	0.021996990455370218	0.2137444192396663	0.006039985059448564	0.08469009363900737	0.18284174684172413	0.08243897167015392	7.0114394511852e-06	0.35917755164679877	2.295888048311407e-06	0.06757766295795455	0.058126184041681836	0.01269036204651847	0.16817066147580756	0.23888819752909315	0.32542696756043377
TFE3	3	3.942624076736843e-07	0.12186969281454955	4.679459482350162e-06	3.88673884962553e-08	0.04368767139914934	0.08365052888526796	2.1992426440669732e-05	0.04447309691595638	8.932745922076301e-05	2.443277879218309e-14	1.9705195349071097e-09	0.00044370262884172574	1.342520399454775e-09	1.0685644611713472e-11	1.0110394171108298e-18
TF7L2	3	8.958331185589507e-11	1.2596601682621171e-08	0.26831620364963715	5.6503280893682124e-18	9.349773841802027e-11	2.1635367387588167e-22	3.5829836672419957e-11	5.2090188413668995e-09	1.7051185543569032e-14	9.714063610453955e-24	0.0018047560611789582	0.37750852774720817	0.00043429566094142395	6.347594523766003e-11	9.557493925031826e-12
GFI1	2	0.0013460298771518233	0.021984905217551885	0.0337679963653473	4.326212768079049e-08	9.506463944711602e-05	0.005106401318604949	0.2994954252509946	7.228145695840195e-09	0.18560991560976178	0.00027084113241618817	0.0031046310865265	5.431458021476508e-06	0.09676349027965393	0.10103937553299462	0.2291039573840932
VDR	7	9.487625231680332e-07	0.00017523581765605613	0.4830552893053885	1.298516092524687e-13	0.001973111133074682	5.523412386596314e-10	0.0002783815109822704	3.1203826373633566e-06	0.11065231130529482	1.5911811663912424e-08	1.0316953082122258e-05	0.2903738328544316	1.6562965722464107e-11	5.526198709905879e-10	9.531852924383557e-13
FOXK1	1	7.045398487753857e-07	0.1414515359146113	0.04871892382937203	1.6360274671702123e-17	0.011263138012266558	9.418867287753987e-12	0.013351621863976093	1.0136586653398523e-08	1.8783761895868584e-11	4.608486885186812e-10	0.05643620324321734	0.4318046420917019	0.0009965053178336777	1.3194326089702552e-07	1.653656172584115e-13
CBX8	3	1.7044548734773435e-07	5.523184800963457e-06	0.01173010420317235	5.3532775862103054e-11	3.162615635763811e-07	4.751296734154102e-16	0.004476222736651468	0.0009190683103400848	8.214880732596776e-11	1.0242431755500525e-09	0.023229242894485993	0.37504777051945803	1.347100713993781e-11	9.784051750564557e-09	8.431853563395092e-11
NUCKS	1	0.003104909809071657	0.003974538723442517	0.11525770035942481	0.00562281569601608	0.06813413678790683	0.0008365766534781338	5.675741208642975e-07	1.1929840028124857e-06	0.48255783023805254	0.007987773531199033	0.008955539170438214	0.31190577875656367	0.00011655646427434365	0.03245345871416603	0.0019114370238249487
CDK9	8	1.2719973184796603e-20	0.033217744390475167	0.3737303835825877	1.0381894572924231e-40	2.6135361370998237e-15	7.135469125365011e-14	2.6925656731469972e-06	1.6572257986716712e-14	6.311804110129646e-16	4.3084143935132296e-52	3.342881133375929e-19	0.00368751201001494	4.256565243488627e-21	3.4961721572522483e-40	5.4253166115386314e-43
HXB4	5	3.620436351675177e-15	0.024236205261207015	0.1132496378570166	9.029035850458208e-47	1.981434225234475e-19	1.24174798745311e-44	0.21428083758634786	3.0811345275437536e-25	1.1966627507558218e-06	5.798257237289682e-25	0.10058703495589608	2.7272263508455363e-07	1.6588256659273376e-10	8.378617555624581e-13	6.241620186894569e-07
ASH2L	3	7.659812908332065e-11	1.1950821931936573e-08	0.033577975521595686	7.576108305472098e-35	6.204249945743733e-12	2.0207742621892154e-27	0.442550263014313	5.3043409206945495e-17	4.294766896331091e-06	1.496069420676414e-18	0.44374899366745557	0.0002513124006828411	1.086224695192683e-07	1.4586031382267816e-08	0.023564337384345168
FLI1	9	1.7638614236415013e-18	2.366136655964746e-07	0.11216898900836428	3.4299761549616355e-47	4.69413309607847e-25	2.4698432337134157e-41	0.46920593400863286	4.0054611619858736e-32	1.8028651797486033e-08	1.2341719748989852e-42	0.0005438951804997757	0.00034542887849459657	1.2432521533660322e-17	1.1677733716877548e-20	2.343836745085061e-05
SIN3B	5	1.8610873773543275e-12	6.377704682972957e-09	0.016136177706048697	1.2283796530600484e-06	4.919537278984215e-10	1.8370218100346573e-12	1.016068607280718e-11	0.08138297679359352	4.1917521649219805e-26	8.981423635717229e-30	8.110190939480414e-13	0.34385755156992326	2.3421613974382715e-13	1.4291810540104648e-21	1.8013053358939046e-15
RUNX3	6	1.6456542173950074e-13	0.00070592921310627	0.17808725403390435	2.931237693912955e-41	4.8620179441205047e-17	3.357526587197381e-33	0.0348093698048562	6.507309911615312e-28	2.8748530558408092e-06	2.1948932736495894e-24	0.1229552750751167	2.8027716446123517e-07	3.987483681700268e-12	3.56493037234461e-08	0.025365744355926766
ARI3A	2	9.414067197957167e-08	0.021984905217551885	0.2606807048420741	3.610232014602751e-16	1.754922443807506e-05	3.1297039327530237e-09	0.4570586288018043	1.388431469851783e-08	0.0008653919920180273	1.5137395041006857e-16	5.9206505935921585e-09	0.020848719964747464	2.0190554138138263e-05	1.8446067650624078e-13	9.887604649009222e-14
HDAC6	2	0.00018639454684978173	0.06789102204791671	0.0036405051786114503	0.023243068074234118	0.1635650167437179	0.2806868991303149	0.00013906783280401064	0.0074129817484371845	0.001488169554244829	0.022709546587034023	9.508404848751571e-08	9.53758344044719e-08	6.890679216364434e-11	3.8000592950527122e-06	2.800308628451071e-06
TAF1	3	0.0029856910398404486	0.07702114927156528	1.1233399445906892e-06	6.379509675945526e-07	0.01591525390990626	0.08079145347145356	0.001610801475015661	0.428602854546526	1.1913983548388743e-10	0.14964872067893467	0.007758573849152062	0.33256199581890594	0.013067303790896273	0.430053485520041	0.35314296473430234
KDM4C	5	1.0932925573268735e-18	0.016041684957491514	0.001321103886986503	6.855839527378703e-21	2.6115745287091087e-13	6.131884259258122e-20	0.00014654996156570043	9.342376880186237e-08	6.25495000706091e-14	6.283726931798813e-46	7.823836435924234e-24	1.7032866581421698e-07	1.1617784369581302e-23	6.386665650323711e-42	2.815634475658571e-32
KMT2A	5	1.5680101965437882e-05	0.2933008732543119	1.4711574901156817e-10	2.2523910284564877e-16	7.329413112735188e-06	0.08237104638922192	0.00020557275386976325	0.006880535959112277	3.1510590080690316e-08	6.227274359916743e-09	0.2514815848241625	1.9685566327149236e-11	0.4132501774864748	0.03348997822658555	0.48674319042983805
KANL3	2	6.599175506085587e-14	4.119650996660897e-05	1.5816470356849113e-06	1.5426398062022702e-29	7.514477899133571e-08	5.439641291676953e-30	5.163919696156397e-05	1.4033216919181828e-07	3.7228222722236135e-19	1.681519152093834e-26	1.0854965855219852e-05	0.2815303601020452	2.285190312526863e-12	7.34773369445585e-25	3.106072418957353e-13
HIF1A	2	3.707234119229497e-05	0.00018387340602388498	0.02280472590894788	6.394745290109885e-09	3.139212377899781e-06	1.4822952444456074e-11	0.002553444077904522	3.668352530495649e-09	0.007489519530311951	1.2250804512917343e-06	0.13123337889858744	0.00030358647820785635	5.81924200370661e-06	0.04350377076667485	0.008563310823331585
NELFA	4	0.00018385882069757255	0.07702114927156528	0.22073725618705348	1.0766057338062585e-07	0.0021193993354442615	4.860842102453183e-07	0.0030749256791328524	0.021192175909076846	0.008397016887995344	2.1693529994804613e-07	0.00268598859102958	0.006017993162976493	1.1354774626898973e-06	1.3683299208526668e-06	8.972745063966806e-06
THA11	1	0.0003213851416500353	1.0730519655091136e-05	0.29827465629098615	5.130927373646933e-10	0.004119300481009741	2.612403792395652e-09	0.013351621863976093	1.661290788888475e-05	3.183563529570498e-05	0.0001349415841589693	0.04907353021962661	0.2581702849596524	0.006294253293952223	0.0002649712254096525	0.3524754530681798
YAP1	2	0.003565449783921185	0.04284554302731326	0.12580651693166806	0.14718648438160412	0.0007311210397182321	0.4548767142077627	0.00752961220994321	0.13410856505216898	0.24938380187506506	8.005059204730683e-09	1.2820387422788531e-05	0.35893306281288023	0.0005398892300453627	1.1772088116078712e-05	0.0034491027434896543
DMAP1	2	6.616520091737925e-10	0.0010408423432028673	0.0008434874237432478	4.335904136130721e-22	2.045121060442012e-10	5.506475140684879e-22	5.491752001069323e-06	3.055528042128261e-05	2.0567949682910696e-15	1.6233853633148965e-14	0.07104798041741534	0.00043631707569892394	1.6110969046124196e-06	9.209952257647484e-11	2.7895628596981197e-12
MYC	45	8.603795487487951e-19	2.322830024462395e-09	0.00010205975387304856	2.742422049833107e-46	1.0981490354858117e-17	1.6714903873200433e-36	1.6159389402396403e-06	3.175937343073576e-17	8.050538647015427e-18	4.0812128436635663e-41	8.867548786077194e-07	0.22585944548528114	1.9401987048116672e-14	1.1240943055501624e-24	1.3857594059212857e-18
SMC5	4	4.8089688265301037e-11	0.008755117850054209	0.012019893184527878	5.3924100595168775e-31	3.181028853175107e-15	5.823915351559016e-20	0.005345729412114154	3.8514706129517515e-27	0.025473440664398522	1.1680778970358149e-23	0.39751800611337046	4.4135340851873205e-06	2.2320379130571028e-10	4.234037836602124e-07	0.03312887750127357
H2B1A	3	0.018622988581575347	3.202806872568663e-06	4.704455122943987e-10	0.30520189676762427	0.02754661909604087	0.33375276300338885	0.11666408421399929	0.4593038444290619	0.12392372793027312	0.49301964283160216	0.03420029526046894	0.20845918407490993	0.46521030067692304	0.07963880120676248	0.1650782740942624
NR5A2	2	0.0016846592470212815	0.06319124410307561	1.467244332863639e-05	0.01313626058150206	0.018880538471496004	9.185280475075842e-05	0.10323483361393139	0.16111193202165713	0.006074393707134053	0.01935341265919302	0.010901617948240752	4.790882108370713e-05	0.02221839282195562	0.004721075094037642	6.554757500046942e-10
FOXA2	9	4.3314200482713765e-14	2.9713034273081816e-07	0.006116290814652921	2.3714674898387185e-17	2.4737713017843832e-17	4.9321422392999785e-25	1.9149222116005546e-08	1.2143273266109887e-13	7.672723272942737e-07	3.4186524003416976e-31	1.635799664666512e-10	0.060585159151094095	1.8128495582949259e-09	7.140557382118136e-18	1.988360630570094e-27
EED	2	0.00010784394664077143	9.577060423705842e-07	0.02027551175190881	2.9717522907460272e-06	0.20687475770130043	1.3539099720274786e-05	0.3168793135290207	0.3846269377228842	0.013008703261694145	0.010414236527141938	2.664319406169167e-06	1.5364118837877636e-09	9.49322704395643e-06	4.931569015730471e-05	5.62780334710195e-09
TWST1	3	6.338052467383504e-05	0.004416327248400679	0.16942939067314572	0.013775797895540917	1.3386281576526954e-05	0.005084435230368361	0.47279315065676963	6.29311023901701e-05	0.35501175777995925	3.443416608972784e-06	8.786012148555806e-10	1.8802675668235893e-06	3.5563584015399806e-09	2.519017897102669e-10	0.00044698724937429946
CTNB1	8	1.503362159722796e-07	8.21664900070501e-07	0.16689105698984724	1.4527293261857052e-14	5.909819134924622e-09	8.427031960379699e-15	0.00040848427170499837	0.019831109701771273	1.0990008517768014e-07	3.3496609192217725e-15	0.00016854852252930138	0.05272060172100977	0.0006157268916599872	9.79574818903313e-10	1.8996648914221382e-09
NR1H2	4	0.0006048808125499872	0.0038227469957060993	0.13176407293913572	0.07123686526306892	0.4581802365796354	0.025860676242060166	2.1320014989620206e-21	0.13744957671654315	2.878785763660812e-09	0.13092980246279604	0.4458391682739532	0.00195777859776378	0.4545474003857949	0.07182065407052023	0.0006559558658911072
TBX3	5	2.6369328591001557e-15	0.2882819941162622	0.08509838440220016	5.105887564989617e-13	1.470436966089681e-15	3.9013174922943566e-08	0.1323850391153696	7.212996964534851e-13	0.00040693558140303854	4.1237426029986965e-48	4.403997344180433e-31	9.17946580786329e-06	6.906098308581819e-14	2.524576875407589e-32	9.684150644301805e-25
CARF	1	0.030464563842870086	0.006253889455266208	0.41181229868232416	0.12159493960449302	0.44683693907705807	0.21990145834657168	0.2122015337708709	0.17460065597209168	0.17254407308103992	3.2865112546447e-05	0.0193295699410276	0.035233507239569015	0.017419368541266415	0.0016392815937193485	0.004717302402627085
PITX2	1	2.1955830381220804e-08	0.01016358307698262	0.3346508302314102	5.392175180927288e-09	0.0003212484669726193	0.023422843861969585	0.005290982801910354	9.16362431993065e-06	3.431809992419575e-06	2.603834050813892e-20	1.0783228286040187e-12	0.0007243942946683918	1.1896660994043826e-10	6.843928608896059e-19	1.5908168025322912e-16
HELLS	2	8.45893430373494e-11	4.87369646408812e-08	3.0084292073869005e-06	0.4367169631436853	0.038475911572484464	0.0005795235037160153	5.918484091600373e-10	0.019323970761898502	3.826267205444216e-06	6.266564588003762e-38	9.90611003632694e-22	3.0938951279932256e-15	1.1388629035420776e-06	1.8016145490436327e-16	3.9003814767951737e-13
HSF1	6	0.007339655674995614	0.02695714546677774	0.006116290814652921	0.011440691820683321	0.3113983432932318	0.25697610818528543	2.4221921432228448e-05	0.09008476796561501	4.959907440070224e-06	3.2010480978150806e-07	0.01851527278844428	0.31184836059175824	0.25711940718716236	0.008288417511174376	0.2046116994368747
RING2	37	1.2432131795661129e-17	0.00025137587527147495	0.07803004071314122	1.2641605047321706e-05	4.8658654293316466e-08	0.3712355868239374	6.017871074959451e-06	7.65495382956323e-06	1.8186341343952616e-06	5.18359721772799e-47	2.0331434103045296e-41	3.722560777600944e-16	1.1728824266011698e-25	3.2701696419861124e-40	3.731165574685395e-37
DNM3A	7	2.940406145538465e-09	0.3593074747265631	6.342711859502676e-11	2.197313921738649e-07	1.00661450962535e-09	0.1461413365981107	7.773218762546706e-07	5.4854079903962495e-11	0.07372270276655506	1.9980807439258145e-22	8.472769908410578e-25	4.792112785161141e-06	0.0014353094702136272	3.5145556843987357e-09	3.8110124819103903e-13
CBX5	3	0.004214300791530824	0.09030945019195087	9.058017146414631e-05	0.1094945522527914	4.469770275247951e-07	0.48319472848457895	0.017876849525950568	0.0030471171086962055	0.02149613322161427	0.10206974164039065	1.6444407074194652e-07	0.010921183520102306	0.4328294663552309	0.013203019293987069	0.002348960343087705
ANDR	14	4.1642287513043875e-15	0.01687734282632	6.47704600269851e-18	0.31556207360936517	1.5252665047594051e-18	8.72175128368406e-10	1.6030462318178485e-10	6.058120266875616e-29	5.103894908568047e-05	2.8153638678971867e-23	4.554745065441257e-16	0.009753611992311473	9.786884799059039e-12	1.0368198625036234e-24	1.6333200103428e-38
TDG	1	6.346760206174093e-12	0.004489920245905004	0.2843141874232591	1.9431451389918737e-10	2.6630621854251393e-11	1.1210177009779457e-07	0.07838573177410955	3.731667875984616e-08	1.8863998562234523e-05	9.426350965564612e-33	8.377329869631046e-21	3.5773874818254057e-06	8.223854847143068e-12	9.015190726897556e-26	2.0107300463385616e-20
P63	1	0.05279637408354296	0.10044043949826932	0.13106707767068446	0.3682509998806176	0.02878685641937868	3.7318493846332627e-05	0.0018536006822711607	0.3561933879122205	0.00996056049766705	0.03848812439435102	0.25838245216827216	0.457907397277846	0.32502136471536314	0.28353684481829144	0.09097419313959638
E2F1	2	2.3502127634892845e-12	6.377704682972957e-09	0.38934676381160876	1.2750330154200893e-42	5.3364105136324405e-20	2.2083063814960266e-38	0.001026923871716472	1.6637349950589035e-20	0.00960453242912045	5.826314102987757e-09	0.013980609293886014	4.704871528879915e-15	0.00013802279250438638	0.012564109367071736	0.38549669083234067
RFX1	1	7.571027940638325e-13	0.2159696610676928	0.2816653068342166	2.5709518728842422e-11	4.2685092047874135e-06	0.02221096817702306	2.7711580562416324e-07	7.738785508057053e-05	7.314223988393246e-15	6.855878408155498e-34	1.5273637577250136e-20	2.755944508682483e-10	3.1094018200207504e-16	4.356851478497264e-26	2.236022136950956e-23
HSF2	3	0.0007333891758022695	0.3615724584696203	0.024621719799612155	0.04428518464767333	0.00013964574169489144	7.249777043352664e-12	0.01022469599394903	0.004811981679280986	0.09040802288905962	0.008874449613584948	0.01819562475103215	0.3494016563087439	1.2075081552377225e-06	2.6563081651521616e-06	4.0529866897229895e-05
FEZF2	1	1.231657329142405e-14	0.10987083930047252	0.0019156038850279213	2.957747128204264e-23	4.024798301974658e-09	4.841951069893932e-16	0.0021419736602476033	7.041245317316678e-08	6.703459991459816e-10	6.366719719012569e-32	8.361053616373156e-16	1.821158468394359e-05	2.614642771802846e-20	3.134151176428345e-28	1.897253769283509e-28
NR6A1	1	7.333560973069672e-07	0.004075994434683492	0.006279501943150784	7.3859446374204645e-06	8.575891997121735e-06	0.02080102150350744	0.41291718578903275	3.312649408605359e-13	0.3062932607491388	1.3260167088876543e-16	2.323149606344528e-07	0.16380435411510602	2.3801916089111813e-08	7.79823663820559e-14	9.834314288003614e-13
CLOCK	4	0.0001676106943343992	0.4350669310262194	0.0007347057228038305	2.8709025782765224e-05	6.218454025219195e-05	0.46777699451252075	4.770022665448169e-18	0.016683320032468994	1.7310384163600156e-10	0.011222519588235148	0.0005770750199219883	0.15635606667854485	0.004664101671333174	0.03429830063834902	0.023186077738426195
GRIP1	2	1.8516391928943055e-07	0.0071526982779858955	0.039729220452719344	1.7367929938300309e-25	0.0007311210397182321	9.578968156166067e-13	0.0009938090912407255	2.4598720715801117e-21	0.19398730273446252	0.19344789531417697	7.48474606491413e-07	1.1140706528818549e-15	0.1796318153537347	0.06869837607186445	0.0017067926028643838
MYOG	3	1.0763223822141313e-13	0.28650180261702174	0.007915803575940374	0.15037613291088697	2.6302192818432884e-10	0.006935510545779613	0.3954609632769112	5.337996074444087e-05	0.46789226727325267	9.394713834554492e-33	2.6563139443782924e-47	1.881773806087517e-09	1.7036003860596582e-22	5.574897750176513e-19	1.021783245640226e-34
IRF7	4	2.35745807085761e-14	0.0033485320202403107	0.20215820932980685	2.640678369347419e-47	6.622541347418154e-11	4.498476155966552e-32	0.015096254053577866	7.997539235487901e-34	0.10785647361995304	0.00027098851336061205	4.0327294439592126e-14	1.7014903823984842e-35	0.4142845125571764	0.24554893139676787	1.2484645859892815e-11
PRDM4	1	0.029268905789800303	0.23959529910449032	0.39782003916597847	0.00022677300277950405	0.04422350032018809	0.2034056774434965	0.014365829354994657	0.10886625334081164	0.043706153196359045	0.0036893784785202153	0.12983578382301544	0.12326593823125791	0.13340578556193525	0.0028924356898553092	0.0011182082450433444
PITX1	1	0.0004944887198555912	0.02443768707283171	0.03222779983839576	0.3538729945379903	1.9650442993951912e-05	0.0515700225064998	3.160799183917928e-06	0.07369366658130204	0.012495257808599046	1.0327349060119446e-10	8.079458839749816e-10	0.33270901864933516	0.0003419777539787605	2.1678373649040475e-05	0.3089221549375514
UBP16	4	0.00882548556408813	0.0035658883082355154	0.3098083153315517	5.951419733990713e-06	0.37315841594083904	7.690179081678631e-05	0.004389191075151461	0.08104037421355172	0.0008428432847187231	0.00026615506085989906	0.4183730660621619	0.04850484077823262	0.09506300569911151	0.04350377076667485	0.013764952410916808
TBX21	4	2.1780333202472827e-08	0.06556601476700791	0.024871937927944465	6.075350470100409e-33	1.724297131059654e-08	5.340349727535202e-10	0.33489108985351096	1.016901125495677e-18	0.0024587874547657815	4.225726858359799e-12	0.0020938819143399203	7.207033556351507e-09	9.04722695965537e-09	0.12762830007676249	0.0009611380884167704
NELFE	2	2.3621528432575198e-14	2.400468405283558e-06	0.03778264830723546	1.7429386290805677e-35	3.246256276711264e-14	1.7379022619649234e-31	0.28567540090506227	4.6180741918909934e-26	3.1770047879768703e-06	2.1777580043243635e-32	0.000622331104032088	0.16993163788178842	3.638067785435698e-13	7.872059125093721e-18	6.829944474310779e-09
DMRTB	1	0.008563259245360421	0.35302366564849774	5.676847161653191e-06	5.573555212318789e-07	0.489825060055001	0.006378259716040075	0.3419216720372639	0.013252985345170587	0.010300626534118043	0.010358788447221122	0.024180959754671532	0.000417120069850424	0.02260218745990074	0.19687533719584768	0.15054675556162567
CTR9	1	2.402531728486347e-09	0.039745934795242396	0.09625395159791728	3.3359007162493827e-09	6.820664297184928e-08	5.570537954680806e-07	0.013171849341632022	6.747037954891256e-11	0.15952715181569108	2.778740041313748e-23	1.424777188840314e-13	1.4241873867929519e-05	4.61956035115615e-12	2.6974871071621495e-17	4.41980473141592e-16
FOXO1	9	1.7142752539071373e-11	0.33806663447055957	0.025471740521056913	2.80073347874978e-13	6.698523336083276e-13	3.1445677570744943e-08	0.006745183627213588	3.06436147746188e-29	0.002949477898438048	7.286365529545066e-39	1.1737122967908318e-05	0.10357478520020899	1.1617784369581302e-23	3.1059819237246805e-16	0.19121732318432466
NCOR2	4	2.591604161410025e-08	2.2271278567774973e-10	0.047763781057851895	8.701564524849254e-21	9.498621030142302e-09	4.929067850777917e-17	0.004701420691697045	3.137069171845337e-21	0.0011152196038849119	1.4805212429481785e-07	0.2514815848241625	0.007158843595805566	2.419996912769653e-06	0.00023406903491038765	5.728734864715062e-07
MBD1	9	1.1599815681052128e-07	0.4693425914995746	7.2821137787472e-05	0.280876540073077	0.0047954428512345	0.3845866793637748	0.4850528606816296	0.0003818723111746601	0.11412556554132626	4.2046269330144465e-20	2.611494252433366e-22	4.166119461884924e-10	7.1455300509908295e-06	6.327982321430793e-14	1.0315522611122191e-16
AFF4	4	0.0062074354840796	0.2752175651075015	0.22073725618705348	0.1684449173799999	0.4767209774215735	0.009045403855923322	7.802632908848683e-06	0.016683320032468994	4.732753850650932e-15	0.10748778898590791	0.06333461082983441	0.43304303469711714	0.07644397159156824	0.12880987267879562	0.15981142295068554
MEF2D	6	1.1278625340880242e-09	9.408618954837041e-05	0.3275073110471699	0.0018937632109508314	0.020195459435305523	7.774940056074504e-12	0.003336712472393567	0.015067100704964606	0.0011927984274470917	1.349416254290661e-26	4.403997344180433e-31	0.0011917443461322405	1.515456889104343e-14	8.721215115162382e-14	1.047974795224004e-12
MAFF	1	0.00599229310350373	0.0005298718983548742	0.01858791879820582	1.0679884046417673e-12	0.49261208219873587	0.026207877496180535	0.07335788870083255	0.020606088431063294	0.3358969728303349	0.1077951712396751	0.1253993763336156	0.08033389906306475	1.6882282743603743e-05	0.25089611613218066	0.24267803021131434
EGR1	2	1.5467019974178608e-05	1.1082129097308234e-05	0.0004790038785210579	7.460752933918929e-09	5.491784486710416e-08	9.705044425815586e-14	0.003292482716810613	8.771482185409519e-16	0.013494786910660389	0.3102061034132282	0.0001148160503319612	4.979767098496595e-06	0.1434115029092748	0.4321300792313799	0.4959229013223815
RFA2	4	7.30160920632118e-07	0.00028584097785164345	8.026472795175499e-05	2.5909854197271723e-14	1.6088474359594108e-05	8.628633211163531e-07	0.017057931483364906	1.814748078377938e-11	0.08871751933284769	0.06831616036865652	1.2467262435365932e-10	4.1500770887493814e-16	0.27951397566891967	0.054059765181600716	1.0113666457465961e-12
EOMES	2	0.022267652221467343	0.1250535133579374	0.18760634462497375	0.0004666508559377316	0.00014130064488951643	0.000978848911157676	0.3143018371915584	0.16327765893542753	0.007284350976297132	0.018741897706016555	0.07708028172585249	0.4182599090028047	0.004936296266356358	0.019420981404452402	0.2247536189446773
DMC1	14	1.0635739734353566e-05	0.04574682600230342	3.09015145738016e-17	2.360043481297187e-05	0.49708944618177064	0.16413319862613784	4.508913526534953e-12	0.024911852865386868	5.423364628664839e-15	1.767571267818241e-10	0.08912384936849886	0.4064162738286031	0.015581766684904085	7.176332934516847e-05	0.0199640260450214
PPARD	1	0.0009091181377416934	0.11288383353068997	0.37865085268417203	0.09729608669972471	1.0751031893925255e-07	0.0001101905910095746	0.4191315063663889	0.0014046658606410394	0.08581825600336691	3.0735271070891863e-06	8.14116299689602e-07	0.15678801955541463	0.01628003340739914	4.4637202053584445e-06	3.7122066214228604e-06
PWP1	1	0.07498777236873977	0.0009842802843307444	0.48458490197346443	0.01613395988181241	0.03357931191396924	0.19010165771335547	0.0006974919565268995	0.07910479346450655	0.28050232452937796	0.32785563619883373	0.11982508492209043	0.21327998122249123	0.19337735498124162	0.44639416405177434	0.32329271069760696
ASXL1	1	0.0003807377316411485	3.0410432862681292e-05	0.4413797174839787	4.3104395907107404e-13	4.645549758700024e-06	1.5145327877521244e-07	0.06514921904391961	3.605999430571335e-08	0.061454334951546535	0.0006004154121185984	0.4930381032867354	0.22705050780823052	0.019461190133914362	0.00919755817860341	0.19024199743066872
SMRC2	2	6.447845575997821e-07	0.19195028636859754	0.23427685143483193	0.004635207635013493	4.90117204008859e-07	0.4416876785496786	0.006933015581553516	0.006563841313078205	0.002021316860647481	2.3672495441709453e-22	3.619105945334147e-18	0.006922494441130494	1.5995339050627537e-07	5.151348212214125e-13	1.0584376019976308e-09
PRDM5	2	0.0004539501320274996	0.011363709946553639	0.4902837334268731	0.045373881612704954	0.015455114222010636	0.14667666897767848	0.4943532631544134	0.0507747533361236	0.0001568805112618935	1.485538122792867e-09	2.6701575724646255e-09	0.007960988927116046	6.788904796756252e-06	6.058721735203212e-07	5.383746195129165e-05
ERR1	1	0.002698175543587495	0.014403864110180825	0.07064675855972964	0.2817903096586573	0.016629266506421353	2.0760221860445407e-06	0.019419842091292095	0.008784409158518434	0.24959010808859064	8.316204906303909e-05	0.001845792211399131	0.02118141700456663	0.078826162523834	3.896878933104157e-06	2.5748059781236035e-06
MAZ	2	3.1795875774253855e-11	0.28389129462848733	0.4828787637363832	7.264296557613775e-23	7.428112984607009e-07	3.2953384878819445e-09	0.2263338152370838	7.516026358870402e-29	0.044931266138842275	3.144355973900451e-32	2.1269074270255095e-06	0.0891844467059829	2.94691942667766e-21	8.063872908697442e-14	4.087530949503191e-08
REST	10	9.09794422085704e-10	0.2383899362822233	0.0030159106539754694	0.04102058222895569	0.22803265523719046	0.08645086704660232	4.3711018456800204e-17	0.006614710545078349	8.32435353337119e-11	5.169319855060963e-15	2.6306266953706993e-23	1.0361037556823684e-19	5.5638498559368185e-06	3.3964838127822696e-12	7.144602277107382e-20
NPAS4	1	0.01791576529375002	0.07682186174064007	0.3123942865078366	0.12685808027536152	0.02277451852011185	0.024737151104327722	0.22949650128834753	0.006268383454765705	0.395973236981373	0.002184861402296731	0.0070430113379792835	0.1846364012051784	0.053736069685200394	9.398148138067475e-05	2.503715160831439e-05
KAT2A	5	5.5366946246643884e-14	0.0009527353891351565	0.3286475260784193	1.2817123149166243e-41	3.6359605031041177e-13	1.4248738081242456e-31	0.004413515950624479	3.5232466726397704e-22	6.192091295375664e-13	4.249332542005343e-28	0.0005968342813121707	0.0739632733901816	1.6883167806463576e-10	1.8843706228380835e-16	2.1293313157888206e-05
TET1	10	1.2928825526015789e-18	0.38644242549852015	0.012019893184527878	6.394745290109885e-09	3.1383742731482806e-07	0.0022330062226912245	0.0005881439885085532	2.8533415619063005e-11	2.6395694899595342e-05	2.624279930377975e-46	2.38475963492767e-42	2.9055924367603263e-16	4.049790204607628e-20	5.255384379188926e-44	1.0217078157271291e-47
MEN1	3	4.807454374926101e-10	0.026898893985433044	2.9353762386356155e-07	1.1545763321178484e-32	1.8225333087345792e-08	2.268976059613062e-16	0.05175066949387336	9.547859057668339e-14	0.00033040498544631024	8.856756705213151e-21	0.0005974091049222835	0.2906074446227899	0.00023256364768201208	1.7061318013444957e-10	9.380152553440395e-13
AP2A	4	1.8862166015696504e-20	0.002722590432435662	0.15705548216929185	1.8936596157692785e-29	5.628692657984456e-20	2.452103542025977e-17	0.00011583121285514162	1.0123727906081954e-25	1.33179566695404e-06	8.46904087013318e-51	1.6855667550643288e-21	6.273944381565974e-05	1.2256028784775874e-21	2.632539393039036e-37	1.4307015346664364e-41
WT1	3	0.0	0.48980398142480464	0.13460935571052196	2.8893832561188975e-26	2.6553563812320356e-08	0.0008785884906847654	0.008539778785301468	1.2514488239832647e-13	3.2763230439201864e-09	6.812588911343291e-50	1.105260282941084e-41	1.359437370228767e-21	9.290770035474112e-46	2.979965399048071e-59	1.2542881109741452e-60
EZH2	38	1.350503067882871e-18	1.1941618600414427e-10	0.24918648014846345	4.327839726864615e-05	0.09329560886518087	5.340349727535202e-10	0.0017136560925869173	0.014730124595781678	0.44092335566308943	2.672406212222939e-36	1.3538005455147655e-57	3.700126974750149e-37	1.2431597393679471e-18	1.5416347525642258e-36	3.664147101544655e-38
STA5A	22	9.449587334414935e-09	0.00010477949401913386	0.34463186889543357	2.0497328101638595e-36	2.1540740999913153e-06	6.46843985086431e-20	0.12199184273926873	1.506881643778606e-22	0.1234234113578957	0.022271435815808083	1.870091622659062e-07	1.6298616414885881e-13	0.3642331185403216	0.11867663561800855	0.06592902579889559
MDS1	1	5.687230315819973e-05	1.0690032796146715e-06	0.001373804738628511	2.8260831175137707e-07	0.017765609903101998	9.15358291447056e-06	0.03806777302536722	1.449954639884727e-15	0.3880307761393522	0.002702613241611457	7.651254332718003e-06	1.0356704984132698e-05	0.056790466385886904	0.4958810548114599	4.2479759777100005e-07
KLF4	13	3.650419192371691e-22	0.2817417303884547	0.001211272411124067	1.790101681811589e-29	2.4327873813272244e-11	2.0576012234392685e-05	0.05260498883399491	2.3227157126803423e-12	8.826376928487783e-10	1.3606656094988748e-61	2.5518598362343597e-43	2.439314498534418e-08	1.9624440014342157e-28	2.5963381630976908e-46	5.2423047897584765e-47
HDAC1	6	1.083466392608785e-21	0.2879391996220658	0.06042800332370254	9.117100310677817e-24	1.3039932134211153e-13	0.0004546224047904749	1.2841416107718836e-05	1.6712269577243625e-07	1.6322695710609826e-11	9.200602871367414e-54	2.38475963492767e-42	5.6246971214692406e-12	4.896755777168787e-31	8.148522637213993e-47	1.8936804427493265e-48
PER2	1	0.0005118923878109752	0.17964124550569885	0.46253255424984574	0.30461601729126253	0.06135305683093514	6.820927901835566e-07	4.969293755368657e-05	0.010689735115551635	0.001276854198871813	0.0016003232957200293	0.06782792559211265	0.00195777859776378	0.0029316820522773787	1.7030527047108154e-05	1.112737994425413e-14
SOX2	26	3.2799841841931914e-14	0.07892090565973202	0.0007113442129197437	3.0152835661325905e-14	3.848338487046776e-08	2.183613736232736e-06	1.993924062399073e-09	4.80413381259781e-05	2.2453924203893e-16	2.2247110569025795e-40	7.810037860575231e-23	0.001493451306576103	5.283611678313606e-19	5.6124340842430124e-24	7.084993593398236e-24
PSB1	2	0.12293923455656543	0.23409992881891967	0.4768797471531171	0.017602090626658816	0.1101289133486595	0.0667432234953856	0.21044839525343925	0.007619222270420718	0.41558577931508006	0.07410143535805572	0.3755128534700527	0.31842578560203305	0.4312477624188972	0.015857386644329067	0.3089221549375514
PRD16	2	0.029575513663663247	0.3900990193682435	0.05706202416635808	0.4134900741474357	0.4755529064629411	0.17795051430638983	0.3749314354292648	0.031401946806021805	0.07638357786392984	0.00439350334106626	0.0004295486903716589	0.027988713980102164	0.003873019291301365	0.0003655349351420396	0.00747951879019529
AHR	8	0.018046015206340006	0.011328780074944252	0.01166954742280037	7.969361651988154e-05	0.0014758226187525393	0.02466300980520996	0.12718502174783725	0.06534500964939156	0.01933874353152054	0.47452106728106713	0.30458403334025563	0.0005756913844536006	0.31086691127980093	0.011475904591799774	0.021232791509153623
CREM	1	9.612397965457732e-09	0.4078571829991254	0.26990549359024474	8.727022979502376e-07	0.004057988953426222	0.002971618904325876	1.5709878981143407e-16	0.021072864187442208	1.2466498540349953e-19	1.919577983893248e-20	7.644147252201645e-06	0.009184561059141678	2.0235526921128393e-08	5.02945610333301e-16	8.76768260191292e-15
ASCL1	6	8.061647611305436e-06	0.0035658883082355154	0.00260803807585698	0.00015074869271789062	0.005540557623121941	0.2266960319962457	0.07167995473619941	0.009268129666660957	0.42706341231115597	1.8634737066533952e-07	1.5486274029424271e-13	7.862431974074601e-07	2.714823029199584e-06	4.629527237674481e-08	3.437266980973983e-18
SMBT1	2	2.2180138596668168e-08	0.03034959751977766	2.9353762386356155e-07	4.3916888076431656e-10	2.2043477231803786e-07	2.477570731580121e-22	3.152511025521462e-06	0.0043619086323825	1.965525198369605e-20	1.4540102186656194e-16	0.018830834492355366	0.2956041075080827	9.22168091260319e-05	5.468964834083461e-09	0.00029584936320263343
MEF2A	2	0.009615577969348026	0.4302250498026186	0.007242483873744438	0.35932267458680367	0.1573313332485719	1.5924219451040583e-09	6.497042178824186e-06	0.4747024427758802	0.06847611194085257	0.24102924528608086	0.056850835904882144	0.4676568862116365	0.4172910852347384	0.24283245810618034	1.501613843778461e-06
SRBP1	8	0.01030807710779626	0.3960514562392021	1.9039231536324159e-06	0.03151754721614699	0.10513816545222028	0.061688359716173695	0.37874544839560714	0.049442946355750805	0.10349919658062133	0.16784483464632946	2.1072845745346797e-06	0.014731612061593562	0.13340578556193525	0.10257250749779036	7.179502271422818e-06
NANOG	14	1.9393289764467283e-18	0.08994494499378149	0.1598411876491289	4.9518075800551917e-20	9.958714104149687e-11	0.0006872427914621239	0.0006428937411367305	2.1272868658640243e-05	1.186647417192658e-12	3.3651506804166146e-45	2.1212275334712607e-39	2.66835809256675e-13	1.27820570332323e-28	2.8078604932505908e-37	1.969150999541928e-34
SPIB	1	0.004399790682381424	0.4604854007052143	0.19199545719941952	0.2902317207000013	0.20552705984171019	0.401104739031542	0.00010149317054435529	1.2886959662153204e-11	0.00395999274061939	0.1044078053270723	0.018056382669988606	0.00010568336662180347	0.4558579910919917	0.0018210552891525715	0.0005621665256798862
NFIC	2	0.03825574768447373	0.4693425914995746	0.05482216410744129	0.08474694011514095	0.4541261831895432	0.011433234174265254	0.12132835117055993	0.1575500686822315	0.4844542082231927	0.02571859285207118	0.005325065985263887	0.0686495042845741	0.0016670037011549262	0.000450415026041523	0.019428767421945013
NDF1	1	5.571442408923518e-07	0.011363709946553639	0.45533237949126726	1.206730947646468e-07	0.00046210447249285454	7.411662141966538e-10	2.1451336623048353e-05	0.4582362442698643	1.802122133368689e-07	3.106334640994635e-07	1.5424385158264722e-06	0.00011001608849245182	3.947445889181863e-10	3.316487081284962e-12	1.0621780331257877e-17
MTF2	2	4.554571026192807e-06	1.0756380321782047e-07	1.1233399445906892e-06	0.0037631507818430303	0.30321321255496897	1.1924370236824933e-08	0.1475962680608134	0.0019403976885862106	0.12740604395230296	3.2997968006945117e-10	1.0251055951828043e-14	6.10782281381425e-07	3.8196358566794445e-05	2.083458409568159e-08	1.675895665358609e-05
KDM6A	14	6.491114733199903e-11	0.006023491014945554	0.07155160184318377	4.9384034947098126e-26	3.6359605031041177e-13	1.798166783649619e-16	0.005345729412114154	1.623983037674043e-07	1.3064127774136535e-13	8.960137466790653e-32	2.4686476622905514e-08	0.3162957440960193	1.55792052706656e-05	6.873647324547773e-16	1.9938758571762013e-05
GRHL2	1	0.0038094594842942573	0.006292220875037201	0.027852531822864336	0.07651801330597899	0.011541076831721998	0.2509277440778224	2.578081701192856e-05	0.00029354671010832826	3.663932141934974e-07	0.000359828945418505	0.003867693751718055	0.2517141629309652	0.01580307376240396	0.0012726860656833182	0.1786568565643487
TLE1	1	0.009392668742647327	0.3745483621274625	0.00013835585594387556	0.32104858528027547	0.37315841594083904	0.0012488277849773569	0.0006428937411367305	0.11274907520504118	0.008161922242567376	0.04470093934992413	0.0010925020061071083	0.00033775655397769557	0.00044889011314007535	0.11793353875025511	0.010385069225937541
CSN1	2	2.7317479199939335e-15	0.4251233400184921	0.05378955273541875	2.39185118719268e-22	0.0001949460902691716	3.635066013355879e-09	1.5039953261687706e-09	5.5149000526455565e-12	5.520264449745432e-13	8.46904087013318e-51	5.828063806025097e-16	0.000908503282285771	1.4472338330835965e-15	4.096279965679463e-31	2.73172793457293e-23
MYB	2	3.2835011705579404e-06	0.08538914815629353	0.4052575978297562	7.021123923901499e-12	0.0012133439875169345	0.0019034006165575606	0.08685829939347837	0.002480100662053063	5.866295265105381e-07	1.3390389933629268e-15	4.748239440358477e-08	0.08421989848957097	3.674160158317637e-11	3.2551386496844463e-11	3.728663147440941e-05
TF65	28	5.489289964468098e-16	1.8458957451803203e-06	0.008058342246822855	5.2630425130490684e-52	6.4260323255658366e-21	1.0870325203669031e-27	0.001271847293994278	3.0644313562630585e-51	0.16812198789933502	8.75006197025873e-26	0.30078373470770364	1.5863754321843482e-10	6.933697243912553e-10	2.1377613740709034e-08	0.10170593093390973
BATF	14	1.636055144755123e-13	5.735440390022228e-07	0.017533625235783522	4.040703352384453e-51	1.0195342986236714e-09	4.198316901988582e-25	0.03368047340049997	5.493468769394401e-29	0.1455598314897145	1.4855195892212012e-06	5.452324961863667e-15	2.0586862255346322e-22	0.0009692356678399932	0.1575225894414811	8.254860129312617e-12
MYBA	2	7.02815892399558e-08	5.545054582722992e-05	0.02657490141048537	2.9717522907460272e-06	1.614209155407079e-13	9.75867036867674e-13	0.04892330538185211	1.8660340547243445e-08	0.001114516299502009	2.466443501107726e-21	4.127932724788517e-07	0.12975512438032175	0.00023820047836423255	3.127240753723411e-14	1.0386935895329094e-07
KAT8	6	4.605626149051619e-18	4.493832642483888e-15	0.08509838440220016	1.5109074240944555e-29	2.7067586978100643e-17	1.9198075947072692e-38	3.1240107723738505e-05	7.947187672570319e-13	3.5818265584798596e-14	7.633199706814938e-33	8.633029363239911e-10	0.05011705492467174	7.334056779901784e-13	6.427333694497535e-30	4.648332589746226e-31
ELF5	1	0.006681853041714803	0.35302366564849774	0.2793561688402384	0.16600557193455506	0.09164408593587155	0.049730186934094235	0.00011707818870218945	0.09432886063778623	4.541920696684673e-07	0.0005897247106590939	0.08401345425493718	0.3766474724120041	1.0091832799098214e-06	0.004292676125361847	0.011688426861709159
NFIB	2	1.323859021106565e-06	0.12061701474204599	0.06970226783638521	4.9133692961824667e-05	7.054195283575923e-05	5.8533302716763925e-05	2.5319294331380227e-09	3.260458354641102e-07	3.078235943492628e-07	9.692184344012415e-22	0.00012823132080919957	0.27432073210501445	0.08992866702911326	2.0630478388143498e-07	1.8526139150236805e-13
OLIG2	3	2.6408867359838834e-09	0.1572737335087024	0.041572882130079154	0.010313465804705874	4.300786953258448e-07	0.4457182248457725	0.4024882843658781	0.00022660988598329165	0.1938070696653877	4.234814498189238e-30	1.7588939014153245e-27	2.714545712827672e-10	1.790767231603083e-08	7.745406388096074e-19	1.2524526503339197e-13
TAF3	3	9.258214514834414e-17	5.462553426749438e-05	0.3022146550199935	6.717874961885479e-26	2.1741940141891995e-13	1.8802833263059325e-20	0.11827286413198189	1.3285730713642364e-10	1.0336645307544425e-09	9.325041857450654e-43	8.937823084324844e-20	3.901127152451763e-06	1.4186288126264108e-15	3.557051038038374e-32	2.8134223205416998e-30
ZIC3	2	0.005904389393699906	0.2828225116263873	0.13106948657756842	0.302479579483225	0.19234970877157762	0.03209731643434989	0.0011977307593527785	0.001040642526367119	7.807055774459856e-05	0.00360082426491793	0.0003288921538666396	0.007288821921822857	0.0004900636166830774	0.0026817784116404102	0.000818920615970171
GATA6	2	0.0028185419292841365	0.08681041335441433	0.4290385816520596	0.00010327705187575081	3.958522643353055e-05	0.0014245854802064915	0.005345729412114154	3.6863576995454023e-10	0.07848281563570916	1.4751158290211034e-05	0.45622021001109675	0.035198904296222834	0.28186693531278806	0.08583946612249617	0.010385069225937541
STAG2	1	0.0003079695666896697	0.30106701861009144	1.3986207241336982e-07	0.015116488445993292	0.08249343786621051	0.4548767142077627	0.035218535388067095	0.15681369430349903	0.007983070709550885	3.1953453415909796e-05	6.227020839087537e-12	0.0006905985690255036	2.010610772230824e-06	0.00024346999533218883	9.746744030951607e-07
MSGN1	1	0.0030177590713423323	0.02751921065402858	0.44519916477183724	0.00808232837445728	0.0006712831001232248	0.4160432992822877	0.3444196151430366	0.13073275979515767	0.10785647361995304	3.872704380293719e-06	0.0009218058867596044	0.00012631956972857604	0.0009200307624177281	4.523530335231046e-06	2.0610570153531227e-05
ESR1	17	1.4498853559609031e-11	0.04121660333889437	0.006116290814652921	0.015920965407856036	1.2893211628823158e-08	0.00019348463569032536	3.3829863219341e-07	4.376902951437142e-12	0.04610171696418877	4.422287895503111e-26	1.1320949968842795e-19	6.421634049700315e-07	4.960831241064285e-11	2.475014566967859e-19	6.724222272030632e-37
GRHL3	3	7.575285626505929e-11	5.6228871250239154e-05	0.0031694087150025076	0.0010211673411022672	0.0008028237476231485	0.3816439611399478	9.629232049082491e-06	1.7623791030988664e-05	0.004273281761682428	4.591301017550789e-33	1.3250869868896881e-21	2.9309268167944983e-09	2.8499481299456364e-11	6.323409860930703e-25	1.5770559656419852e-20
FOS	7	1.4303240048386977e-07	0.05909729209995575	0.001373804738628511	8.231576993905388e-16	0.22178859976283635	0.002065298498814768	0.4040337751963702	0.07190015888089041	5.901942026716415e-09	1.9080988917606875e-12	7.589227880892215e-08	3.435508479061657e-06	7.733839642990846e-17	3.846121021324172e-15	1.9312310341743905e-09
NKX25	2	9.5475787731075e-05	0.039745934795242396	1.7531403756230833e-05	0.050516351621636015	0.0008028237476231485	0.04267078571455831	0.2122015337708709	0.0014081443287647666	0.05201286188598205	1.8000640953369694e-14	3.5732954606310194e-14	0.13294184403954487	0.11812173842570609	1.3890388742965918e-07	0.00019890422244638368
NKX32	2	3.3697541911962894e-05	3.0410432862681292e-05	0.10177929287785625	6.406384144152255e-10	7.775402862550302e-06	2.5408084926571e-09	0.32490764671050054	6.385358807537506e-07	0.10785647361995304	1.843420485745263e-05	0.0047377306918079485	0.10827112274033387	2.167890410376879e-05	3.200429726230989e-08	4.2329269538199556e-07
KMT2C	9	1.8546911974921944e-17	0.00025137587527147495	0.0050307411356461	2.8951235404120416e-40	1.3543768811770346e-12	7.05716456008571e-23	0.05204123272930834	1.845772081286117e-15	8.298540841699339e-12	3.071192597310252e-42	1.7506472030274378e-13	0.05292291237286285	4.9308751354895935e-14	1.8558228073801486e-33	7.846442359315367e-27
PRDM9	1	0.015311569451866071	0.0015561374751878957	2.371063861127019e-05	0.21310123536418332	0.11027743375052267	0.012836481371951421	0.049162538345760814	0.40496651984910653	1.3432720245062728e-05	0.0361433575432619	0.002113487292140688	0.34224317146914524	0.010511171835422493	0.13005608639047186	0.365935010834536
HXD13	1	0.0752532679518909	0.14980125535998295	0.476490160385249	0.32104858528027547	0.025451097670217752	0.006648079675622795	0.011617174886521909	0.1145938296712745	1.3741977483964076e-05	0.3537967239664376	0.45198994556321576	0.38133553149231836	0.3619036754547212	0.38530766613469025	0.30967826561911427
SUV91	1	0.012581970982664118	0.021139623999561038	0.4006167830127457	0.028863379833067443	0.02681725005560168	0.0027661765033237936	0.03102743249354277	0.08166719872419499	0.41217484976745367	0.047218612021026715	0.08827353580324944	0.00195777859776378	0.0042695596769044735	0.00045502955948615307	8.298675762081178e-06
MBD4	4	0.0020069892705002383	0.0008565750109319134	0.004814260811411913	0.0020353921630341817	0.19554415821731988	0.08222868624834836	0.07029449340247115	0.41527850217197876	0.10820674438790441	4.798089037845593e-06	2.0893406298745314e-06	3.8758144645349256e-08	0.09292470915865136	0.05106378550815637	2.1888679613935977e-05
UBF1	3	4.771154678152017e-14	0.0001775403742939588	3.6202419143169375e-07	8.875789728063072e-19	1.9129178740007187e-08	0.020300828898078518	1.2181352288186293e-06	2.049358020354915e-13	5.969582069278951e-11	2.0091763813072807e-45	8.63437859786897e-14	0.004958065183798283	1.460287549913134e-26	1.5044909011812936e-25	5.077273127301697e-10
ZKSC1	2	0.006966904702778863	0.21350981933335306	0.001373804738628511	1.1751534032078186e-12	0.2852510824834999	0.00048332421677493056	0.06578329417709297	0.014689639930485134	0.23639442204601951	0.033839394380002864	0.44374899366745557	0.4484717538329136	0.0023282427137516124	0.4375391083397527	0.008522180280726318
DNJC2	1	0.0007785096547441336	0.20383980246856742	0.4571807137464402	0.07964572650251504	0.010644137877368492	7.10267929225954e-05	1.147723437277719e-08	3.0411030798471253e-13	2.7009728420673262e-05	0.010687590731585043	0.2714820565964951	0.38568995864759736	0.11619507731120976	0.001609299642502777	0.00027136350735368895
INO80	1	1.5035068699387534e-14	0.0001814045115316224	0.03907317031685333	5.464913902974336e-34	7.454780910019311e-08	4.190652934265875e-21	0.041322865981520386	1.833776310180697e-11	1.4608883031195937e-10	1.3920962807736575e-37	3.7479715245315746e-12	0.06752570261128263	2.0106439387532687e-11	2.5958544070298624e-25	1.2244617606089795e-21
HAND2	3	0.10030845885598984	0.020102189809363402	0.04462528487867899	0.31620504729628524	0.3342202876880887	0.004097381395954313	0.016065872750496448	0.1500787072276728	0.42706341231115597	0.2723853139214122	0.15489437277418994	0.2906074446227899	0.03711787741422975	0.3747598036644304	0.1530437059700018
RCOR1	4	0.0006979310910818856	0.10987083930047252	0.2816653068342166	0.0003382351242446732	0.00020283131096203701	0.04019642281982966	0.0025697016009404135	5.534027672025469e-07	0.0006473220202425321	3.3494454677844097e-09	0.024364940914546784	0.3871192451347549	2.4512326351814052e-08	0.0006585659120378407	0.1624080351974556
THB	3	1.1617497221460767e-07	6.009937260971118e-06	0.010532967124270995	2.762982871088342e-12	6.408960089495205e-07	7.870156245253449e-23	0.031752520191291336	4.536641537262434e-09	0.031078120421378766	4.371401644959195e-08	0.007534965927153893	0.3871192451347549	3.748451972208762e-05	1.9389315984260336e-07	2.228833796836103e-18
PDX1	1	7.517537486245279e-05	9.405644593773413e-07	0.4560274193489208	1.7786964934167744e-06	0.013731457229661055	0.03322968016135669	0.04554165350586168	0.08575214743436034	0.013068077297303896	5.217276507327144e-11	7.702356857411674e-09	0.0013341658426037474	0.0001424505731854138	2.5994440397872645e-09	5.219715099154134e-05
LYL1	2	0.0003597956841314249	0.16860411568015457	0.0019713119195758824	0.00019817933116181372	0.0010320484146435196	0.34149081078605154	3.685745752553314e-06	1.7174058548549747e-10	0.0003049379167956216	0.00016055648164620367	0.0006019650588836844	0.35893306281288023	2.2057358050118812e-05	3.766428708748272e-05	0.004717552538638095
GLI3	3	0.0028935693060028493	0.08344291940160524	0.0024289618389233968	3.3359007162493827e-09	0.10513816545222028	0.2576121459897126	0.2706283489231271	0.16559824596874767	0.00395999274061939	0.042267264541104486	0.008319968319238077	0.33256199581890594	1.2099947632381537e-06	0.0008488185302548857	7.389315858194742e-06
SUZ12	41	4.647649107149849e-16	7.188149993593997e-09	0.05045234570587421	0.0005822933315257183	0.009615731914933569	6.687306705337484e-10	0.029855269914208102	0.01646398605738129	0.43200796185625606	5.592801919650402e-32	3.362881225780409e-52	6.575398220508828e-27	1.208585855691558e-16	8.242520414117715e-33	6.176528341870449e-31
FOSL1	1	0.01808121486133792	0.308590379743149	0.02320522319163908	0.0041412685313205935	0.32713419192173016	0.0013083689306571697	0.0984339030964478	0.22174524182407968	0.02022164004513969	0.2033067580962703	0.013449347816191304	0.275594245046449	4.717650202885359e-06	0.01687001288999821	0.0011880893009359903
CHD1	5	0.0013472960736026132	0.4579932848568489	0.008231652722786724	2.3549592426943998e-07	0.07790282750449007	0.031147548245591336	0.10869415744818052	1.3878655061013396e-06	0.011081144049633219	0.00022185304128700988	0.0027667501399318063	4.4806518350618775e-06	0.03764348089708204	0.05118315074917047	3.4028631397730004e-06
SPT5H	7	4.04330905522274e-18	1.123773446030554e-06	0.10984182193198186	2.7962743752675126e-42	8.218243856422115e-17	7.239444487535942e-40	0.3760299139249847	2.4719244196935516e-19	7.664191134058821e-10	1.5453132036753797e-39	3.4219409805142104e-08	0.043006260523756626	2.820713312954358e-20	4.66401666394121e-28	7.130876779421598e-18
IRF3	2	5.089569330393883e-05	0.2633531139041437	0.31730973906817533	1.0176563433718697e-19	0.0075782839846461674	0.001067091769169161	0.05230703177313515	3.8228023981246125e-13	0.0014766524056932305	8.000073959673031e-06	0.005361272723560786	3.8070511272377245e-09	0.20532816787586783	0.39279254562262805	0.029265520513037907
THA	2	0.01815049001820055	0.007142760501218773	0.0006586779440123301	9.46658673476079e-06	0.0025425896448361372	0.30086985521174864	0.030786670367931233	0.3662198238146826	0.13336104600111157	0.005316389249469444	0.3774030349948024	0.0739632733901816	0.03810094266696708	0.042242461472493865	0.034418552209719934
MAFK	3	0.002893787536439597	0.002596208107333202	0.4268412560094522	1.9555555239782064e-08	0.4264139691808797	0.25561356391025936	9.396193476934783e-08	0.2803170287481976	1.0728813809317403e-07	0.015097098666314182	0.05937949636286167	0.33616918041261257	3.1686215605758834e-05	0.09856019129802096	0.4596514920008853
ETS1	7	7.346265118308861e-12	0.03940948706845097	1.2603554327290749e-05	8.378251401754497e-32	1.2601186747461767e-06	2.655218031452251e-23	0.19781260391905847	5.0336443601146284e-42	0.1118270665610798	1.2528752950393761e-17	1.3784757990467405e-06	8.554220470356886e-14	3.171319522879124e-06	0.0334949951448469	5.480027633432945e-05
RXRB	1	0.029068339966980872	0.016947201940183697	0.11898698847714637	0.004734554146876311	0.007116423337198096	0.0032602550269105217	0.35581505466928376	0.0040026005611253235	0.0024891485452513775	0.49301964283160216	0.03295264939497811	0.0012631321231810792	0.08868381277480546	0.4673004769601763	0.4605025197103116
ETV2	3	0.00012196648683184243	0.0007089135332780889	2.173400488562028e-10	0.0001286522903428639	6.517337428548683e-05	1.439086036869668e-05	0.4113385341126007	1.429121581782389e-08	0.0367346337072911	8.680398773756752e-08	0.0051763829516771435	0.47778162144241276	0.0019728970059566973	4.871594899200121e-05	0.0019460065721231357
SIX1	3	3.736131535361867e-08	0.10943897303575403	1.7263253565247503e-07	0.0002505921120536306	0.0009866181692971476	0.02836400320989364	0.0005294489643230655	0.46831655588272575	8.846196411651242e-07	1.5794584156293695e-24	9.501385071336193e-20	0.06489882421759226	1.7083383987553128e-09	1.335447148103662e-13	1.599111601515352e-13
JUNB	8	1.3599065090970335e-14	8.020460063166039e-07	0.2726797755283263	1.5220092890621439e-52	6.595894193525152e-16	4.073857009739007e-25	2.076335930348698e-06	4.973456900474477e-49	0.10194290859821653	4.947225499408882e-08	1.8106101125481488e-07	2.8442469842884538e-22	0.0023002145679371427	0.4097721957381105	0.003271899627223241
ASCL2	1	0.0005051836893256448	0.059523609539423636	0.3410129601338186	2.4094414777711354e-10	0.07758511066177493	0.41417594707656374	0.0006428937411367305	9.311464142499067e-13	0.46077119110632564	1.1458319753582537e-08	0.18932856458222155	0.2617415172345123	3.6802393904077764e-06	0.003539173605675304	0.21994828359569277
ETV6	3	1.7554704877131573e-10	1.0042219810900855e-13	0.0027267564638812822	8.01528106739992e-44	1.0663655368092983e-11	3.7854065670394e-22	0.013171849341632022	7.709400628128628e-23	0.45848798896687304	4.447010959203206e-05	0.0017819805933938844	3.408386603829731e-13	0.13598370388725967	0.48855416622155284	0.3565997671515157
AICDA	2	8.347229364694895e-05	0.008755117850054209	5.583355326246333e-07	1.890299455595033e-07	1.5720849179843603e-06	7.180844109632938e-13	0.07349432153400165	2.595892974707878e-07	0.05074191695567866	0.001288371636585215	0.10151145673910934	0.02536998204309831	0.0009550428484829988	0.029026772938320275	8.583176861922935e-06
E2F3	2	6.491318348176283e-16	0.023635575905671134	2.106896066869811e-06	4.3916888076431656e-10	1.221269774911019e-09	0.010855346981504943	5.675741208642975e-07	1.4020563084888861e-09	1.1154187740896536e-06	7.919038842881974e-55	6.398864683799071e-25	1.0397260323327067e-07	1.9670581467467952e-17	6.466400987808072e-38	1.3676167158132182e-25
SOX6	1	0.004800051993340322	0.004775515578736801	0.12530250994419556	0.09729608669972471	0.0056466677490712115	1.746480336265966e-05	1.000251311275155e-06	0.017190312651115702	0.3062932607491388	0.019608052992809856	1.28666155656508e-07	0.44444590555812546	0.060386772905397554	0.004721075094037642	0.3565997671515157
PAX6	3	0.0003706887010243825	0.3500669411612622	0.4596975021147913	1.209051232416765e-05	0.0003576998787910635	0.04463439264350749	0.39340727778387374	0.0005548504434698968	8.274978671253954e-06	3.111606109184277e-08	5.623336815496115e-05	0.18958358490767752	0.00032639423114976044	1.5356557557827371e-07	9.914561442447202e-07
RING1	2	1.3178630490712149e-11	0.025859283501652907	0.11607370394052541	7.100761715321944e-11	2.1574321816416634e-12	1.2438511790335565e-08	0.277880510216537	1.4097548794236954e-06	2.8573238958771057e-07	7.338767671826359e-33	4.013743248087551e-18	0.004138523916989096	7.790016002748763e-13	1.7955943899362818e-25	4.366134786593427e-19
SIN3A	9	1.0968902873847825e-16	0.002212162243427936	0.13146437353303014	7.449335321474651e-30	2.472313229325648e-16	2.0149979123923833e-24	3.6579054815197843e-06	5.1514755068170725e-21	1.7648136737415156e-13	8.46904087013318e-51	5.211746438767699e-09	0.4891628814785236	1.0279208503083301e-14	5.6382260226791756e-24	8.126955226661378e-18
ZN322	1	0.09804955043229321	0.0005496442137271636	0.41461586972848724	0.17345414725696262	0.17327501849867427	0.19513563029684722	0.39340727778387374	0.34780647350964544	0.29595257872489295	0.27912115158145806	0.0671763523677315	0.0021504079105926738	0.27471552243116365	0.15381350048078735	0.08230834040981831
SMAD3	9	1.1144951898518956e-16	0.1459623034937134	0.49155585144552383	1.6301016013777714e-11	0.0012903586315848458	0.11662206822550569	6.304650899295741e-06	0.0016361479593482663	1.1065112747329983e-20	1.2922930502419279e-34	4.461751097236696e-30	2.031782637728712e-14	2.2426454282338534e-28	7.47337122177956e-35	1.156418761248328e-41
INSM1	1	2.9440861724311827e-07	1.4966440142916334e-05	0.10091274640958678	1.3910247247190325e-16	1.166912279400528e-09	1.7624905442072566e-16	0.00036432974731431757	2.629012854193719e-06	0.0001583400999565236	2.4786803779790872e-11	0.06333461082983441	0.053974863768320946	0.006655797240574712	2.8788861014482354e-10	3.4545130517216977e-08
KMT2B	3	2.2946000666690977e-16	0.0001524574421960762	0.37059202739327957	7.902230845596469e-18	3.3981469326262925e-12	5.1938583441401265e-15	0.0004910347460508159	3.3797732240328886e-05	1.2149858073947822e-10	4.3768133307341424e-36	2.441555854943374e-23	4.976529691347092e-08	1.0009284252416738e-18	5.728171310124616e-39	2.31542148877088e-33
BHE40	2	1.1430794261742065e-06	0.0901191002754598	0.041572882130079154	1.237377686678539e-12	5.747030490511946e-08	9.947595314229051e-09	0.0018536006822711607	3.0977686244625446e-16	0.1025340642214966	3.867056453645559e-17	0.04907353021962661	0.342980970709751	3.586340488908173e-10	1.7030527047108154e-05	0.010482577124993668
STAT4	3	3.1024470404687775e-10	0.06556601476700791	0.08509838440220016	2.065064838875904e-14	0.020277149376841677	5.275454178306161e-09	7.987314810420802e-10	1.2679217829604233e-32	2.471677119183024e-12	0.08209964269458248	2.5765343354391266e-15	2.8075162884698382e-18	0.056196460300952725	2.5270964635411195e-07	2.941341527365087e-14
RARB	4	0.004978695280029749	0.42566959796104714	0.05230792014679568	0.01061938717202927	0.13153088050065556	0.00011208558220398417	8.250708982999166e-05	0.0027636067179830173	2.1471557068607002e-09	0.014861235001156856	0.06641222045159244	0.12256823239602474	0.4142845125571764	0.014248636565479906	0.004717552538638095
SALL4	6	0.016065164995137576	0.4693425914995746	0.03778264830723546	0.3551910914477021	0.09681176200402776	0.0072005828126950056	0.06473397348222192	0.07116120689603618	0.0008394619943456297	0.005463665464110107	0.0008968600988467285	0.08511116468839272	0.00034448471551673797	0.0048825144244390795	0.006404231527258177
STAT6	9	2.3058288398641684e-12	1.0766750370572331e-06	0.4902837334268731	3.1243386704246292e-30	1.77059141383568e-08	1.484279902856575e-20	5.598269224958234e-10	1.3481789437582341e-43	0.002300210482772527	0.06834935219932108	2.911202198991795e-12	1.0221012038283263e-18	0.09150303220483813	0.005197387259311809	1.650305724405709e-11
CNDD3	4	9.358319535995314e-17	0.002091037358604241	0.03246448499449581	2.2625318352309902e-32	2.146114262827389e-12	3.2277518719877186e-21	0.001810705570629098	7.47035428733386e-09	3.720737357053399e-17	8.342931842466497e-37	4.606656994047917e-14	0.007201604108906566	3.97441375787189e-16	4.958677591023643e-30	1.3528865265557969e-33
COE1	8	2.4738377467904908e-11	0.09030945019195087	0.3605601442508409	7.906634528009642e-19	5.2944398027133035e-08	4.084311597144882e-06	0.37874544839560714	4.039326134476516e-31	0.005539866091472195	5.532026376054543e-31	8.536713197806314e-09	0.012470878814489161	4.2393816256365875e-18	1.326185704735936e-18	2.0578847349481515e-08
FIZ1	1	0.023818233766301135	0.20304279861528168	0.37175302853840225	0.0011486153655249057	0.39277924881973475	0.011000634750470643	0.0059435214154201785	0.42029760980981995	2.2770483178066145e-09	0.26945472194579173	0.4166698953546083	0.4404052685460295	0.059304995715758986	0.05584388081888004	0.054197648278105456
FOSB	4	9.63346939246361e-07	0.19311117284861648	4.085014895678199e-05	0.00019318633309528196	3.3929686144993496e-09	0.013822750559428179	0.21889492578720487	5.994116691551482e-08	0.25185962830746117	6.252058471917092e-11	1.0144547454442722e-09	0.0002923037492982377	7.340266209280205e-12	2.573204221201345e-15	7.168210347561386e-09
TCF7	4	9.038796431780868e-09	1.4132074534166683e-06	2.340091296282016e-06	2.9660311757713044e-16	3.875976228105453e-06	1.0523112002257852e-17	0.15048583726818612	1.3365994778713667e-24	0.011655421323730656	1.2285575339528554e-21	0.1538911190216507	0.0006988826350055535	1.2099947632381537e-06	3.107861330791232e-05	0.05213452528962682
NF2L2	1	0.030150627066219515	0.0738519166959457	0.37865085268417203	0.4461639348991106	1.2389489670292247e-06	0.25561356391025936	0.1535435475045595	0.04447309691595638	0.12251977530550717	1.73679776205184e-05	0.06266087643601638	0.16117241956018225	0.32983165278229065	0.021548939717345804	0.12448774088480094
BRCA1	4	1.1847283149271233e-09	0.0014167224019670376	0.04503763595684534	1.2884878220894815e-28	6.760478035534764e-15	1.2899279627745862e-19	0.0014245590946347292	2.7091093942210245e-24	0.29484283259168004	5.646337633818532e-16	0.4325172027739456	4.1157690750878594e-05	4.63072484647136e-06	3.9801258876412443e-07	0.07100920073150141
NIPBL	5	2.0495883270809746e-15	0.005834398845176396	0.0003512061185139058	2.0740411219454882e-19	6.940976215489104e-12	1.212188241485504e-12	0.3013938030666027	1.1917180603371534e-13	0.0004169112946214912	4.405741162942998e-39	2.3222848990693103e-22	1.4412239782889872e-07	1.6236977148617566e-25	5.214032200642504e-29	3.4535872080672075e-22
NR1H3	3	0.0005987969900401879	0.003670206045485377	0.13094117026565824	0.06767297999679191	0.4547176577308266	0.046802551591711095	5.403680989099221e-22	0.12064610999547976	1.0365826839157975e-08	0.14653603258424178	0.4498349103972461	0.0014293776707428325	0.4987195281292778	0.11717707099718802	0.00029584936320263343
ZN335	6	0.033350551274173225	0.14475624508858098	0.0011774319177062758	0.015862768073054576	0.25021274847449043	0.00850514434591229	0.09825298217729912	0.07600010358945698	6.441600962401356e-06	0.042267264541104486	0.2331663476072541	0.027207290696643304	0.4138424964936702	0.28949459737798366	0.23687238240186329
ELL	1	0.04700982883247738	0.27718539430916045	0.010948921078121813	0.1837134674679607	0.06302510646438557	0.0060818356701190955	0.17369371414545706	0.00899590230795612	0.411093679181167	4.4397806856778095e-05	0.01741287729722434	0.19214615861921666	0.3988499658512542	0.10923350737932445	0.28974210683863083
UTF1	3	5.0088694761924765e-08	0.32160666738407667	0.03356635715749986	8.916408513799228e-05	3.592347639251206e-06	0.07541156085733257	0.12352981395449873	0.00038903785657282527	0.007489519530311951	8.954895353926792e-22	3.7094394572974895e-20	3.1148216959924277e-06	1.0221952461373377e-08	1.5883438572218375e-16	3.968464680339708e-14
SUH	14	3.988759207300256e-07	0.4251233400184921	0.39782003916597847	7.53554855767792e-11	0.00013949216451065966	1.649746314866473e-07	0.007031596032827189	8.084672433914168e-08	0.002473277536838525	2.678885303347826e-23	6.561470094524627e-07	0.028494829948403317	1.1261805027062087e-09	1.8044536276630253e-12	6.14867801340893e-06
SPI1	106	6.689598861994126e-16	1.8833623446723582e-08	0.04293557881264653	2.3620009919396753e-49	1.1306136197576128e-22	2.027894379879387e-38	0.12090797754011515	1.283685227046413e-38	0.0012890722563051035	2.928844109691205e-27	0.3021378838591096	2.286220931860426e-10	7.725680913293352e-09	8.064430194201706e-09	0.32545383367985026
ATF2	2	4.585707728616848e-07	0.0005695103615049265	0.10017532614674464	1.2105495265199375e-28	1.7753417531481184e-06	4.780538020193272e-09	0.11827286413198189	9.477750917296154e-14	0.024112554853228968	2.0125985763301906e-05	0.04861523040417512	0.010006697853165684	0.0015291954435159212	2.0235206733896615e-06	3.7884444886535167e-11
CRY1	1	2.6976019868712457e-05	0.014487808190170703	0.3098083153315517	0.17561027206604388	0.0007242454735476712	1.1415793859208163e-11	2.6844161751431645e-13	0.0013356243891442293	0.0004354972207309788	7.056249116836849e-07	0.017143779892227883	0.036732922989914714	0.0005227699971016228	2.30012898855721e-05	1.987624042893967e-11
KMT2E	1	0.03538989829054092	0.003618054651778881	0.0029863903803054033	0.08244893411029187	0.10658135867694173	0.0006784886004602749	0.23506754567817204	0.047269784464856676	0.0012735198655343643	0.009571233845017126	0.17131698243200041	0.26847675742017385	0.26651971456111234	0.32103814867204633	0.1407786549120993
RUNX2	7	3.1621356764814847e-19	0.004713239809263651	0.06805339244933976	2.4040248654842433e-41	4.655092566936066e-25	3.881034438136527e-21	0.21891408567526024	2.399987230155615e-27	0.0002728772187558759	4.14149548095596e-53	6.726142436833309e-19	0.29530374683410093	6.711110652002873e-14	1.157369025295009e-34	7.831312065327933e-22
ATOH1	2	2.1014807570202547e-08	0.027142917139497135	0.0022974532110370607	1.8741208673556145e-09	0.019575866442648943	0.0025992662705892292	0.3168793135290207	0.0028753098017672324	1.0719697445980692e-06	1.0731340942642742e-11	6.941933406120042e-14	8.372600150539993e-13	1.4502100345975055e-07	1.9507360298852102e-15	3.1966716463589403e-24
HDAC3	8	1.7582227264339459e-07	0.004308998609868492	0.0003345684379278437	3.6102369352284385e-20	1.2545974940793335e-05	6.891067450551592e-19	0.22144221564992336	1.8465533211152713e-29	0.15163300674366814	0.00027914711509465054	0.1459496468434769	0.006017993162976493	0.00027903451152302863	0.022815676133304843	6.195143096276012e-05
TLE3	1	0.009392668742647327	0.3745483621274625	0.00013835585594387556	0.32104858528027547	0.37315841594083904	0.0012488277849773569	0.0006428937411367305	0.11274907520504118	0.008161922242567376	0.04470093934992413	0.0010925020061071083	0.00033775655397769557	0.00044889011314007535	0.11793353875025511	0.010385069225937541
RBPJL	1	7.113088011224811e-05	0.001883847968532854	7.04159891298637e-07	2.075675519055103e-12	0.0047954428512345	1.212188241485504e-12	0.14103829886252364	0.001322449785372774	0.282299098233986	0.04497426874525803	0.001827236924036545	0.09147357534381287	2.1930272073521507e-05	0.02904666162031334	2.103383932278975e-08
RARG	8	5.950201091748836e-05	0.000796639008006154	9.820660996124957e-07	0.00020725052800017732	0.00022483817020771984	0.0001356955611224078	0.30958652378301266	0.13410856505216898	0.0367346337072911	0.0038138155655279686	3.4806133347542737e-09	0.0006457441030597654	5.6912309400959165e-05	1.45898173176922e-07	1.2985633273386867e-11
MSL2	2	1.948842620432766e-05	0.08433291800092435	0.010519557060056656	3.5444375296926804e-08	0.40492332898831374	0.01595258442040817	4.983609094009751e-07	0.0015253643985787167	7.705253999979808e-11	3.1675411352560245e-19	0.00398683030370907	0.03970107103381237	0.0009244020451412183	1.4405198073592398e-06	0.001435132840209297
REL	1	1.611943951299949e-08	0.005317540294865647	0.12836858731294237	1.4465579746752936e-24	0.11688748536993905	1.793309480489682e-15	0.0009990616190971389	1.1184865038205194e-20	0.006107569008580898	0.2628189994097382	1.8460297382080464e-11	3.485567570874587e-18	0.006433892873403874	0.000587845855131361	8.850602036380152e-08
CTCF	94	1.1147442303798607e-15	0.006090591896360861	1.3314089833121843e-08	1.8104529035829086e-28	7.926681736088671e-21	3.443500287458171e-13	2.8544261134175076e-08	1.5426862712298518e-40	1.3169594934068503e-05	2.815654678548971e-33	2.135168406894046e-15	0.3957676002634485	3.9102835887480835e-08	1.1623067824952933e-17	1.8207649215168962e-15
NFAC2	1	0.005652903559241017	0.021520174568139434	0.0928727361519933	4.851494442961603e-06	0.08095662521563936	0.00037157932200264766	0.42575115792063434	0.18490833115568525	1.4454034325166095e-07	0.045599031873323384	0.12213018907914892	0.3377576408136983	1.880017448116442e-05	0.0006502798075006058	0.44580115006323323
COT2	1	0.12455036673807032	0.06413690577203254	0.2559930811586219	0.19133852142625854	0.011546202410911144	0.004442904449250071	0.44619481278086437	0.25257229057660946	0.29484283259168004	0.28085265751168415	0.23973355613305777	0.47646765149154036	0.10571083873285744	0.03415823743234879	0.34852088781752977
HNF4A	13	3.16215630926351e-08	0.001977211231962547	0.0007347057228038305	7.44447217536317e-11	4.796527709853817e-10	3.998427569605151e-20	8.543164078233845e-06	6.765170329763244e-09	0.000134846914450289	8.273151850681474e-10	0.023622007971941063	0.4249506958122183	0.0016284317704345908	3.58136764830957e-08	1.2766350345979925e-22
CNDG2	2	6.436046513690238e-09	0.15032575227366593	0.003147240368003274	2.99077985154718e-06	0.001241837043198832	1.8394804655864216e-06	0.16552569338693782	3.140954691592375e-07	8.967110096911824e-05	1.1392027322297927e-21	1.1122397880094586e-14	6.032291680048752e-07	1.7795002508458713e-12	2.6324836040083e-14	3.878250043374056e-20
CDK8	1	2.628906869787678e-13	0.002732874336660155	0.010948921078121813	1.186137864630633e-14	1.4782161579765296e-12	3.985032817037982e-09	0.3419216720372639	2.069740260014934e-08	2.672250889413344e-05	2.0573813870523585e-33	3.7315434344206156e-23	1.8452074037472033e-07	3.689770435394221e-16	1.874450570556046e-24	1.9440850992156254e-24
NFE2	5	0.00022256263084875346	0.01515124930628862	0.07064675855972964	0.0002049620447233372	0.0011113019833183702	1.61922206155093e-07	1.043370802927879e-06	0.0026409229871953016	0.0005313275918164861	2.3331617894368064e-08	0.23493317123468363	0.07833316263781588	0.05146300398669303	0.000611443203661443	9.369920781019587e-10
SMCA4	23	1.3272596841840365e-19	0.2115167029577988	0.4982296098619267	1.9229332984736358e-36	1.5514383357065197e-15	6.12731777233568e-13	0.008051983003181124	1.1996264761499495e-15	9.347604096428931e-14	8.443703445389458e-60	7.392420091814226e-21	0.0007122016267310506	6.336105572062966e-30	9.801713400537253e-37	1.0963345880300089e-23
PEBB	5	1.3033023510577335e-07	0.001444548068774227	0.011493607552642797	9.358779855426869e-15	0.0014066432152865915	5.1139071056433046e-09	0.02376221712475022	1.9910270121859875e-10	1.4597450952877196e-08	2.8975256412202067e-26	0.012009358458437307	0.3030805956251678	1.761224274880655e-07	1.067130846056438e-10	0.0026663024790621356
E2F2	1	0.062345618389137394	0.08827706572600487	0.41181229868232416	0.042204960554309924	0.14706421925484592	1.9551245159780754e-05	0.45586196443372423	0.026569690199377185	0.003983015949736697	0.22148269054549108	0.30671634534327713	0.2702786691501933	0.12824806597473365	0.09293413592710947	0.28783559975449624
MCRS1	1	7.38871072581118e-14	0.0009315847918798142	0.01173010420317235	1.1006896499464733e-19	7.014305763247944e-06	3.582218137024781e-12	4.303207172926555e-05	0.0005668199591216936	1.965525198369605e-20	1.3527857796277696e-33	2.5765343354391266e-15	7.94180468389652e-07	4.509073603390652e-12	5.514852636758459e-27	1.449152271520476e-25
FOXO3	2	1.0275781609367186e-07	0.015206848844419689	0.06792262912627282	1.157266992892685e-06	0.005702577691690238	2.3276615055632136e-16	8.250708982999166e-05	5.080098534986537e-06	0.0002461759065594759	1.7266204768002667e-19	3.5362441607224914e-05	0.00015955123759242294	1.3615238119245694e-11	1.467101064647243e-10	4.594055823950623e-11
CRX	2	0.005042097392887904	0.3871979083797581	0.07189842061012441	0.29701478730273456	0.439953096880167	0.004123415183415758	0.3437416041849496	0.01784941546917909	0.007424262294895221	2.2246382429587255e-06	7.202317237928851e-06	0.0013383204194266274	0.0012425844859619043	0.003668129242923689	0.00010277598386830058
STAT2	4	0.0	2.1109630617310064e-09	0.06840082750292127	5.187001703547923e-22	0.05245715297017764	1.6049163618775544e-14	5.936524626167257e-32	4.3654551681921105e-55	5.419716406313184e-37	3.5309983076710994e-31	1.4293350385962896e-77	9.932894517566803e-85	3.0269452084517137e-23	2.2170748162346648e-40	5.7840093843485435e-52
NR0B1	2	8.739354123726349e-06	0.16164910861678042	1.60048336894279e-11	0.016110165781389105	0.0001528353347671341	0.00993871578567383	0.00043818381188589925	0.1458436225969981	0.026178914289694332	0.002979852017225149	1.6263194059584602e-14	1.855997386219963e-07	4.641119591384042e-12	8.427759746754257e-05	4.0684031487917694e-08
HXC9	3	0.024614419672320875	5.756664572376116e-05	0.3410129601338186	0.052732865139236404	0.0036166709713633585	0.2576121459897126	1.6099847784452788e-05	0.10954237796494232	0.023579353792813045	0.36137274181437745	0.007440521770904073	0.25472160995063353	0.27951397566891967	0.07963880120676248	0.04900803071606925
ZIC2	1	0.004297308653992269	0.002486360994752509	0.013903636798535795	4.772245842480568e-05	0.0040952533399833185	0.0009004052389313122	0.00019987458766299458	0.0036518005512980118	0.006391719137551111	0.037016499744116464	0.01299072699759954	0.00401801154350428	0.04257485562518763	0.2640540968729269	0.0011880893009359903
NR4A2	1	0.059575195739834184	0.2896614450252668	0.32691174984522925	0.13575666673876238	0.12870403121405286	0.04243791272398368	0.19788480662444505	0.40496651984910653	0.1117729984035756	0.4698997360207447	0.0011981523818811878	0.0014103386893590537	0.029723162358484725	0.08300288629240955	0.005758253493551806
KMT2D	13	1.7990695551649558e-17	0.0011136010511649424	0.2518062406403851	1.5011105088393453e-37	2.574314590938227e-20	3.5658667252930254e-14	0.18764451741032945	3.790938495477715e-26	0.0012735198655343643	1.169103356908149e-42	1.0367375193734244e-17	0.02536998204309831	3.526391080273283e-13	2.3431257657799331e-26	4.183883160219776e-34
IRF1	4	0.0	4.369355857397152e-11	0.13542954694027848	4.0240053526064826e-42	2.7161130819890114e-05	1.8895323184254366e-18	3.339982989412264e-17	8.669475843173763e-58	5.53502872779824e-18	6.028918357553983e-10	4.1842481669907394e-46	2.3614396529304544e-57	3.098882210581373e-07	9.498399432886142e-22	2.8009039176132326e-25
KLF1	2	0.007989704546942925	0.49300402033017343	0.0036526290218971452	0.3047523918147373	0.39482730029750185	0.4493083869630478	4.44972933340765e-05	0.020606088431063294	1.7051185543569032e-14	0.4033176691748035	0.18765479233776322	0.033957687665809734	0.04465340146309075	0.06139942133462185	0.4027426750897634
ZFP57	1	2.010445028441866e-05	0.3593074747265631	0.010948921078121813	0.3047523918147373	0.08005249840189786	0.07508820554278857	0.03270599007052288	2.1110388990329165e-09	8.0344123338028e-11	0.0005019533710848374	5.329766775936271e-09	5.181402039373021e-11	3.7909728066011474e-08	5.004391431257773e-06	1.6763359365134844e-06
LMNB1	6	0.13380542710709478	0.31707805949694906	0.23011202808816306	0.21335543196593937	0.46774348438861413	0.021349336533613587	0.44186018978775	0.426728441009586	0.1063281710731153	0.166305457901794	0.004595997783154536	0.12518253653208508	0.059304995715758986	0.07051309662812384	0.4728843279429026
TFE2	15	1.1682142602299655e-17	0.09835267188428647	0.37362948148931724	1.8292616019183194e-18	3.69326555357588e-12	1.50430436910442e-08	0.0016545562438411757	4.602333725107828e-18	1.468812530210415e-09	6.466962544593961e-63	1.3699617332334108e-23	2.0080062641626974e-05	1.6565574322318284e-28	8.582308919903748e-34	8.34555415867279e-20
DMRT1	2	1.2074957588093974e-10	2.7087928170026066e-06	0.00260803807585698	6.432454495487952e-06	0.03422382293883562	0.04047546224263351	0.007358956556565834	0.0008440077465644106	0.01394084304231204	4.8249095697754375e-31	3.356577396892866e-23	9.438511935053809e-11	7.431294780940055e-13	4.693585123962307e-21	4.820605024493016e-21
STAT3	22	9.737796384186943e-16	2.9713034273081816e-07	0.015803999821102154	4.315764871498823e-60	6.718039938775516e-07	1.9832182656369107e-17	5.493179350267344e-05	7.04595948734935e-49	0.3378822386930319	0.005623871781840264	4.013743248087551e-18	1.2885654292071693e-26	0.007453157468574836	0.00016559115838483192	5.438342557528026e-16
JMJD6	1	6.145266106613252e-06	0.4251233400184921	0.00013670879168041635	1.0733308367451462e-10	1.6590708196603457e-07	9.442301067242128e-05	4.983609094009751e-07	2.3654964861169354e-12	0.00019615720344827713	6.622702481125462e-06	1.771841571527648e-05	0.16688973207336635	8.30619076321008e-05	4.649715924848844e-05	6.409045191357081e-08
CEBPB	41	2.6466681442589528e-14	1.3061103155549308e-05	0.2793561688402384	1.3310345099058734e-54	2.063582474982208e-14	3.938753811713094e-26	0.2644126188930591	3.3391688603899303e-38	0.016616306300951574	2.654873558989488e-21	0.3659001961614019	3.7278694066920335e-08	6.939449880846693e-08	1.8194502386052754e-08	3.125340248651031e-09
CNDH2	7	3.4627621608560458e-18	0.15666104549548626	0.00018720623928939514	9.003351406447844e-17	1.1309956423804723e-07	1.3428795376866019e-17	5.9840862902224016e-05	2.2144857836768495e-05	5.823771038736163e-21	6.561321467257722e-36	3.976690007028268e-24	2.9309268167944983e-09	5.49970309730878e-23	1.157369025295009e-34	2.3655361561151018e-48
MBD3	13	9.794629221218761e-17	0.0002773768529348962	0.0009717842316203665	1.4708436258932678e-05	0.014061218397902416	0.058648334284331714	0.14390431099381817	1.9808548575109697e-06	4.733982995401528e-05	1.9769888570306592e-39	3.687610579779611e-43	1.2385634686978803e-17	8.29446343647338e-25	9.402854513030434e-37	2.407011109953267e-41
SMCA5	1	1.267466407599657e-06	0.004386595942992519	0.0024289618389233968	3.459273247165723e-24	8.991446465839909e-05	4.72609755104411e-05	0.4191315063663889	1.8130983537122646e-11	0.017107137072402592	2.7752303755288064e-06	0.0014547821793103087	0.4676568862116365	7.408708013020911e-06	9.282947336838122e-08	1.0443432234791915e-12
MAX	6	9.895406783680988e-15	5.545054582722992e-05	0.07394969070382086	1.0350701793390326e-21	5.8009698472995105e-11	1.2902764735237262e-24	3.7298768027158047e-06	1.1353554953959617e-12	5.072337688909465e-12	2.0753417251110072e-37	4.436048475692741e-10	0.016770298876927266	4.524465103612457e-17	1.4361993541720544e-24	1.2607604355367663e-19
NKX31	3	0.012088073253453334	0.4388055785606801	0.23644080494842276	0.0074716315376443755	0.015455114222010636	0.0009063408426990327	1.6159389402396403e-06	0.09853401533217991	0.01835927323355486	0.029695653627110345	0.012530817252884673	5.0000419130877224e-05	0.014924201076518945	0.49129361965151347	0.32845858621915824
RORG	9	0.0004587571768770737	0.07901347015247696	0.005178064363045398	1.1402192323874851e-12	0.10104840410021443	0.08207730461281017	0.11827286413198189	9.068086551366336e-08	0.2647011278584481	2.951789093388767e-07	0.45594652298081956	0.28416451747795296	3.716773839360312e-10	0.09526563887692029	0.0012294833484819442
DNM3L	2	0.07730993940663812	0.04063378181342018	0.13830288060144122	0.17943225383644745	0.12393680286828583	0.22622212409000744	0.14969839470284926	0.12952253425753105	0.33364187008717616	0.009074940628112182	0.0018549200533161145	0.2588287886126523	0.27310683760362675	0.09313060972334737	0.013442829860382626
CDX2	9	0.009752319957550177	0.12897614541476501	6.583864317961949e-06	3.179333410708477e-05	0.0006875120276431053	0.41084354535008855	0.3040775959963787	0.39894789662662494	0.21478878511733202	0.047803043466819226	0.003913921982662444	0.0016754725566187102	0.38559578723820886	0.0009826172650467758	0.0029825941665226428
NFYA	4	1.4288449360470171e-08	0.4405891620367415	0.20521576753551765	6.588176336263293e-11	0.0007723656177531452	1.2097412004675478e-11	0.37277497858251185	0.46661399934340536	1.468812530210415e-09	1.3942293291534e-12	1.5445908325681062e-11	1.3840894167450098e-10	2.4058166316627124e-13	3.0160254158238225e-16	4.807131718958706e-15
GLI1	5	0.0003597516078316607	0.06556601476700791	0.26990549359024474	2.197127886062568e-05	3.4985090181011762e-09	0.019762342892730437	0.28567540090506227	9.8389589680568e-08	0.16834229632564393	1.3470861791714038e-06	5.113310576893895e-05	0.4676568862116365	1.2147042827461503e-08	0.0010542266065539162	0.011591148534907838
PSIP1	2	0.000625428033801613	0.001883847968532854	0.0003538493546516974	0.15670937967785611	0.30535361772928593	1.1838591098919742e-05	0.0009925084903521213	0.08575214743436034	1.7550510351170405e-07	0.000392038459563508	5.164223676665494e-05	1.9018490364344316e-08	0.4909623137765593	0.05838529985006019	2.250557210247293e-05
CREB1	9	1.5935613370040807e-11	1.2801567261608627e-05	0.41181229868232416	1.1764583794383995e-46	1.5339018229250202e-13	7.441962178780117e-30	0.4171146418718214	7.212996964534851e-13	2.0565234525098864e-06	9.25992081337584e-14	0.03414649595510645	0.009966431276700272	1.254299071437843e-07	6.322535917246641e-09	6.2208336247440036e-09
PHX2A	1	0.003150684425582202	0.06209969570588512	0.2816653068342166	0.012708377691851288	0.4516900629234892	0.22234548424008158	0.11674737279360396	0.3296807088114113	0.20401218814565011	7.794196123333285e-07	1.447036461593348e-07	2.1470671366141835e-05	0.004287205693366679	0.0004678563967118295	1.1155956361226957e-05
TEAD2	1	0.00014671078149500994	0.001016349593667349	0.00045581080339904934	0.4697262992798009	0.13387012171056945	0.021513410670351642	5.8647751915468477e-05	0.11476362770066531	0.00021212061411777835	1.834622030565064e-09	1.5370901644554473e-07	5.099748814765675e-06	5.817018708278724e-07	2.131223843379955e-06	0.0013416527305091792
STA5B	19	8.115481880513602e-11	1.6162915791476981e-06	0.3358732536518612	3.705751140302397e-42	2.1853572600738357e-06	1.0620407366738739e-24	0.3340381474432128	5.341925442640062e-31	0.2034305104765878	0.009706749258361172	6.460441152740747e-11	1.196683805793707e-16	0.05318892781324249	0.015579936337274202	0.05099799227587482
EZH1	7	1.324358441464949e-09	2.366136655964746e-07	0.02619444186230463	0.056988480134274655	0.10895247351525811	1.2215519860349313e-11	0.000628290095948654	0.01747185869318071	0.3583569098303882	1.2507115225256612e-18	9.374760646845176e-22	7.242437035196598e-15	7.470065810599197e-13	1.8712594884871193e-18	2.3260385334565077e-15
KDM2A	2	1.575292817191933e-20	0.11080879898063041	0.05045234570587421	6.518653351165065e-11	2.0399163059324544e-06	1.0029826779035251e-07	6.841314640745924e-06	4.708923657532278e-09	6.609034292207347e-17	9.643033244167917e-68	2.831102765039055e-35	1.1448718378551137e-14	3.014565372712018e-23	5.761647207865955e-49	6.724222272030632e-37
SRSF2	4	0.0004414331039992132	0.16002726097153228	0.0007819931052034706	0.3102408010881171	0.3970940823171263	0.0018503547046473962	0.029836332868040313	0.008215828779536081	9.368482522760585e-11	9.599040042116847e-13	7.333232258180244e-05	0.0037282396726028683	0.0005210381133594768	0.036245992942170305	0.003285804601612249
SPT6H	2	8.213335110741439e-08	0.014706449270439207	0.07695003263432902	2.869217157975685e-17	2.9596091792465588e-09	1.8850005434236324e-07	0.06631997222254442	1.627849061449347e-06	0.00014456321142001296	8.681225649898781e-17	1.5714649121687456e-08	0.26561946016074656	1.4377267310354623e-09	1.001529743256668e-12	4.309685890344206e-09
PHC1	1	0.0001721524258399399	5.750426278845798e-06	0.013270438240712591	0.014823451132402677	0.3912553660599646	1.9696559695113995e-05	0.0009925084903521213	0.24487657863801254	0.45133164838662115	0.0001727580898870259	1.018792068911974e-07	1.6118507846312e-05	6.447109152456869e-08	3.95635729029502e-06	2.902098582954644e-07
NELFB	1	0.005677542813366661	0.0009794301754234706	0.0012806017361046674	0.0011486153655249057	0.24066797418120842	0.0042174977436814035	4.0661321919922944e-07	0.014689639930485134	0.0458446159194129	0.004110889703153325	0.4953307506064984	0.4371789325577212	0.006039568494114176	0.0006823726030725237	0.02461567133618372
BRAC	4	2.3151727786417564e-07	0.0901191002754598	0.2927203540644223	9.464405463000576e-05	9.306473174882924e-06	0.45953753352279847	0.3563037159876721	0.0026712817337674892	4.5088189400027965e-06	5.871719123134962e-25	4.411033786867106e-16	8.330733404490673e-07	6.764599679389205e-09	1.0915753713452155e-14	1.7410486806006301e-06
NACC1	1	0.002397966475565012	0.09393313014077902	0.18760634462497375	0.01244816044527704	0.44499281804790536	8.154129533871914e-05	0.16552569338693782	0.4698759061792549	0.30145598897579123	0.020240460074944604	7.73152271658754e-07	6.966911931004484e-05	6.264200084846689e-06	3.874723934467094e-05	4.209172919323846e-06
ARX	2	0.004142567432080985	0.028136281502919424	3.531225518568201e-05	0.3877890308033194	0.14189587246176202	0.013788412518123955	0.23753910100759845	0.3273185692917788	0.004653058668888172	0.19351223351363211	7.984317087157881e-05	3.442851193703905e-05	8.255671568962983e-08	0.015579936337274202	0.002348960343087705
KDM5B	1	0.0006406556436932166	0.13410276530609375	0.00045231023419042377	0.0003731253459083555	4.536709587789277e-05	0.04350777325597523	0.0021864619872421377	0.07369366658130204	7.5492764664109345e-06	1.9023227172366396e-07	8.774793740353668e-05	0.37877157451752247	4.200359755718268e-05	6.630711674826814e-05	0.002050623377468703
MK08	5	6.141909047329337e-13	0.20422098343371328	0.006673045523932424	9.367820489703524e-20	0.007938715334666547	7.161002025263222e-10	0.00013309918258656275	0.3016978786807955	2.437775280355062e-19	1.6914205510487127e-31	1.525396403214813e-13	6.163988900245495e-08	3.0850830490679666e-15	3.211580225747072e-29	9.710401296467159e-22
NR1D2	4	7.383195334556423e-08	8.61702736666454e-07	0.11253258372234255	3.9497440258675897e-13	5.905480518634681e-08	1.1564513079743294e-16	8.062012074859995e-05	3.5057320702202144e-14	1.2822443969749085e-05	2.303529290390405e-13	0.011790167347026382	0.48720571095074516	1.5953862112025968e-05	3.259500137248397e-07	2.1927939340173625e-09
IKZF1	10	4.671941555137785e-17	2.715796033633858e-06	0.004814260811411913	1.3478008254085045e-37	3.7684092455954933e-22	1.404826418299237e-27	0.24853556736780283	5.894189318003566e-39	0.0006255518746354872	1.6207058652648217e-42	2.6629944600219463e-05	0.22218178285444545	8.675631377037646e-19	2.189721343836527e-21	1.5155895172330478e-08
PAX5	5	4.071488783796648e-12	1.872251319178501e-07	0.04437069215186392	1.5426398062022702e-29	1.3324208438774635e-23	5.559332746928383e-31	0.0020904731268316006	3.1950311411924804e-37	0.19868168204491532	2.2679732761838434e-13	0.16809207548219804	2.7325338823465394e-06	4.59940723739932e-05	3.572408441500507e-06	0.1595383943362347
MSX1	1	0.007893681837842675	0.09030945019195087	0.3410129601338186	1.7773815237387882e-09	0.01923318914661624	0.16498811843298147	0.3420125360745614	1.8435444365682033e-05	0.0016356737145596938	0.003479847076897641	0.3210504964684316	0.013220216680494116	0.12824806597473365	0.012148659219352313	0.08846721788105316
TAF9B	1	3.6839374005665694e-08	0.0901191002754598	0.45533237949126726	0.007724377813696353	6.799092385059411e-08	2.08686063767022e-08	0.4821562271485721	0.0005513210362597101	0.07069259094826602	6.605856192617928e-15	1.6186752073306332e-14	1.167870497882911e-05	5.037582739728934e-14	1.5015812524725164e-18	1.0621780331257877e-17
MYBB	1	0.004405467533358713	0.264079622532953	0.002840749652835883	0.28708130537010046	0.031198189388435497	0.4493083869630478	0.019977128015925844	0.007967904501233275	2.1251316122343053e-07	0.34513199704995495	0.002821113377098726	8.334695837227619e-07	0.001195192828839403	0.00320069958615482	0.003271899627223241
ELF1	2	8.363393326861266e-11	7.892604358778342e-08	3.6202419143169375e-07	3.8124766000279e-27	1.670621352945173e-08	4.7235125420727634e-35	0.19727522815891402	3.200253460030095e-21	0.017211420569667093	2.3596670242479183e-07	5.953777899087765e-09	2.1966029721954492e-12	0.015683718849061855	0.3769822707302145	4.806274300984426e-08
OTX2	9	1.4284983491402195e-15	0.00015634717635210754	0.11704123738519345	1.157266992892685e-06	2.707491278274846e-05	0.022284070443528883	0.004224793429332782	1.9859359478734778e-05	9.738341078947128e-13	8.354373337362991e-50	4.299689018984415e-31	4.3959748389303625e-16	7.184862008425313e-22	1.7068134371162383e-31	7.288295828544076e-26
ZBT17	11	8.331542154519225e-09	0.13578150695636837	0.00036045009403794665	2.609603869911839e-18	0.0013379402864825921	0.0012929113583330654	0.015641986741875908	6.703884247004561e-14	0.0004909082958482779	1.0489582531306351e-24	6.561470094524627e-07	0.0033634145372071094	4.037944243213198e-13	2.946955414196177e-16	2.4785476792685073e-07
NR1D1	4	9.711600748956593e-05	0.00026010382784017166	0.04462528487867899	1.8767028442086414e-09	0.18949528773780122	1.1118911605682944e-07	8.218345137706126e-14	0.0008536008543635805	5.901942026716415e-09	0.0013244074320433042	0.17825459282580053	0.2370343478886348	0.1944430012297889	0.3161336942827611	1.015585871453363e-05
MECP2	10	3.0675754775413706e-05	0.2052594575647337	4.4953111456218276e-10	0.00027408238962141205	0.18008222830792547	0.08433229223438699	0.30643613882347254	0.0013001955877655713	0.4763335178705622	2.2627947231341485e-07	2.0462890156375597e-08	1.6365804637253978e-07	0.0023282427137516124	3.580210353641447e-07	1.4189878417194366e-14
ISL1	4	6.2645394806028985e-06	0.003850842552552408	0.43045128283334555	0.1289257044383862	0.002223645064529731	0.001797739084118829	0.007391957677171907	0.3799669017479796	0.09868257565431655	3.929075196764844e-12	2.5765343354391266e-15	1.5643986111981478e-06	3.6802393904077764e-06	2.4050907745130646e-15	4.3192639591750496e-09
PTF1A	5	0.0008609062667695478	0.2785933684101647	0.0011057041554206467	0.3079446009522257	5.5568859878553446e-05	0.000986531224581645	0.3489261577020042	1.641994917061456e-09	0.00022546079557470453	8.146200729267813e-05	6.07047123815361e-05	0.12326593823125791	0.15444521974833209	0.002160898093585775	8.989836818315964e-07
KDM1A	13	9.650225822788611e-21	0.01946563839353928	0.012906116039239217	2.845167751530215e-41	9.623922282452487e-17	4.920426161653648e-23	7.383234619349696e-06	1.1996264761499495e-15	6.402816705873076e-20	8.443703445389458e-60	1.2565290857934656e-17	0.04664504484650399	9.89446519329121e-20	1.824688539814913e-36	3.541945416280214e-27
RAD21	19	9.034987578689711e-12	0.004775515578736801	3.697784376271253e-15	1.9449305621512205e-19	6.698641993906586e-16	4.839981621846512e-05	8.218345137706126e-14	1.2430471129247726e-29	3.892827648449003e-10	8.716814281936281e-16	3.474972463371025e-11	0.34385755156992326	9.817807337912495e-08	6.212682503279226e-08	8.585604404082589e-09
