TF	Number_of_ChIPexp	p_value_mean	K_Virus_0	K_Virus_3	K_Virus_6	K_Virus_9	K_Virus_12	K_Virus_18	K_Virus_24	K_Virus_30	K_Virus_36	K_Virus_48	K_Virus_60	K_Virus_72	K_Virus_D5	K_Virus_D7
RYBP	4	6.03845181114e-16	0.0804698311256	0.412390501568	0.00304685571457	6.61817180297e-07	0.0758531580015	1.28900643877e-08	1.40081437655e-06	2.92163092059e-10	1.38687451409e-43	1.57961502436e-31	7.67970801576e-14	5.77834604e-23	4.57074958684e-35	7.20224675079e-36
ERG	7	5.91476101586e-17	1.33706668907e-05	0.124420503685	1.08179988967e-48	2.8196115748e-15	4.67414581095e-38	5.02315739943e-06	3.28477476839e-22	2.36417333112e-16	3.65364637406e-35	0.00542871157339	0.00209355571305	8.34960245089e-13	2.91352460191e-17	6.86251553343e-12
BCL6	4	2.30849480175e-08	8.27619682691e-05	0.000181395715439	2.05834025185e-17	0.00291012519232	2.1613550876e-21	8.69330928318e-12	1.87761674853e-05	1.24922085269e-12	4.85525029093e-10	0.406914437087	0.234076291656	0.00199573973826	5.33739292044e-06	6.25252272413e-14
JUND	6	1.0874877665e-12	3.4466866338e-05	0.470309251448	1.01242501364e-37	2.5350083537e-19	1.03310133308e-30	0.0114083307302	2.73166894542e-36	0.198283105699	3.66389300235e-15	0.103525065417	4.21632402727e-10	1.89370213471e-06	6.1947580241e-07	0.00649346710483
TAF7L	2	1.22631117383e-10	0.00110663769702	0.331648197795	2.06873833657e-11	2.95881266491e-09	1.97482425163e-21	4.69927820924e-14	0.00617315494472	3.09950790713e-24	6.03512004428e-20	0.000593902287873	0.169269426095	3.92950847127e-08	2.07888431084e-16	8.79824281471e-11
MED12	3	8.65964222234e-06	9.76891710862e-13	0.280170233728	2.66453193238e-08	0.0334962319952	0.101273804135	0.000920524220069	0.437893056257	1.20765130376e-05	1.42449164111e-09	2.45547685671e-05	0.00142854004269	8.00565318718e-08	8.71694919822e-08	3.17557647192e-10
MYCN	1	0.00751714828905	0.369753499542	0.00038552703383	0.00743792306324	0.0714151910421	0.00269642502945	7.70127309719e-06	0.150333270717	3.50827777659e-05	0.000762690136769	0.470762874757	0.0419713021681	0.0294523540185	0.00357427673514	0.139837391051
CEBPD	5	0.0256130366155	0.0983753217428	0.06319650574	4.22578210843e-08	0.103672231047	0.47995918109	0.106247515418	0.0451101700408	0.12704677651	0.324699031177	0.00133756050525	0.00193135859131	0.0578236115402	0.480805537417	0.281716956555
PO5F1	43	6.82388561641e-19	0.0287198768047	0.0156590902425	5.32490249989e-18	4.83363509898e-11	8.85421011232e-06	1.09981580526e-06	1.39782425192e-06	1.32418390406e-13	2.73509329443e-44	2.50246302626e-37	1.7969673919e-12	2.35178310452e-25	3.9876850275e-37	1.97260866757e-41
RELB	1	3.24993488691e-07	0.0766259827601	0.0558571286606	4.67059548298e-22	0.000431199371335	3.79808554527e-11	0.00015504833631	6.85017671711e-21	0.277645255564	0.0416837070212	2.11367063607e-07	7.6311453657e-15	0.0734278216123	0.138579592805	2.22005132442e-05
NKX61	1	1.27169063116e-10	0.00164438894894	5.84839110091e-05	3.94877616565e-13	5.49836223423e-08	3.47731141575e-18	9.02548049903e-05	5.42537069402e-07	8.65593327719e-13	7.39886357416e-22	1.10719652722e-10	0.0588482127222	1.16700162922e-10	1.87581030383e-13	8.9076502337e-18
HEXI1	1	0.0687501064353	0.246848073085	0.0176254375172	0.0300653297565	0.133585325687	0.00179332629323	0.41801447181	0.256602572954	0.24972734052	0.440769143614	0.404590286629	0.131253133649	0.0619379028516	0.342426980859	0.000126471990152
EHMT2	2	0.140405548036	0.397563361505	0.491484118052	0.353920964034	0.375879086214	0.00228231061862	0.218785548035	0.440621329738	0.336588233633	0.00533042392504	0.0342180449586	0.219948672841	0.2489742285	0.145191652967	0.414493105762
DNM3B	7	6.8121567653e-05	0.00375365183261	0.14166395324	0.33909772059	0.277533982275	0.116692201094	3.29595745933e-05	8.31540485726e-12	0.0800448627244	2.78475145237e-09	2.98397746153e-08	3.69423366388e-06	0.0011757276038	1.54131705539e-06	6.50257183215e-07
SETB1	2	0.00149933621344	0.101732551684	0.00329619907336	4.45778837495e-06	0.000444078211809	0.0661733938697	1.13121456599e-07	0.0299080299911	0.401704643	4.09524064426e-06	9.73802495276e-06	0.38023196572	0.000197103403873	0.0308174323487	0.0527620399279
SIX2	1	0.0307714283791	0.093097596993	0.0256426267448	0.203840630633	0.213823633426	0.00191583061317	0.226680261099	0.493278968188	0.118536316971	0.000214438158402	8.68027524976e-06	0.0388664616134	0.0975118792219	0.112786203098	0.324624155012
LDB1	4	6.07838884244e-05	1.12516914158e-06	0.0052943283609	5.96103324106e-10	0.280967302618	0.0466126419963	1.0839761176e-05	0.0194061452632	3.40751500709e-07	3.28376157118e-13	0.117661718955	0.0700467787409	5.26800886631e-05	4.48518515704e-05	0.000440869809311
P53	7	7.5877620402e-13	0.111810309772	0.362459014505	1.85794647875e-13	5.05534777314e-08	8.50874708747e-05	0.244645582721	1.20980352012e-13	0.0839923514741	6.03779165164e-40	6.38301584966e-22	0.000305347633038	3.34413052606e-11	1.72139301534e-31	3.84456674687e-25
PO3F2	3	0.000378796936328	1.8134161559e-11	2.12732716165e-07	6.76472537248e-05	1.93706889771e-06	0.00331481602551	3.72446736522e-05	0.00184185575247	0.0130026514648	0.0262945298157	4.67596007204e-06	0.163390196521	0.409378643204	0.214985576635	0.473866013139
RORA	1	0.00103203090262	1.18594597224e-06	0.280102345434	0.00288031372517	0.000602320129266	2.87701349371e-09	0.00365589230021	8.76734523137e-11	0.101865236731	0.00208395761371	0.252946256812	0.146554522063	0.0377622256028	0.0787714374334	0.124990466761
WDR5	4	9.28831618161e-13	2.89113140683e-05	9.88860136481e-05	2.70193614106e-18	2.15601158232e-11	7.83787728917e-12	2.40900495045e-05	8.18309495289e-12	1.30835752453e-11	1.49594412492e-44	1.6142428558e-11	0.0316964808306	1.01274860438e-09	8.26001980293e-18	1.65017797217e-12
ERR2	6	7.04038807424e-08	0.0700478203697	0.00934931898562	0.334550547385	0.0768613989012	0.00291569787498	0.00403472467188	0.420451674697	3.75136641813e-06	4.33557993568e-11	4.54000565409e-23	5.92535475114e-10	2.37454727795e-14	7.2927072554e-12	1.16481834194e-18
PAX7	1	0.000295851806188	0.11339205744	0.0272407832757	0.217078180995	0.485206910629	0.0280446773977	0.265548622442	0.00310349993801	0.142891067043	0.000931344948219	7.90904980515e-08	1.15735156419e-07	1.19820433967e-05	5.21918968814e-09	6.87081577798e-11
KDM6B	5	3.48023671322e-15	0.0461981044922	0.422376125398	7.30182996314e-30	1.55027180351e-14	2.87622488492e-09	0.00197296995973	1.52615519351e-09	1.14323219795e-10	1.05946830263e-39	2.69262989316e-16	0.00189944758804	4.49205190554e-17	1.44867446128e-28	4.9587923375e-27
MITF	1	0.00589322786925	0.261900968393	0.213037062983	1.37899965975e-05	0.0159315762603	6.94125019848e-05	0.238748527834	0.000251299114137	0.0663065625765	0.0100073048127	0.279877467013	0.169537659654	7.89875982599e-07	0.00176470156771	0.0272033757176
TBP	14	2.43810295006e-17	3.06361799943e-12	0.00674991232348	2.60475740171e-51	6.68037989237e-18	1.67421436409e-36	0.0303171078627	1.50738628938e-28	5.78628017881e-12	4.24998060745e-33	0.0098322457291	0.018828251886	1.13791249229e-13	2.99911728763e-17	6.13129955195e-10
GATA4	10	2.22734430671e-10	0.44951091727	0.0225193083078	3.45725316264e-11	7.70132539931e-09	0.0258135968542	0.177654390629	4.04636381936e-12	0.00479676916821	1.12100450652e-34	2.9391220969e-18	0.079573283677	3.44074188544e-09	3.45785835671e-21	9.88419404498e-18
ZMIZ1	2	1.00813817363e-08	0.0119360293712	3.25167787254e-05	2.90273092313e-23	4.64992359434e-09	4.97718641129e-12	0.00431238924523	2.40774191851e-27	0.000205020720986	3.54248975745e-13	7.37589081013e-05	4.51584309348e-12	0.479118653455	0.373330268471	0.00956209573367
GATA3	17	4.46313988585e-05	0.000330994573863	0.0078930870503	1.34116907822e-09	1.34674339214e-07	0.298430485642	1.81917871508e-05	7.43083741527e-14	0.000173769979589	0.0822161415481	0.165673536836	0.00467121829842	5.53536220609e-11	0.245443383871	0.00435173057556
NCOR1	6	2.66205017223e-08	7.40333493261e-09	0.35468077437	3.21028570332e-26	2.06236705792e-08	5.95907391928e-16	0.162627334214	7.95981103748e-32	0.372889802862	0.000151770120383	0.0194955694152	1.63722897761e-08	0.0122241512957	0.210366820653	0.144068638079
CXXC1	1	7.82822905782e-14	0.000297669739924	0.318650223751	3.35798391377e-29	2.86342362015e-07	7.98162621579e-15	9.53467258815e-09	0.00532406631237	1.77474304879e-31	9.72368452166e-31	6.57649540266e-09	0.037870015158	2.15783464853e-10	2.01282521317e-20	4.7049500987e-21
HIRA	3	0.0011706124526	0.064089743303	0.0163165343294	3.57992286014e-05	8.19308292002e-06	0.18312259288	0.31254386159	2.99020271662e-06	0.00240977449856	0.000828204364649	0.0602047524815	1.40011976088e-07	0.00109504088684	0.177998352807	5.27153085852e-05
SNAI1	1	0.000349115954016	0.451756845797	0.449932475967	0.000763778985515	0.0229047184022	0.000808557716889	0.0628137007623	0.00840826477947	0.000683457938057	2.0983407337e-13	0.000205970623588	0.0143434770813	0.0303980347588	2.64301463264e-06	7.7297705491e-09
BRDT	2	0.0307472659241	4.27419098178e-05	0.00308627919753	0.10263825333	0.254764927299	0.116148212481	0.30483689199	0.487472431833	0.284745710203	0.21127636179	0.0137319244915	0.00336119827577	0.000468046326763	0.0400160861623	0.218004683084
CHD2	2	6.78214367121e-10	0.0207185424704	0.494018571168	1.36242469971e-29	1.42867532417e-09	2.33889531336e-15	0.0378050694229	1.6083120522e-16	0.000643436996848	1.09349451065e-25	1.83156469743e-05	0.191495705493	3.28664975987e-11	4.31276988061e-11	0.00439586634211
RAG2	3	7.46065409771e-16	1.93139819526e-14	5.87853437574e-05	5.52252671743e-40	5.72903070124e-16	1.6551713899e-39	0.495804041889	4.74477706057e-27	7.03671988283e-05	3.2355643611e-30	0.112695108528	0.00725693774996	1.72390035129e-16	2.02108336555e-16	1.82420151013e-06
CEBPA	28	2.93426425527e-15	4.8718758251e-07	0.0498548495242	1.02479316653e-52	1.98850968899e-18	3.95488324671e-33	0.171195171338	4.67002629874e-40	4.62792707011e-06	1.96754443346e-20	0.291085308627	3.94893546162e-12	5.29232713272e-09	3.75213597788e-07	0.0107830207076
NFAC1	2	0.00362998900231	0.0200248891618	0.070633002153	0.000232487186044	0.160753465102	0.000268251740096	0.241968384065	0.000496640951889	0.00882496383363	6.63131594365e-08	0.0407600850604	0.170350089581	0.000220826650787	9.35166211693e-05	0.482350890406
IKZF3	1	0.000885150116822	0.00227946318487	0.0026683797406	2.41837640324e-14	0.013209109165	0.151389348665	0.492761048542	0.00571559763262	0.000965080693855	2.53458347233e-06	0.0395200229474	0.341195787443	0.005663622857	0.00318183436607	0.000368046831511
TEAD4	2	4.19265566589e-09	0.270290441094	0.0211993585971	5.4611838228e-10	1.02282645526e-12	2.246542419e-05	0.124744866683	1.42707135604e-07	7.46425705484e-05	4.14608158226e-23	7.70961803351e-14	0.0613263982772	2.21875098767e-07	1.0894957258e-21	1.14547271449e-13
BAP1	1	9.25763763796e-14	0.0086345451212	0.203325720713	1.02605436415e-21	7.90283522888e-12	1.4802622652e-24	0.0693836619998	5.86834085423e-13	6.48790562985e-15	1.64345156439e-36	7.00038894242e-10	0.0531427139952	1.90709415881e-17	3.28309269197e-21	1.59376238666e-13
NKX21	3	5.75489961495e-10	0.142468456983	0.366613832658	9.35873060976e-23	2.35743055666e-12	5.89948879459e-21	0.00493725122926	0.000347021561345	1.7796057096e-13	5.33130972364e-16	3.2547497645e-06	0.130755830334	0.000324819936004	4.96175876151e-14	5.76599620213e-18
TF2L1	1	2.13233611723e-07	0.00372994167712	0.0131140939541	0.0848477736139	8.57191236343e-11	6.20414596765e-05	3.88142082473e-07	0.00341227097046	5.03363709585e-07	2.29032332412e-14	1.76265458218e-10	2.46481858291e-05	5.71917137086e-09	3.6145059642e-12	1.32736878261e-11
TFAP4	1	3.06073423302e-15	3.02232975287e-05	0.116044986205	7.23317750933e-44	1.09505873884e-19	1.99517186444e-35	0.0491879629155	7.93384110586e-30	0.00756187001233	8.55796067976e-36	0.00394540768437	0.424469396671	1.61729011248e-11	6.55186760347e-16	2.54923851355e-05
KDM4A	2	0.000317134070909	0.497195157092	0.0270902948614	1.16317360674e-09	0.060012580605	0.0700634879084	0.00524686743444	0.00207329591375	1.81024649017e-05	1.84070689455e-09	0.00417203083787	0.208086588498	1.87996086191e-06	0.00072974616111	3.66003681261e-06
TOP2B	1	7.31822277128e-09	0.00752005325347	0.00259201315475	0.00143460077969	0.00656960047784	0.140406222666	0.000150068203163	0.065394835591	5.68398459236e-09	8.99126220893e-17	1.02282578575e-18	1.60473037325e-12	2.23003173397e-12	9.24178060638e-16	2.88793978899e-18
SUV92	1	0.0228317757652	0.0233748258962	0.10887453238	0.390311923861	0.410905897617	0.144278391858	9.65280014872e-05	0.00953487175935	0.00673235518318	0.428248001225	0.0077415924916	0.00085965133064	0.271973894269	0.0694929922419	0.000532199030193
NFKB1	3	8.82238938923e-12	1.48495634293e-12	0.000218820325035	3.34268133908e-45	0.000147307832343	1.6411591995e-14	5.8726872359e-09	1.42869541074e-22	0.472481962768	0.237311917888	2.13258874174e-12	3.80095209565e-24	0.209373106814	0.000225566951227	1.8300251466e-07
NRF1	2	9.76112198253e-06	0.121434515762	0.000178611512954	1.86204597791e-05	0.00010146231271	4.1586405776e-08	5.39007449264e-12	0.0028367779147	1.72100783608e-17	1.33799776245e-11	0.154988931903	0.0032652565179	0.303053083642	0.000828432473562	0.0935074191539
ZC11A	3	2.21187417893e-05	0.39523050729	7.00116247184e-05	0.0283347285872	2.06789875321e-05	0.0457400954251	0.000183367525216	4.30207527782e-11	1.67940031331e-06	2.22941389267e-12	9.03593647096e-07	0.251321386787	2.4710896227e-05	6.84812644604e-06	7.97024379926e-06
PAXI1	4	3.35560469695e-10	2.72216418135e-05	0.0564557195459	4.57895546392e-32	9.49584352028e-10	2.14457224635e-18	2.56153075569e-05	5.59082001264e-32	0.447098556442	3.59541564063e-08	9.26919950071e-06	2.12219907936e-11	1.07777978521e-05	0.365385566589	8.98030255139e-05
OGT1	2	2.82580717792e-09	0.00123802188962	0.00510637421211	3.06286090909e-24	2.01883444901e-11	3.45016887476e-14	0.000111319367415	1.91792613199e-32	0.298890249419	2.09449738134e-18	0.436168036641	5.92355750561e-05	0.0251861923445	2.65797589589e-05	0.00663959920556
NFYC	1	1.65095551048e-06	0.00670614887686	0.338403798928	3.80024060574e-06	0.043140340888	4.25165016572e-06	0.367420985644	0.378625668419	0.00126037462006	2.12474559643e-13	2.9256776519e-11	3.48625020186e-09	1.06783794068e-10	9.70102623812e-13	1.79492340769e-09
PER1	1	0.02793177967	0.11563841229	0.432047370011	0.127205821534	0.0030588613031	0.000712203622559	0.0261774804757	0.00689460492397	0.278731243056	0.236117797247	0.0105041699502	0.00451296099833	0.00152881053943	0.35571806837	0.0414993746137
RXRA	34	1.85144164649e-11	7.7297279194e-12	2.11694153529e-05	1.35292117744e-16	1.91465174437e-06	8.51077354557e-25	1.22801606595e-09	2.8223982063e-12	2.0937948729e-08	3.91605423357e-13	0.000328751406522	0.0282785741967	7.52724226941e-09	1.1673852702e-10	6.63980934631e-26
ELL3	1	7.88641010561e-05	0.247283501904	5.7733489678e-07	0.010564024083	0.00535287232915	0.022915970348	0.000120031687679	0.0867537382708	0.013224711306	0.000536792087956	4.01261837498e-13	6.23707491763e-10	6.76984171725e-07	0.0174291106148	8.91445005104e-06
TEAD1	1	8.65559227732e-07	1.49399341211e-07	9.87605096971e-07	4.77901637586e-20	1.26305278282e-22	0.00511211486801	0.000100368538571	9.79546792405e-09	0.0853491822484	5.6124842145e-05	0.00180749989817	0.000396967993195	0.47976583996	0.116514454836	0.000154043102007
CBX3	4	5.48018588788e-14	0.00392172250571	0.0032730902695	4.03791985514e-26	7.79659382482e-08	4.72312226666e-19	0.000446011440271	1.39145910974e-09	4.44725532567e-13	1.98270199741e-30	5.29635269541e-11	0.000728269635346	1.9297701466e-17	1.89285189303e-26	1.49744248564e-20
JUN	12	1.17282499357e-15	1.08325897405e-07	0.000981712698256	7.97578452524e-60	1.59355295347e-22	6.85671170405e-33	0.400399902885	6.63225317622e-37	0.000559822896055	1.02041368451e-19	0.11609953974	1.48423623671e-13	1.1669163875e-07	6.58888624234e-06	0.0500178708912
KLF3	3	3.55255752659e-15	0.00741387873779	0.275144813319	9.68652768028e-27	3.91361844859e-17	9.11424420271e-16	0.446079957728	1.16952078949e-11	0.000249634733358	3.67963147068e-48	3.18913975692e-18	0.173606600697	8.36041368237e-16	1.67803929317e-29	1.94402533676e-18
T2FA	1	0.00468030678923	0.354817285111	0.243559141795	0.0449205185556	0.433714183249	0.308577395062	9.88545131783e-07	0.024446042526	0.0016994054024	4.46066569342e-09	0.0130638412981	0.0349187233151	0.00523557405421	0.000492037782168	0.021638395626
TAL1	18	4.00277481146e-06	3.72411687183e-23	0.0845965795996	4.24634719537e-06	0.00145502400612	0.216483593286	0.00109811543468	1.29341065252e-14	0.00882806376909	1.35313320632e-16	0.307481432414	0.01847331284	0.000402593602707	0.0231487085908	0.0716179195803
SMC1A	9	2.40558639506e-12	0.0250360916998	0.000570050563904	5.35364069991e-22	2.34887971959e-14	0.00533461745449	1.93678518405e-06	5.43039503789e-26	9.89608281521e-05	6.12866857234e-26	8.12145319439e-18	0.103518027611	4.92223610838e-10	3.4237061801e-16	2.51159281991e-18
KAT5	3	4.50660525546e-07	9.47118507877e-10	1.31102198916e-05	8.76671677951e-09	9.07588116943e-09	1.70307436687e-12	0.000190967497177	0.0290818332045	3.25774564179e-15	2.33324492667e-08	0.0125110016759	0.146958535849	3.02801898191e-08	1.4661797084e-05	2.45826184022e-05
ZFP384	3	3.60108458219e-08	0.174142805118	0.000858899076287	3.07456223747e-18	9.20769952269e-21	8.93252798786e-10	1.49510328155e-06	6.72974707093e-25	0.264455403022	3.506178623e-12	0.349662718877	1.62691168539e-05	0.0923963197505	7.12873767268e-06	0.466415518874
PO3F1	1	6.30738771415e-05	0.000396166568815	0.0305411510465	0.349707871955	0.00253227876608	3.25310189238e-05	0.302734517422	0.390568627259	0.000210003757125	1.50687254195e-08	7.07323974526e-10	5.77120577682e-05	3.08192308509e-07	6.11278400278e-06	1.57255886611e-09
SCML2	2	0.00493406752351	0.0395387247402	0.00960220909023	0.00101046199433	0.0168448918184	0.321522067058	0.0944818159351	0.0123537336485	0.00140627153659	0.071260861225	0.000128199287873	1.65661370005e-06	0.0578758748561	0.00343052778975	0.000494591146935
EHF	1	1.82403593311e-13	0.000251761467776	8.31691411965e-09	0.000239244139571	0.0631148662888	0.00319837798441	1.49319770021e-10	0.0154960975261	5.64618093922e-15	7.68721958967e-45	9.3765634718e-25	2.36990894875e-15	1.33616340637e-07	1.25536751134e-24	1.19218502946e-20
MK10	5	1.48438631193e-13	0.160774160791	0.00231320759093	2.32979315957e-20	0.00516094747188	2.42551479426e-10	3.69841040266e-05	0.278765325829	7.83749248591e-21	3.16754267099e-32	3.57855065499e-14	1.23803453718e-08	4.57616478626e-16	3.21626839456e-30	1.3929266449e-22
HDAC2	2	3.04226386561e-17	0.0172135460579	0.0351515460156	2.71551923853e-11	8.24395843384e-06	0.000400203194818	4.42462171829e-07	5.35145702829e-06	9.7658935861e-12	3.3003329789e-46	4.13020277385e-28	1.35166018511e-15	5.55055397885e-23	3.55611000861e-37	1.27615654909e-40
IRF2	1	9.80792086807e-13	0.0147682731036	0.146427641466	2.18003754988e-14	0.0016842875565	0.00686598546417	8.25965891262e-09	8.81680008103e-17	1.2849113987e-10	6.08178633408e-20	1.1908424094e-27	6.09678602396e-28	6.60109818737e-11	2.3603170162e-16	2.17181209011e-14
ETS2	2	9.43602764674e-12	3.24341490651e-05	0.162217326897	5.63860611769e-44	1.50353391e-11	4.36684421293e-36	0.247306228918	4.42662457208e-20	4.0922480119e-05	1.11139520848e-10	0.00012899824561	6.17938390023e-19	0.162673249994	0.0628755965911	0.0561087995094
MXI1	2	6.91134661091e-11	0.000888907706587	0.13486145672	9.90765831117e-29	1.82059604495e-10	8.11060963726e-28	0.0442534664446	3.77222862921e-20	0.000188236111873	1.05113152039e-22	0.0138909178645	0.135059423731	8.26838789291e-09	8.95628882783e-11	7.04992873286e-07
TBX19	1	1.35343735343e-07	0.0155380125546	0.272316783144	8.79330780863e-06	4.12408070841e-07	1.91459364174e-10	0.000614916143894	0.0183747665441	4.60617340843e-13	3.96432198938e-24	1.43087656357e-09	0.261925767684	0.00052042325182	8.9875747889e-13	6.5130102492e-08
PRGC1	1	1.23268661116e-06	0.000190549108853	1.20381225739e-12	0.000134953333939	2.00164307089e-05	0.234662265221	0.154373956716	3.12715697791e-05	4.65585299409e-05	7.76056074209e-08	3.44953871365e-12	5.47486073468e-06	1.46308206476e-12	8.82330895595e-08	3.02487863617e-06
ELL2	4	0.00161636686641	0.0866895299168	0.113007070242	0.0629443920846	0.309122265202	0.25596071315	0.00148642988551	0.112882093958	1.30417270325e-08	1.55992661179e-06	6.69108813721e-07	8.65724518663e-05	0.0110403290883	0.00435603030735	0.00179088668052
FOSL2	5	3.92050466724e-09	4.97084242566e-06	2.45274472014e-06	2.33078464335e-32	4.17212478513e-11	4.41119781197e-15	2.18842569884e-05	3.36188766295e-26	0.176081719612	2.98492789551e-05	0.0364785765944	1.92312778016e-09	0.00290178150547	0.0248772689751	0.19788495746
BRD4	8	5.4823134226e-21	0.000994676250578	0.000614176847734	1.06630486853e-46	4.68656192762e-14	9.33252190743e-26	0.000302787188528	1.09135449126e-20	4.91927451679e-13	2.5036064613e-52	5.93185854824e-15	0.176222971496	2.06304559602e-21	7.95569573118e-40	1.11371310546e-31
MYOD1	16	5.2181040624e-20	0.423855473084	0.00156543588277	4.05230130279e-05	2.58846847899e-17	7.60108155373e-05	0.172836774374	4.00221403192e-11	0.00728171557839	6.44287839858e-56	1.80996068378e-58	2.24054799747e-12	1.94794195177e-20	1.63045042479e-30	5.01820163964e-55
SMAD4	2	6.20162733554e-09	0.0992822689353	0.0463779417688	3.10255670407e-08	0.00373698741952	2.76957464624e-05	0.00909085222185	8.50819077277e-18	0.0048348660187	2.41477944677e-28	3.37245365671e-09	5.47209702298e-05	3.12968750713e-11	6.51296941577e-16	2.47832458652e-11
BACH2	1	0.000161331214886	0.0748656878437	0.136599893163	1.18876592891e-10	0.00419079582513	9.58594460853e-05	0.280485369709	8.382633079e-12	0.155709879921	1.12213491363e-07	0.0285846376332	0.000618112242603	3.93957068181e-06	0.261869883941	2.21263770816e-05
SOX3	2	0.0122230378371	0.0584196180757	0.0135745140909	0.15279396189	0.47790156474	0.463809942353	0.0109767436968	0.262244923492	0.00494417963513	0.00019298681563	0.000216097935872	0.00708841929419	0.0039930983807	0.00726902594016	0.000506584315658
ATF3	5	3.01717935443e-13	3.391570826e-06	1.05470742399e-05	1.69129335838e-53	0.000584147393076	2.38555421042e-14	6.62592977734e-10	2.14001517594e-26	0.026659103566	0.0540595168188	1.01398325556e-16	1.22621242033e-32	0.225812701923	0.000225599769077	4.74774425117e-06
TBX20	1	0.00144381645602	0.0365000021186	0.277048131178	7.92447024134e-05	0.0481635804285	0.00521280383684	0.293400145379	0.0890328042368	0.0023202422021	0.000328478306791	4.79160180184e-10	0.119481478642	0.0189913826916	0.000240535791101	1.633019349e-07
GATA2	18	1.4261688878e-09	0.127994108707	0.0273579264808	9.4561978845e-25	7.92083484165e-15	1.78613780595e-09	0.0461714939714	1.28660009773e-30	0.183747226855	1.11310010638e-20	0.0236307544239	7.55864750706e-06	7.29187735009e-08	2.92215409817e-08	0.0664784838631
CHD7	2	0.000172577661049	0.334684190673	0.00360608476456	7.71038566433e-05	2.96607284918e-06	0.193931901716	0.489962161153	0.000404596265501	0.280735262313	0.000207105778268	7.55322759157e-05	0.0698637212923	2.50236567453e-11	3.47618634249e-07	7.33996685389e-10
SMAD1	8	0.0210433910914	0.351075072619	0.00395062547565	0.134349377245	0.00717996312764	0.0960832447635	0.0432187940536	0.00925445757351	0.234559705995	0.00011835236522	0.000585981582703	0.0985657503312	0.0188601730191	0.0281266139227	0.0763522253149
USF1	2	9.10740206061e-05	5.2772985445e-06	1.08757326981e-06	9.63034528798e-05	0.00148238817649	3.24452508663e-12	0.000747873594148	0.055289734611	2.14942299829e-06	2.12549931124e-05	0.439747339227	0.145037605883	0.167842439711	0.00284852183403	1.76375096612e-08
RUNX1	18	1.78786990705e-15	0.175552389757	0.110041042821	3.12505465032e-46	5.23331439216e-22	2.58165941718e-27	0.047451135813	2.36864167819e-37	0.00120381149629	6.36760018962e-30	0.00283575747221	0.00192534813483	4.10231355444e-17	4.78739541468e-17	0.00045250273854
OVOL2	1	6.28638403391e-06	0.462780485124	5.99963514791e-05	5.80731171604e-15	2.00611740712e-05	3.83569660585e-08	0.0190519666277	0.00136577834091	5.68659490414e-06	9.87708305514e-17	0.000294261048555	0.319787040548	0.00572542583716	6.63273964017e-08	0.00232295980939
RBP2	1	6.84407470474e-13	0.00165878806159	0.104922709968	9.49746065135e-27	6.5101122294e-10	7.3718868732e-16	0.00010123292575	1.5308067941e-05	2.81813789954e-12	5.42584839628e-22	4.18095351046e-10	0.000984243100076	7.67650350683e-21	1.9264810505e-22	4.32507219376e-21
USF2	2	4.7139808929e-08	0.0321652058116	0.0541182389945	1.11544157054e-06	0.00216262477555	2.23997439934e-12	7.01934113365e-11	0.00154423622053	2.49014227144e-15	1.40936693171e-23	5.06637737269e-06	0.13351509861	5.66571769704e-07	1.59359849959e-09	1.22435771687e-08
RCOR3	1	5.60490820349e-07	0.173297053496	0.484484919372	0.00744051498636	0.00222498270389	0.0854768701466	0.213194091539	1.10484106344e-05	0.304819105813	4.15038688228e-17	6.75139471359e-16	1.8068124214e-09	0.000514087198685	7.14468851006e-16	1.90360560881e-16
MAF	5	5.09054691771e-10	8.84305602263e-05	1.84298578628e-05	2.11375986917e-15	2.50349905402e-05	1.93890550728e-07	2.32631632049e-09	1.02981619826e-16	0.000908275650031	0.00897035313549	2.99290795141e-20	4.60583814679e-22	0.00578996304683	2.27571398185e-06	1.32363102173e-17
PBX1	2	0.0077839262152	0.308688711262	8.07502484947e-08	0.000119630424873	0.106218450272	0.0374165040371	0.0445034318349	0.303761879303	0.00668930580019	0.0169810761889	0.192442683715	0.165845729117	0.0168965689275	0.00029216648505	0.0010454538553
PPARG	27	7.70537241053e-10	6.47547995138e-09	0.000134689114414	8.56735686485e-25	6.69328530099e-06	1.50538598118e-13	0.45653902812	1.36392989273e-17	0.000472496540706	9.00120264736e-13	2.44013431026e-08	0.0932109420754	2.64992457258e-11	8.97211209819e-09	2.41209487007e-14
KLF5	4	6.69811303852e-19	0.0436191954978	0.00187356927417	1.10634676532e-24	2.77410394638e-12	5.27427125447e-09	0.000802309653578	6.80124826825e-07	4.87687643647e-12	8.75910422071e-48	3.94933053998e-33	7.13314844373e-09	1.16680888014e-23	6.99306290049e-38	5.16186625639e-39
HXA9	2	0.00526826570145	0.000560845530727	0.0154646616339	7.84910268225e-05	0.288520336056	0.015464054818	0.00163647066466	0.0486336665912	5.89034826896e-08	0.184156826412	0.343239227395	0.268236188753	4.3815057858e-05	0.059737026251	0.020076526166
PRGR	4	7.18424924115e-13	8.57716891578e-16	8.51976413235e-06	5.1635574259e-36	7.97005680541e-23	5.09539420412e-32	0.000885359989522	1.77818550566e-30	0.0462318694486	2.38027952928e-08	0.232040857227	9.1345836731e-05	0.0637309673539	7.63786745143e-05	3.56235747328e-10
HCFC1	5	3.81399739436e-20	1.02363157335e-08	0.00461327822909	1.02821368152e-58	2.60622435042e-15	5.38719300413e-47	0.128693557568	3.08089912831e-30	1.4296779029e-11	6.87542031076e-40	9.65381448736e-05	0.489345575065	1.2674296692e-19	4.0302222472e-26	2.14968701156e-14
RFX6	1	1.45402638572e-11	0.000224838942363	9.76439333023e-14	0.0152711197445	1.08132053945e-09	1.23841619206e-05	0.00226786841349	0.00797186760251	1.76988894721e-05	2.54214032099e-16	2.49930691135e-24	2.25412344247e-14	1.48939047561e-16	4.10054516574e-22	1.50256181165e-20
ZN281	2	9.61269080866e-08	0.000206535125239	0.001535133057	0.000594741077885	0.285418138794	0.000202329410223	0.236672553189	0.00647819810132	0.142388970319	7.20474352115e-09	5.93026657623e-16	7.18846064554e-14	4.24587461789e-15	1.16771527358e-11	1.58894888052e-19
MED1	27	2.04503723303e-15	0.000657999486598	0.194985127353	6.05764175811e-48	1.86703648564e-14	6.04679686534e-13	0.00422085380041	7.3380710112e-25	4.47851566787e-07	1.3215238217e-36	1.52291203055e-09	0.186768793357	6.27814242683e-12	2.41391564811e-19	3.22763608306e-21
SOX9	3	1.31375157593e-08	0.00116035064705	1.13304250768e-07	0.349832697341	1.34675998374e-09	0.114759006247	0.000857048635512	0.00712727393776	0.303936365288	3.47538921493e-20	1.53502397986e-26	4.23102138619e-07	7.20690658303e-11	9.41853241248e-16	2.25634299378e-08
JARD2	13	8.63862096844e-13	2.60467257141e-08	0.000679587052885	0.00212049806834	0.0284786972837	4.52784580199e-05	0.00655473835873	0.0250257772691	0.0781045752614	2.88854839306e-28	3.32970190988e-40	7.75657451838e-21	8.91639920573e-13	1.69887473519e-23	1.83928386384e-23
NCOA2	4	1.79216962827e-08	0.000159333688332	0.0196829056733	2.92375007878e-17	3.16461535908e-05	3.2403297415e-16	1.24142186099e-08	5.32767365871e-17	9.70155155099e-06	3.99991899975e-17	0.478504319622	0.216158532789	0.000270315271365	1.4170061449e-06	3.68816565934e-11
LHX3	2	1.25293062656e-07	0.364359113347	0.056533897796	0.0305837973941	0.000101090982713	0.15948313643	0.000906808527217	0.177883371792	0.00021826846845	1.49462029224e-18	7.8962118345e-19	1.4668758643e-07	2.88963799164e-09	2.95775574398e-17	4.44048564639e-14
TF2B	6	1.08446613144e-15	0.00174950538375	1.28004098407e-11	1.78377225267e-30	1.37854221532e-07	9.04396123764e-16	1.44136921378e-07	1.20440746699e-20	1.41540584646e-14	1.84119625895e-51	2.79019408298e-08	0.363937379635	9.60883593001e-11	2.43197680944e-21	5.82030236213e-15
T2EB	3	2.66505420273e-10	1.28954162095e-06	5.61546870832e-10	1.31545171853e-24	7.78323438212e-06	3.04135673349e-25	9.74578807496e-07	4.12695852514e-13	6.56145968345e-14	2.06308514649e-15	0.426721339438	0.169992884358	4.09554179381e-05	4.26894758223e-08	5.85583612025e-07
BMAL1	9	0.00277399707244	0.00036349740791	0.165672647811	0.193578100096	0.141102349474	0.00054707220723	2.31407696252e-11	0.228183338182	0.000375045239095	0.257632473882	0.0514565099021	0.0508151801007	0.193307545556	0.298989784614	2.30256439455e-08
AP2C	3	1.96643714896e-18	0.0457596877148	0.451772836487	3.59950722759e-16	2.10751475212e-11	7.6487251618e-10	0.0508274473195	4.85047650521e-10	9.97519219472e-10	6.70890058177e-51	3.63567173419e-32	1.60088239408e-13	2.32391046234e-20	7.41244418994e-40	6.51530623213e-39
ATF7	1	0.00418217015033	0.000528675167053	0.0149733446998	6.52145659764e-05	5.97795742897e-05	0.153625326373	0.323398064873	3.78770952656e-08	0.00743317542121	0.293654516569	0.267883627131	0.00254926863343	0.432715533459	0.117878228506	0.000113405151683
PPARA	4	2.65856842795e-05	1.39887217141e-11	0.00861319886513	0.22641192393	0.0236425985865	6.21286223941e-13	1.1699882245e-14	0.172346037407	1.10343001904e-06	0.480278220217	0.307410121107	0.0361730714701	0.0768611580381	0.0214671274098	1.12159530285e-11
KLF2	1	0.0179508769232	0.0859168116372	0.225426006432	0.493709226029	0.226203385375	0.104296749429	1.98765213585e-05	0.0869688523207	0.169193183777	0.0172077213942	0.000496371094837	0.00645645140492	0.000263623630678	0.0554677448405	0.00678016902502
SP16H	1	0.000136519652509	0.0168647404598	0.449990532961	0.000613815499887	0.249441811101	0.000933910348106	0.00017254306769	0.496923530527	0.431358857709	3.30889778194e-11	2.49710382237e-11	0.0084456165723	4.60290965322e-08	8.21649898839e-08	0.000737463862959
PHF19	3	1.14202254577e-06	7.47730349365e-05	0.000280949047609	0.000173204743706	0.21059243012	3.29051880809e-11	0.210390397175	0.421516334528	0.237879600909	6.16923881136e-08	5.075249636e-18	5.23528447381e-12	4.20292529944e-05	2.94552953574e-09	5.94653731027e-11
KDM2B	10	0.0	0.405757634725	0.398920394494	2.16038057405e-16	3.71744295159e-14	6.09238889317e-12	7.8429286847e-05	1.54930825674e-11	3.37701636915e-11	4.88407328977e-64	3.36466713523e-43	1.61689087459e-16	1.74231599268e-31	4.95035576245e-59	4.07250506263e-53
CHD4	15	4.35171140018e-22	0.20512949727	0.00463237999647	3.97751032733e-23	9.81996964665e-15	2.18345718056e-06	0.0060269348237	7.3877277379e-23	0.00306543300644	4.53221861504e-55	2.07884900727e-40	6.01539892431e-12	4.59085140231e-35	4.5181121757e-43	6.71730527303e-46
TGIF1	2	1.09248120365e-11	0.25885497328	0.00105923118889	8.97376902408e-10	1.86566107022e-11	1.74673825411e-13	2.57547242087e-20	1.41192513038e-08	4.30435157771e-17	8.01659523788e-36	1.50527372602e-05	0.0707054865625	2.6724918736e-07	1.5834703254e-16	7.61292769003e-11
KDM4B	1	2.88404175018e-11	0.0019094957615	0.0214866331726	3.84050911329e-12	3.58708938386e-07	0.000263745859707	0.000516514772149	7.76677545562e-07	5.65256112187e-06	1.02711892237e-22	3.47663350728e-16	4.23240069394e-06	1.28405889034e-22	6.39835419627e-23	6.56189812111e-21
FOXA1	7	6.36781753481e-14	5.96640578798e-09	1.14448493437e-09	6.53883712561e-09	2.34535397937e-18	1.62420380138e-24	0.000105114341679	1.45333754248e-12	1.04262309382e-06	3.13019701251e-23	2.14269268373e-08	0.0174203087586	4.33151367523e-14	1.69682123337e-18	7.7477793421e-34
TLE2	1	0.00578304887921	0.343674527505	2.25090871926e-05	0.305165503503	0.349143577936	0.000731417574716	0.000223130148768	0.0953842501735	0.00501046419663	0.038495169028	0.00065407929216	0.000126750290321	0.000274592216715	0.10386337686	0.00799717912193
TOP2A	3	1.40515452112e-16	0.2037463021	9.06137115743e-07	2.26667512678e-09	2.05427647668e-05	0.000793026093671	0.083515074396	3.89923709805e-07	1.537410864e-09	5.33840686745e-43	1.82664994907e-38	7.38507130226e-19	2.30777244249e-18	7.69872136885e-32	2.67886080133e-36
SMC3	9	8.71812622943e-10	0.039818445912	7.06793913362e-05	7.60753387747e-14	8.26391493339e-17	0.000207249931638	1.25470110319e-08	2.86398283083e-30	3.1808356992e-09	3.25810809678e-17	1.95825864276e-09	0.0954162490625	0.000407828488027	6.12491493101e-08	2.29898149797e-06
CRY2	1	2.15787051057e-06	0.00739547507989	0.478325924319	0.425040641012	0.00996713785015	1.87602819243e-06	6.29287719808e-09	2.6767646174e-07	6.44204205529e-06	5.20449396222e-12	0.000101679354601	0.000661227666984	0.000305810955922	1.92926371501e-11	7.53589954094e-17
E4F1	2	0.076590009514	0.461341251939	0.00149272423633	0.104836530512	0.0787278806075	0.00347203997513	0.0343929286747	0.104351097601	0.329162679607	0.0346674191633	0.174844632903	0.133032119308	0.237139843088	0.407375392413	0.131605949005
EGR2	7	1.05231745065e-10	0.00154124507198	0.237124668991	1.14795005384e-36	8.1573658367e-12	7.92865900443e-14	0.273651523658	1.44901013599e-19	5.1678469485e-05	2.92730518836e-21	0.000473996606795	0.136970051772	2.04695574467e-13	1.02768480365e-12	0.000918581135245
CBP	20	9.96452612527e-14	2.80313694698e-10	2.04891425234e-08	3.58552288633e-49	7.55938409238e-12	1.20260508576e-17	0.00330537340904	1.65916570069e-26	0.00236402165343	2.94520941866e-13	0.0019799599554	0.0186033438456	2.32864123162e-07	5.33080832863e-11	2.91099905192e-24
FOXP3	7	0.00158051864394	0.0190169286896	0.0928887484951	0.317339152818	0.00787990137299	0.000736063998801	0.000368417516804	0.00048689381959	0.00444783843801	0.0184023604561	1.80698662079e-06	0.0310666411819	0.0265570523665	0.00137591591632	6.1988788119e-09
RBBP5	3	5.12145707366e-07	0.000165843173056	8.07036364283e-07	1.27106424029e-15	2.80088343761e-08	2.39032423287e-13	0.000503418757788	9.49782319757e-05	1.83581526545e-07	1.45605149693e-07	0.367033865734	0.0341753702215	1.84506560235e-09	9.79381503107e-10	0.00258855383829
BCL3	1	0.00070762534096	0.000191412476439	0.240040706085	0.000173778355987	3.76403389616e-05	0.0656355651993	0.217141506735	0.00013511892327	0.248804904164	0.000133969450672	0.000265737064139	0.028058963146	9.14942414598e-05	4.34892377205e-06	1.3790520544e-07
ATRX	6	0.000107148303914	0.21268342358	0.109576997473	2.61547586183e-05	0.18643734467	0.498102921331	0.000332546960801	0.000490911933067	0.00081533209433	1.99177951123e-10	1.76919650196e-05	0.00407821936996	1.93886577283e-06	5.99023802003e-06	2.09058394074e-11
NDF2	2	4.77718828147e-08	0.189560151305	0.0580453021006	1.3113475933e-07	7.15548026011e-16	0.437550173043	0.288874860509	8.39039691846e-09	0.399094181589	6.66806333751e-21	1.67144240234e-16	0.00510497710439	0.00315996811018	9.62578574667e-12	4.26327109811e-18
ING1	2	1.90976506988e-18	0.00512380381803	0.000256295324801	2.66824887539e-52	3.03041385546e-16	4.16306214417e-21	4.29530458914e-08	4.33741838115e-18	1.39016684157e-19	1.90224393373e-48	4.23069731012e-09	0.0483294818559	7.04287459826e-11	5.12932575324e-26	5.3364463301e-19
SOX4	1	1.07066009491e-08	0.244099079798	4.69823834365e-06	5.62685651542e-18	8.10319796548e-07	1.33202280538e-05	0.120310679913	2.0104432612e-13	5.67551543936e-09	3.36863514095e-28	0.000144252735352	0.254061947644	6.07874680816e-11	9.7778454077e-11	0.000370690367933
SRF	12	1.06642329783e-13	2.14315145289e-05	0.000242026753478	7.42286777262e-30	3.10133794248e-15	1.16351475307e-14	0.0530862923656	2.40327142353e-17	0.00241554715309	2.89413041974e-30	5.259492136e-13	0.160383068772	3.42034392497e-10	1.78863318346e-22	3.84763234604e-22
MEIS1	11	5.52237799403e-13	0.0299089368642	0.000132582373304	3.82551459757e-14	8.49449378185e-07	5.14658525218e-10	0.00144385246474	0.017756926576	2.47375855169e-18	4.50921237804e-29	1.00758984632e-16	1.33903737577e-05	1.15351503992e-19	3.5574005548e-26	2.33642253517e-22
PKNX1	1	7.87997162656e-07	0.120291274884	0.184786323684	1.55045169073e-06	0.000766585620799	0.000277767146174	0.334755493216	0.000151498264656	9.07255382405e-05	3.14482577773e-17	1.14485131951e-10	0.000920992902038	2.14072705975e-10	4.12044227865e-11	3.60387230532e-14
SIR6	9	9.00917633387e-20	0.000143342217486	0.082374163474	2.97572050909e-44	2.63495850149e-18	1.51026097537e-09	0.00485425971588	8.44057934205e-19	4.30807988852e-15	7.22726503664e-52	1.86185642233e-18	0.274338474436	4.35062700357e-18	1.00752921049e-36	5.81049015303e-35
RXRG	1	0.0204950276542	0.00819788727258	0.0782061985002	0.00339519701541	0.0045898940605	0.00206903283388	0.323222417797	0.00253086015764	0.00135230350718	0.493019642832	0.0248753188491	0.000526933137342	0.0746406059797	0.461218475091	0.453510073641
RARA	7	4.61929117948e-15	0.00283177807838	0.194363426596	1.82994554439e-20	2.34902767459e-06	5.76362283578e-24	5.6442446351e-12	0.000141440401718	2.94587731314e-29	1.8666729333e-29	4.32520799794e-11	0.00494322339498	2.51728252022e-14	6.67430948446e-24	9.3657249615e-28
ZFP42	1	0.00500714783092	0.190604537282	9.59869828675e-06	0.376689779672	0.449812719894	0.375625144584	0.0236608797456	0.0125217721929	0.000758764745922	4.95029312306e-06	0.0107851738324	0.0573615931643	0.000485127629102	0.0014105376038	0.000113507931968
KDM5A	3	3.40788881525e-10	3.19217846253e-15	0.31209676826	4.18773727635e-29	2.1852297427e-05	5.01456481971e-39	0.0494361732829	0.000119632419803	1.01222544089e-11	1.08782810055e-08	0.417260084874	5.9573304493e-05	0.000441695873889	4.11564433861e-08	2.11815949071e-07
PRD14	1	0.0642716214445	0.39424677108	0.0498702252321	0.408879788442	0.25875039091	0.338759697355	0.373915538968	0.0517885030417	0.349615093761	0.000234030250979	2.14254873998e-05	0.250273460397	0.284262370328	0.0357374810906	0.337468978599
TYY1	6	2.89238821452e-17	7.02182667165e-07	1.24531930413e-07	4.27707114884e-41	1.02718179717e-16	2.94236990525e-46	0.0510140637842	2.44416158935e-30	2.93892828335e-08	3.42013536349e-43	0.0306638312513	0.000252134356943	9.57431676879e-10	2.16546739609e-17	1.26299105798e-05
NCOA1	1	1.03816773982e-05	0.0484940922359	4.00072806964e-12	6.61057272769e-06	0.000372941831469	0.00135505892127	9.09932458319e-14	0.0328376570986	9.24599549528e-17	5.12283149578e-08	0.0228935550835	0.0211817286862	0.0210475957571	0.00984963885883	0.183204724098
NR1I2	1	0.0165463378881	0.0964973093626	0.315161778868	0.209094229527	0.183683359817	0.0306050854875	0.0104780888642	0.221883847548	0.0278070084417	2.13402310685e-05	0.00259925561679	0.369657026768	0.437115865665	0.000103620870741	5.37179361857e-05
ERCC3	1	0.0234338441867	0.100842957585	0.000697151074634	0.161391592541	0.334175145568	0.000786499339421	0.0910222364555	0.00302590515683	0.105995686491	0.10660118402	0.00146802435798	0.424225167886	0.0228189648065	0.368520912061	0.00030984382029
RCOR2	1	0.0142976902262	0.488257566957	0.0497288256099	2.1232176248e-05	0.00283355018975	0.058665303371	0.00952582537564	0.00150466775414	0.000471708769115	0.195826516188	0.0155422426614	0.00134333792315	0.452648718684	0.11623816206	0.11969080093
GFI1B	2	6.44618117474e-07	0.316728031532	0.391438202789	4.20322963428e-13	9.52991107327e-07	6.89396717276e-13	0.449787370632	1.30940948891e-18	0.0891819601928	1.86100052986e-10	0.0334417790616	0.0089213664221	4.41724232256e-13	1.79028762936e-09	0.0270921318822
BMI1	3	0.00481052530282	0.323274836694	0.018562125607	0.0341339786212	0.0748981378636	0.000296756867723	0.448429025852	0.0788835360878	0.0443687978993	0.156858120166	4.60594719822e-07	8.44008972268e-06	0.00013455167984	0.00144875480554	0.00418429158475
IRF8	12	0.0	5.57294649845e-05	0.310635481624	7.21343982409e-35	0.421899361668	3.56510731608e-05	1.48119186598e-34	2.50091609745e-79	5.14226993946e-52	3.9794737599e-25	9.09250744886e-56	7.75854096827e-78	9.12815128989e-21	3.04026542788e-45	4.60432738547e-60
T2AG	1	0.00602598611009	0.0499779175148	0.0148990655828	0.270878597063	0.00619938609913	0.042158165212	0.000385447104418	0.150889260765	4.63855488334e-05	0.0808848068479	0.135303242769	0.00338580423019	1.14967922381e-08	0.0300756801381	0.0456895144211
MTOR	1	6.02291814613e-05	0.000436634586508	1.02060402059e-09	2.51266378554e-07	0.047491538824	0.0609734562094	8.06435230898e-09	0.000616339942168	1.45495416091e-13	1.72622955114e-10	0.178260115921	0.3152786772	0.319814067481	0.0380084027713	0.298928263214
SRY	1	0.000640830446854	0.00151593161649	0.00411016353566	0.0202899780025	0.0228554096598	0.00219792576153	3.29229577216e-05	3.36075891757e-07	0.0929198669453	5.18876814304e-06	1.64677387733e-05	0.000856842155362	0.000970969677642	0.0234933340316	0.000180628986146
PKNX2	1	1.48491535256e-05	0.165939179745	0.0010447834682	0.119373897617	0.213357200301	0.0180915742451	0.0842515524743	0.343800008093	0.00229533985932	1.1712238908e-07	2.12990786433e-10	4.06260793224e-11	4.40347783092e-07	1.89017784988e-12	5.65614543289e-12
FOXL2	1	7.48227585169e-08	1.82008501926e-05	0.0726975865843	0.019531575783	5.10215140213e-12	2.38594472252e-13	0.0136078640367	5.31242666249e-08	0.251377470737	2.7691286971e-09	0.000131212249404	0.00388753611255	9.50790468286e-17	1.33360866998e-14	1.68342935876e-14
SRBP2	1	1.28378799033e-06	1.06886273373e-20	1.84393419372e-05	4.43072306707e-06	0.443029486531	0.0966492561104	0.088314086513	0.445520736078	0.0461668208801	1.520068486e-05	1.97535238443e-06	1.02030229401e-13	2.99668447448e-12	2.04078888549e-07	2.59555145109e-07
E2F4	11	8.31675105985e-13	0.0677591685118	0.0191901021411	5.34640833798e-28	4.19954388845e-20	3.1393723945e-25	0.421912629589	2.00629665608e-14	3.84149194736e-10	6.64833840643e-37	4.23963382614e-05	0.00208090061464	2.50765210221e-09	4.70651680088e-15	3.67131870635e-06
CNOT3	1	0.00912508355419	0.0795575574745	0.0107835308636	0.32664009008	0.0852922213618	0.273599137068	0.0201646686537	0.0229118576196	0.234371633466	8.06139309508e-06	0.00170404818221	0.0334068709338	0.00178194158081	4.4743300509e-05	0.00107120884127
NPAS2	1	0.000117305525844	0.00987195483782	0.00256718135574	0.277498663656	1.18424061091e-07	0.063046100776	1.92228915748e-10	2.62899131648e-05	5.39443851639e-16	0.000743010557442	0.0135419607647	0.0880752250105	0.0100641951338	0.000153322031245	0.477278394949
RPB1	28	0.0	1.15551116363e-07	0.0266953741665	6.15575537514e-51	3.0547503879e-27	2.12872287911e-42	0.0672892593279	1.51867533565e-38	4.34746801928e-09	4.18352852242e-70	8.60254145413e-20	0.00533474295647	3.197825068e-27	4.34091307144e-50	8.49934856853e-39
NFYB	1	0.00014014863913	0.280360757296	0.220269305788	1.0523153035e-08	5.17270444335e-06	1.36088012641e-06	0.430550586748	0.229189027635	7.95532001683e-05	1.43723974068e-07	3.50965476061e-06	0.000769986774118	5.76460342431e-05	5.47772989491e-06	0.000256074992681
CCND1	1	4.53675033073e-08	0.447444484392	0.00137763059101	2.80789860104e-09	0.000220084070145	1.91138301063e-09	0.22886877593	1.6877984853e-07	0.0647087143056	6.78482714491e-18	6.44917923154e-11	3.78749221548e-05	8.2460446851e-11	1.20124085726e-17	5.23718545145e-12
SOX17	4	3.88035040409e-16	0.0378780298136	0.0323365432224	7.46895348942e-24	1.73426089572e-07	5.647716018e-11	8.20112413661e-10	7.26156330489e-08	1.89097532691e-18	1.22869651744e-38	2.00005436606e-19	2.56263128436e-06	5.22769132088e-21	2.89206771509e-25	1.82635374354e-32
TLE4	1	0.00578304887921	0.343674527505	2.25090871926e-05	0.305165503503	0.349143577936	0.000731417574716	0.000223130148768	0.0953842501735	0.00501046419663	0.038495169028	0.00065407929216	0.000126750290321	0.000274592216715	0.10386337686	0.00799717912193
CBX7	4	6.92760364223e-05	0.262955998815	6.9065750846e-05	0.0275376351464	0.166062705505	0.219641003332	9.79141022691e-06	0.0944117134453	0.0080500901717	1.55042846927e-05	8.09873003316e-11	9.73892126329e-08	0.000213379724016	1.08055921064e-07	1.53197386062e-10
SIR1	3	4.27735136097e-07	0.0220412266864	0.0014285142079	4.27242348282e-10	0.000499956826574	3.24808416733e-05	0.000321697681172	0.0261453230404	2.23791468362e-08	2.83164146664e-18	1.68676749538e-05	0.00324309894381	6.93726652109e-09	5.52538417391e-10	2.81063573247e-13
PRDM1	3	0.0201565435437	0.0834604511015	0.345227388588	0.0755723323039	0.00950957411109	0.227945251777	0.00312189030837	0.000313040083774	0.226645577794	0.000281744295315	0.0370934959791	0.255127808647	0.000284951852798	0.00770950477551	0.298408326611
GCR	23	0.000889736139788	0.424254303723	4.36615736569e-06	0.0553395085024	0.207274385115	0.0839376728083	3.60873622276e-08	1.05604185275e-07	0.0786886272499	0.307048265253	0.498417441131	0.128010619213	0.0297561599739	0.0150335908162	4.15680846866e-14
DDIT3	1	0.00564253323189	0.376418431866	0.499391333252	6.37003278547e-06	0.00328037262885	4.26040937736e-06	3.42002652457e-06	0.000445887109168	0.000361039638097	0.00346442225869	0.0978859000745	0.115124335539	0.428252317522	0.485316820275	0.443564988783
HTF4	1	1.85134960361e-08	0.063026880613	6.3182014455e-09	0.0051559776357	1.6543513554e-06	1.86915692101e-13	0.304604238744	0.0541709948786	0.0567150636108	3.21718447749e-14	3.14041085826e-30	1.82211741485e-07	4.23653175965e-09	1.14246468449e-06	1.04964171103e-11
EP400	3	3.15731591169e-16	0.0645211031893	0.185718555849	4.95657846079e-11	9.76136536496e-11	7.3862973244e-11	0.00646297863202	1.17134012259e-06	5.76228745183e-08	6.84761911869e-37	1.97296833243e-27	1.77169453547e-12	1.80761117229e-23	3.75836191434e-37	3.22042570024e-36
NOTC1	5	3.02523310497e-09	0.172095420846	0.0877507296844	6.08167669769e-15	4.31096958339e-06	5.45925827845e-08	0.354325567523	1.51932658461e-14	0.00861216777596	5.62932759577e-28	2.62959852191e-12	0.000643816660515	3.8881805083e-10	1.37704790292e-15	1.05172471641e-08
GATA1	29	1.37693947915e-06	7.88605037728e-05	0.167501334805	0.00080095859779	2.15733676889e-08	0.00453256585671	1.94711674056e-05	5.86642495648e-18	0.0213560107097	1.93048009867e-26	0.114144246389	9.33530120822e-05	0.0228238740468	2.07200833883e-06	0.00358710247075
STAT1	38	0.0	2.09619373717e-20	0.00447378622043	7.38451422708e-85	2.82937185156e-05	2.6612397816e-33	2.16182713558e-37	3.11057406377e-115	1.31578729271e-32	5.82253549609e-11	3.1997442474e-84	2.70494389252e-103	1.57433490243e-13	4.27186096888e-40	1.64402801732e-57
DPY30	1	3.00381568473e-09	0.00530198179209	2.62278098532e-05	4.45490107435e-17	1.80119783561e-06	4.41563698989e-15	5.15819803276e-06	0.00103485592602	6.74568690425e-12	3.46378741002e-17	9.69859841936e-05	0.154041606337	8.06987973883e-09	1.46954424033e-15	4.47178352842e-13
FOXP2	1	0.0138815358702	0.000391558296021	0.00212713971598	0.000172747352511	0.00186623344221	0.00546637627732	0.0149519109681	0.000679525783525	0.0103280882205	0.0975673749387	0.289136214117	0.243077898433	0.261247650099	0.146000829034	0.244891132039
EP300	67	2.01277679112e-14	0.000164470902971	0.118694355419	3.87730605091e-41	2.79206763566e-14	2.18206021864e-11	0.00422363970158	9.80584608867e-26	2.1895393052e-09	2.21049985282e-40	1.02492495282e-05	0.0425150648887	2.31408338893e-20	1.32687943457e-15	1.4482254651e-06
CTCFL	1	2.30196244484e-09	0.168216841321	6.29978631099e-08	0.0067764648146	5.85476651815e-07	0.0418416168066	0.00294105236816	8.63867983589e-13	0.00438334252326	1.57219508275e-14	1.07132517304e-21	7.49007454538e-12	4.44892901894e-09	2.49228280737e-15	4.28091428753e-18
NBN	2	0.00990908149422	0.115949892232	0.0016679706479	0.000148615503355	0.0618733312051	0.0160598996478	0.194957746204	1.08297760288e-07	0.00235778898931	0.0463401879075	0.101085153749	0.00036942704342	0.332584290157	0.470148443584	0.228729887174
LHX2	2	0.0525527446178	0.00382786142778	0.0423987913549	0.0557698736569	0.107769981126	0.00137067530883	0.0348134251053	0.356928206737	0.419684108897	0.0714376411467	0.29921201227	0.175673315437	0.110626923123	0.131392109741	0.00322033977573
RBTN2	3	0.000375256312557	0.00545257305293	0.190355538411	0.00126606527411	0.00623419146184	0.414648821926	0.00690449194513	2.2543813062e-14	0.288616576964	2.60588916731e-13	0.0406370016927	0.00313346324954	0.000621507129369	0.000816016969289	0.42754372136
MBD2	6	1.25420936702e-07	0.159622925577	4.81977069349e-19	0.00555210785113	0.387481157595	0.326640241229	0.00349226135141	0.00296799377129	0.00967835796839	3.14813171078e-15	1.12419519394e-23	7.69893286957e-11	0.000154319538086	2.77551512135e-07	3.76547422417e-10
PIT1	1	2.70532031539e-08	8.72224234878e-08	0.00476728914852	3.47621866916e-14	7.78791525132e-11	3.69554014418e-16	0.0165162341302	0.000181800131378	0.0155474087821	1.48848060439e-15	3.86648330766e-08	0.170716514254	1.31315539247e-08	1.11685799394e-11	4.0192374843e-09
IRF4	32	1.09694291734e-16	2.334706424e-13	0.00948337327961	9.282213038e-55	4.56422547119e-18	3.33155330969e-40	0.00026698145818	8.33805061532e-47	0.142947288644	5.65082311995e-11	2.81770933828e-09	5.53836403844e-21	0.00125652288525	0.19986708181	1.65841515035e-05
NFIL3	1	0.00537420811244	8.38045333012e-05	0.169596491678	0.0778389207052	0.198332063814	0.168556002356	1.05413482182e-14	0.307511290215	0.000472712326657	0.0410545554208	0.0179561051261	0.179397429666	0.369155401057	0.0671253725209	0.0902702384529
MSL1	1	0.0256435114906	0.0363476418679	0.113033030745	0.307867447016	0.224218907631	0.168891514383	0.00157120914322	5.17683927005e-06	0.258609756805	4.45303431744e-07	0.162014526691	0.411211643251	0.229910975584	0.407148549924	0.190032508528
GABPA	2	5.67817509592e-10	2.45654617774e-10	0.183122470072	1.84068997235e-17	2.03062717091e-11	1.85437483553e-28	0.0462658196152	2.44441392183e-20	0.00663657218879	5.03654249582e-11	0.149391381644	0.0789122535489	2.04298850523e-08	2.82586895249e-12	4.5149061641e-10
ATF4	3	6.2056234654e-11	0.0920458825194	0.000561707223331	1.77096754475e-14	2.67247423536e-07	4.68320228095e-11	3.02113871629e-15	8.35955597466e-10	1.10901987237e-15	4.64028463279e-34	0.000215837625856	0.00801309578381	2.01418720334e-07	1.52852254794e-13	1.583716609e-11
TIF1B	9	1.19183634575e-06	0.339960277457	0.360311767973	3.53687139954e-10	0.00045173130926	0.0597925712456	0.00344168052516	3.24359933184e-05	1.40619208482e-05	2.088272984e-17	3.45053784611e-08	0.0372322892798	2.12592793385e-07	2.94565715361e-11	3.78105064766e-14
PO2F2	1	0.00313043634698	0.000565122439231	0.000168106292686	0.000159258695513	0.0141370864591	0.438056378308	0.00813173007291	0.272098663927	0.000794953095597	0.216756887052	0.0618182240155	0.000480554495077	0.000226514319015	0.00167921607096	2.15012396904e-05
BRD2	3	1.09554845165e-07	0.0107300546865	0.0619367363728	6.25800498046e-11	8.49332060951e-10	5.39010651306e-29	0.121391883878	1.3595056413e-18	0.399437663513	1.07312939244e-11	0.274769158431	7.56355039386e-05	0.00152845343356	9.90001272875e-07	0.000847086591484
RAD51	2	0.0726489404472	0.0382965755264	0.473028301237	0.00689398028457	0.494816918373	0.313651457159	0.00239400231357	0.112483179274	0.458245741701	0.0999705384999	0.0155879925161	0.0295274158961	0.184839890821	0.070673762163	0.079350354337
TBX5	1	1.23357454085e-05	0.0183932183634	0.143506660565	9.19018375838e-05	9.0719298423e-05	0.00386129221927	0.0898657396946	2.53043697036e-08	0.107046596842	1.97206290782e-12	2.33203578091e-08	0.00107005514301	4.04632260619e-07	4.6671066372e-10	9.82870563484e-09
ZFX	1	2.07949293504e-10	5.02727672674e-05	0.0217353721565	7.67037954711e-20	2.09429743748e-08	1.88409606862e-25	0.191680142245	4.8025887164e-06	1.55763766807e-09	2.7700596727e-16	1.18478411771e-06	0.131598015249	1.66561049231e-11	1.70537657926e-15	4.8602181987e-16
KDM5C	2	0.0143386278112	0.171088266159	0.0020045937399	0.0703607502467	0.155474977792	0.067954033047	1.30799087376e-06	0.337361995365	7.17153750449e-07	0.059515251976	0.0460218159983	0.00696455878041	0.148836507337	0.220751349561	0.307073168956
TFE3	3	1.50332377258e-07	0.0857313537161	4.36478867117e-07	1.89699835394e-08	0.0325051437959	0.0691341681243	4.62747367624e-06	0.0342309849286	3.52659383475e-05	1.02289073902e-14	6.2834353933e-10	0.000170358709989	4.28092188112e-10	3.77822141369e-12	1.90803534249e-19
TF7L2	3	2.26706948793e-11	7.37761920674e-10	0.211277184219	1.5565979769e-18	1.82533545718e-11	2.67508880931e-23	1.63216175731e-12	1.86439936839e-09	1.36853332996e-15	2.57075002272e-24	0.00109616420202	0.352941812276	0.000260012152755	2.34076153805e-11	3.17200991438e-12
GFI1	2	0.000812894797676	0.0110639870075	0.0164811262087	2.1208765414e-08	4.70167848025e-05	0.00336734490424	0.254018896471	2.61843889632e-09	0.156218323767	0.000190940060814	0.00197393681499	1.51986569365e-06	0.0827002498269	0.0874505658084	0.208728117356
VDR	7	4.17828198623e-07	3.76319868719e-05	0.471529024268	4.61944987362e-14	0.00115561823412	1.83314988102e-10	8.1521700613e-05	1.46204479321e-06	0.0868896674458	8.73251269191e-09	4.78921466285e-06	0.25092979351	3.98804597656e-12	2.20568451762e-10	2.97741175946e-13
FOXK1	1	3.26706546224e-07	0.103710670584	0.0261031978001	4.64901514532e-18	0.00752504665462	2.7786680068e-12	0.00717360460091	3.71601549767e-09	2.68921536904e-12	2.34922867249e-10	0.0444389192566	0.416817930002	0.000654969872676	6.10716442671e-08	4.80672293116e-14
CBX8	3	6.28643359793e-08	7.78757076058e-07	0.00470178835049	2.13666610816e-11	1.07021266633e-07	9.37891546221e-17	0.00202935043809	0.000528314755402	1.37211673842e-11	5.31006765632e-10	0.0170818076816	0.349014085798	3.18511882484e-12	4.18103729905e-09	3.09106996142e-11
NUCKS	1	0.00183105604447	0.00149152971617	0.0747549943763	0.00403720606373	0.052024330042	0.000468192573964	7.2660841103e-08	5.27914829878e-07	0.481511067049	0.00627239483361	0.00608044199641	0.278076518588	6.57368345148e-05	0.0253432649395	0.00133095723351
CDK9	8	1.54327345165e-21	0.0178698494769	0.330763549895	8.78294768642e-42	2.3810958299e-16	1.70260651581e-14	4.14690157903e-07	3.66674688643e-15	3.55980275192e-17	1.21495416737e-53	4.71338988437e-20	0.00172777135393	2.76999907385e-22	9.8590538057e-42	1.41222992057e-44
HXB4	5	6.80214116552e-16	0.0123546816407	0.0732069242546	3.91715221278e-48	6.87699514181e-21	3.07894983633e-47	0.167799094075	3.54230216833e-26	3.5822008591e-07	1.4589974827e-25	0.0831315842043	6.03421014721e-08	4.53388359885e-11	2.76258105956e-13	3.10050113405e-07
ASH2L	3	2.26007320246e-11	6.74015987484e-10	0.0162427083326	8.54571869598e-36	1.01912293063e-12	1.49037581159e-28	0.427190600957	1.02404846408e-17	1.40674577298e-06	5.12752643095e-19	0.432198043724	8.99491238887e-05	4.40616091109e-08	6.29635627998e-09	0.0187594616487
FLI1	9	2.21167782239e-19	2.00172081524e-08	0.0717784202982	1.41365611593e-48	2.45662269955e-27	2.14303100539e-43	0.462081331974	1.99838626303e-33	4.30184750048e-09	1.01732180144e-43	0.000306752162538	0.000130378795788	1.32146107408e-18	2.15316131439e-21	1.36257754378e-05
SIN3B	5	3.62887842642e-13	3.32028009526e-10	0.00686050071667	6.47497300854e-07	1.12050198328e-10	5.06077591918e-13	4.4081067561e-13	0.0658478315488	5.45564273092e-28	1.8508356733e-30	1.98796437345e-13	0.31551354515	4.11529442934e-14	2.48014065772e-22	4.37627326725e-16
RUNX3	6	4.00030879051e-14	0.000190999716285	0.128253727417	2.4162046067e-42	2.95306946714e-18	1.3837962073e-34	0.0208403168463	5.78741228582e-29	9.0423794598e-07	5.76099969873e-25	0.10321841964	6.26215790445e-08	8.47664643832e-13	1.58527272523e-08	0.0203586234527
ARI3A	2	4.17772084324e-08	0.0110250203184	0.20469938211	1.12770804795e-16	7.84195278578e-06	1.12696497362e-09	0.446152674535	5.12002928145e-09	0.000414862538473	5.71346363804e-17	2.01636039738e-09	0.0118489471383	1.05113513951e-05	5.92194796593e-14	2.72391711589e-14
HDAC6	2	9.19240898639e-05	0.041235327925	0.00110557640999	0.0179995125868	0.137664265719	0.260594344529	3.92165255196e-05	0.00487230687587	0.000765067645024	0.0188671504183	3.65073244735e-08	1.96544561137e-08	1.77872196691e-11	2.02779736786e-06	1.46393574719e-06
TAF1	3	0.00168495691538	0.0478318495978	8.06016773341e-08	3.30738137213e-07	0.0109784180984	0.0657197289627	0.000628946345993	0.415586715797	2.09334635015e-11	0.137637868911	0.0052172622413	0.299377935499	0.00966583642667	0.419791905605	0.338588265537
KDM4C	5	1.41575793762e-19	0.00765546787559	0.000323828067743	1.63588361825e-21	3.56896302188e-14	9.57691250904e-21	4.16443491651e-05	3.72884456823e-08	5.83433514758e-15	3.95288679007e-47	6.44914933981e-25	3.65781733527e-08	4.0484213195e-25	1.24685446536e-43	2.19876011114e-33
KMT2A	5	6.43006090236e-06	0.253218541335	2.87210789827e-12	6.93795067334e-17	3.10029404986e-06	0.0677193635174	5.93084083833e-05	0.00450742268905	7.7922066577e-09	3.35003045826e-09	0.226933490861	2.43400711637e-12	0.397114595719	0.0262253408672	0.485687348368
KANL3	2	1.28197229098e-14	7.23843233687e-06	1.26943471411e-07	2.24201446888e-30	2.37985634116e-08	3.30390360449e-31	1.22097016677e-05	5.72287371108e-08	1.29208582116e-20	3.97582619476e-27	5.08605775429e-06	0.240613800174	4.7587477224e-13	1.03601451223e-25	9.23062736219e-14
HIF1A	2	1.75539746861e-05	4.06834867992e-05	0.0101409301764	3.02036513829e-09	1.24615155131e-06	4.53370128995e-12	0.00108009022818	1.27318092165e-09	0.00446771772416	7.54713336588e-07	0.111306401625	0.00011129309071	2.89068637494e-06	0.0350106267992	0.00644570250693
NELFA	4	0.000102157232742	0.0479502599587	0.165104833559	5.37135181725e-08	0.00124589418635	2.07719282903e-07	0.00132068391425	0.0156298043581	0.0051729995579	1.28467108212e-07	0.00167801456446	0.00297636104373	5.12319549326e-07	7.0048993779e-07	4.98269574051e-06
THA11	1	0.00017657500795	1.65263968658e-06	0.245866311042	2.22599886058e-10	0.00253770355012	9.35025218536e-10	0.00718265124136	8.07221554688e-06	1.1946995458e-05	9.27906337926e-05	0.0382156124704	0.214488544771	0.00453295464987	0.000166109943912	0.336419087527
YAP1	2	0.00240022746219	0.0241645145056	0.083507145729	0.127391338977	0.000395895378353	0.448956409901	0.00374030628216	0.116363180089	0.216385077549	4.32377384377e-09	6.06256932357e-06	0.332271835598	0.000338455504302	6.66489153644e-06	0.00249143430278
DMAP1	2	1.83762162705e-10	0.00031157536521	0.000188458144567	9.7816492442e-23	4.34754585517e-11	7.16677892497e-23	9.29190143348e-07	1.53770608628e-05	1.29386234448e-16	6.72595671135e-15	0.0576397932237	0.000166576584215	7.51379250524e-07	3.43625116771e-11	9.07666874088e-13
MYC	45	9.94000453127e-20	1.00773536853e-10	1.48329794132e-05	1.36823659753e-47	5.24062446436e-19	5.07610963611e-38	2.38359756912e-07	5.99363446524e-18	3.31800942068e-19	3.89530076185e-42	3.75091543012e-07	0.18372514546	3.07233200545e-15	1.63371623583e-25	2.6452674126e-19
SMC5	4	1.50097177843e-11	0.00383629892779	0.00488784259092	7.13529313732e-32	3.03612298351e-16	8.96958763472e-21	0.00249398764921	3.67602401236e-28	0.0176269578567	3.11656358645e-24	0.379409810607	1.18715450448e-06	6.2942500802e-11	2.11242668637e-07	0.0268049269153
H2B1A	3	0.0109992933759	4.30746260519e-07	1.42868485295e-11	0.284678558807	0.0198981001279	0.314205421136	0.0812346443225	0.452329599503	0.0994615603779	0.492307447324	0.025965517009	0.163692461248	0.461173768784	0.0668987394587	0.146815818609
NR5A2	2	0.000926599832674	0.0371471304814	1.65502614553e-06	0.00985931922169	0.0131467523847	4.66237664028e-05	0.0714358176201	0.141890334926	0.00351814125771	0.0157849960084	0.00742539704067	1.5380706118e-05	0.0170132161956	0.00336318083542	2.51668563451e-10
FOXA2	9	8.0265936985e-15	2.70704433724e-08	0.00206972096982	6.89320268196e-18	1.23420260176e-18	4.38650394385e-26	1.66153771072e-09	2.95020955706e-14	2.21360562972e-07	6.60000138027e-32	4.6838515344e-11	0.039294929688	5.93796709984e-10	1.51794929164e-18	1.85465308274e-28
EED	2	5.21646562736e-05	1.01795219254e-07	0.00884029905018	1.59868669871e-06	0.179052122175	6.22622373253e-06	0.274403942993	0.365437307424	0.00840909668543	0.0083133167939	1.18169185065e-06	2.46625768764e-10	4.83928059724e-06	2.94182533476e-05	2.368316376e-09
TWST1	3	3.33382392626e-05	0.00173395928842	0.121283511762	0.0103692014528	5.86557240447e-06	0.00334183053102	0.466639660627	3.27623960383e-05	0.333449221516	2.17361005035e-06	2.72537903957e-10	4.81283238363e-07	1.18802428164e-09	9.89028718819e-11	0.000287002659034
CTNB1	8	5.6254510662e-08	8.02059013084e-08	0.119104463665	4.82142270947e-15	1.55116727836e-09	1.84626947505e-15	0.000127595954719	0.0144108931672	2.83690024645e-08	1.33695793739e-15	8.95756790015e-05	0.0330504422936	0.000387333619482	3.9310486225e-10	7.66459153589e-10
NR1H2	4	0.000304060732082	0.00141798207433	0.0897481971863	0.0584111389793	0.448241402814	0.0191290468515	2.31236605093e-23	0.119560260875	6.1822080391e-10	0.119853311582	0.435312093295	0.000883336113525	0.447645379122	0.0599803727053	0.000428292224801
TBX3	5	5.8449152636e-16	0.247634858286	0.0516633396105	1.88286526258e-13	1.2758672157e-16	1.56560463357e-08	0.0967760481169	1.89321612301e-13	0.000180958338802	2.05739869564e-49	2.38828489381e-32	2.62839368034e-06	1.16849385698e-14	2.02623306703e-33	1.11336222158e-25
CARF	1	0.0228743715056	0.00261822270036	0.378613638546	0.103395263178	0.431328498675	0.197004994137	0.16545009631	0.15566349155	0.144472911517	2.21001841419e-05	0.014088363341	0.0210942472844	0.0132251171138	0.00110944871419	0.00343820739107
PITX2	1	8.55798635158e-09	0.0044975508627	0.286013941673	2.51478885878e-09	0.000167941172539	0.017122556142	0.00244464064383	4.37309620474e-06	1.10919672206e-06	8.30289816637e-21	2.6665683831e-13	0.00028912917618	3.17416334548e-11	1.36581655535e-19	3.6923513638e-17
HELLS	2	1.93035223052e-11	3.17160290505e-09	2.74086825836e-07	0.433874987245	0.0285439517523	0.000319303622438	3.59474087993e-11	0.0140004473633	1.24498932932e-06	7.34044441979e-39	1.11739202145e-22	2.1476061626e-16	5.16317455185e-07	4.29886334913e-17	1.18449762853e-13
HSF1	6	0.00460968102381	0.0139756133765	0.002060857491	0.00851227178849	0.284378964266	0.236351127702	5.25421289202e-06	0.0736701898547	1.64612980115e-06	1.94423745637e-07	0.0132940461887	0.277348867338	0.234251954487	0.00602303658621	0.18419491381
RING2	37	1.8000807533e-18	5.78763315257e-05	0.0462307608702	7.18459983167e-06	1.42492805414e-08	0.353519354915	1.05736997196e-06	3.63651819669e-06	5.60186653111e-07	2.8110613979e-48	6.61543408993e-43	2.18024167018e-17	2.7986348574e-27	8.51237217003e-42	1.86153597002e-38
DNM3A	7	8.32562023992e-10	0.324234076977	9.63101583872e-13	1.11057297997e-07	2.33639376421e-10	0.125535725147	1.02856040025e-07	1.73724417917e-11	0.0542125731841	5.67784332873e-23	6.61647975494e-26	1.30977486102e-06	0.000952721687387	1.448515358e-09	1.14909053142e-13
CBX5	3	0.0024919905429	0.0591682669603	1.27716076902e-05	0.0926309661141	1.56102606142e-07	0.482146583737	0.0099660527726	0.00189701216962	0.0146882472122	0.0918849084181	6.52782319865e-08	0.00592255071589	0.422501648286	0.00979486463892	0.00165599156508
ANDR	14	5.68964680046e-16	0.00809087367596	1.40499913291e-20	0.296395613607	6.28634785042e-20	3.00815282886e-10	8.40132645944e-12	4.99367831109e-30	1.98177264346e-05	7.75599156666e-24	8.10171573462e-17	0.0052047473972	2.27157629826e-12	1.48438418493e-25	6.37738832672e-40
TDG	1	1.81117309672e-12	0.00178233276573	0.231275098229	8.21937748597e-11	4.73690019967e-12	4.62024648993e-08	0.0528806129756	1.44086091524e-08	6.87451574502e-06	1.63580927819e-33	1.03580868236e-21	9.46727272848e-07	1.87311227538e-12	1.09512078244e-26	3.19815760025e-21
P63	1	0.0399855984042	0.0676454402644	0.0884205231141	0.360262908777	0.0208564209199	1.78902107159e-05	0.000742430283543	0.333786428586	0.0061794366645	0.0325604523076	0.234281702834	0.449961065004	0.305985406261	0.266315518018	0.077555006299
E2F1	2	5.25350139109e-13	3.26230656897e-10	0.349651974443	8.57397472408e-44	1.62060189134e-21	4.79025245444e-40	0.000380919700789	2.56236843057e-21	0.00593772612212	3.12169107036e-09	0.00973487111353	3.36791237425e-16	7.814305606e-05	0.00929362536697	0.372953414558
RFX1	1	1.8032005473e-13	0.174743348326	0.228336460758	1.01499618409e-11	1.73147770346e-06	0.0161402914085	3.12581819793e-08	4.04565576452e-05	5.34131118117e-16	1.04102275178e-34	1.95476055761e-21	4.24451323463e-11	3.91204567378e-17	5.19797898736e-27	2.86172030543e-24
HSF2	3	0.000443494640175	0.327062288898	0.0111091490636	0.0354473603796	6.99743304371e-05	2.0915842663e-12	0.00530087276042	0.00308968888735	0.0680511582267	0.00698790717946	0.0129855977074	0.322116494428	5.50057944902e-07	1.39441773529e-06	2.41772524875e-05
FEZF2	1	2.62900875147e-15	0.0753127662016	0.0004903281094	6.22345925023e-24	1.02147809399e-09	9.66289584447e-17	0.000887455464441	2.76456703348e-08	1.29416038881e-10	1.17390710654e-32	1.55976271368e-16	5.53063309274e-06	1.75821965132e-21	3.3992962868e-29	1.72851753384e-29
NR6A1	1	3.38690462979e-07	0.00155612802712	0.00215219372455	4.06947925793e-06	3.66475211157e-06	0.0148901021609	0.390524713675	8.40737485481e-14	0.28104566008	4.94739422839e-17	9.42362204743e-08	0.121520800667	8.98380346964e-09	2.41897579016e-14	3.0932224984e-13
CLOCK	4	7.63587987014e-05	0.418079502049	0.000156184730661	1.66898457913e-05	2.99457005119e-05	0.464732892596	7.24298452454e-20	0.0118504973128	3.15416978252e-11	0.0090315721632	0.000326717093709	0.114299337247	0.00331849316312	0.0270815215452	0.0184080356882
GRIP1	2	7.52350549715e-08	0.00305657605372	0.0200800615303	3.27767875191e-26	0.000396486464055	2.55577675316e-13	0.000362169039758	3.52172574239e-22	0.164110733333	0.179600215172	3.11729120274e-07	7.24991748079e-17	0.159369658307	0.0569257693264	0.00118475842281
MYOG	3	2.71608556218e-14	0.242998275105	0.00283320518445	0.13047820643	5.70546481962e-11	0.0046788368324	0.369725976513	2.74426262395e-05	0.46383246452	1.60994011482e-33	4.03344850556e-49	3.06145413138e-10	7.7604355981e-24	1.10046788561e-19	6.20605875877e-36
IRF7	4	5.35034987318e-15	0.00119849844542	0.149535681955	9.73785949651e-49	1.26417275178e-11	1.95161655356e-33	0.00821943550423	3.64313067126e-35	0.0838669501585	0.000191631790359	9.01021979887e-15	2.21452110507e-37	0.400715877705	0.227971676004	4.1705758404e-12
PRDM4	1	0.0220648816891	0.196977480175	0.360317133249	0.000146098875977	0.032999748612	0.180903097076	0.00775941759088	0.0906825190518	0.0310019785146	0.00282505553778	0.109839383278	0.0875223208225	0.116740125078	0.00201403873415	0.000751940468467
PITX1	1	0.000276506689909	0.0125103994559	0.0152400441752	0.34159106848	8.90876916646e-06	0.0402716010897	5.07373404794e-07	0.0588270483773	0.00804543836142	5.06286526592e-11	2.47115769285e-10	0.300231999475	0.000201032475766	1.25085626695e-05	0.288148647773
UBP16	4	0.00582632037668	0.00129870910443	0.25738955482	3.240360853e-06	0.34968424227	3.85343029906e-05	0.00196133050213	0.0653813061229	0.000402224561037	0.000187059088327	0.401129924511	0.0299867236915	0.0810406968324	0.0350066002292	0.0108089214159
TBX21	4	8.66697419694e-09	0.039304652064	0.0112759978892	7.24824893396e-34	4.75023287732e-09	1.75780089746e-10	0.294936621433	1.76468741952e-19	0.0013173980506	1.9432843687e-12	0.00128994026827	1.28194523128e-09	3.1400353873e-09	0.113232049309	0.000642148657771
NELFE	2	5.53373298765e-15	3.07218299158e-07	0.0187359952908	1.89038896863e-36	3.66172074596e-15	9.42463265708e-33	0.23981861204	4.8084069677e-27	1.00616637537e-06	3.8264294653e-33	0.000359089096904	0.126803651695	6.70793409462e-14	1.70760501629e-18	2.90383756392e-09
DMRTB	1	0.00539180418486	0.315500542836	5.41824891785e-07	2.8774536671e-07	0.486637478319	0.00426139694694	0.304771640725	0.00917072087876	0.00641275448003	0.00824658429529	0.01788656676	0.000158342759705	0.0173561265961	0.180219939906	0.131393845319
CTR9	1	8.67651294406e-10	0.0220503034478	0.0599238266998	1.541316383e-09	2.11573751518e-08	2.39255209333e-07	0.00702458069999	2.15144160384e-11	0.131497435336	7.59482093721e-24	3.30696657713e-14	4.21872293443e-06	1.01209456717e-12	5.96840965142e-18	1.04502975211e-16
FOXO1	9	5.15006846335e-12	0.299199971505	0.0116031789792	1.0085070661e-13	9.88068518121e-14	1.25509862755e-08	0.00321895964856	2.19357763029e-30	0.00161229594448	8.21889387281e-40	5.52484963999e-06	0.072345077732	4.28421549421e-25	7.74811108955e-17	0.171307493438
NCOR2	4	8.78149780797e-09	7.55287563059e-12	0.0253842220373	2.09517063397e-21	2.51373484963e-09	8.98138176714e-18	0.00214164500056	4.55929792871e-22	0.000546723710364	8.60693477462e-08	0.226494866995	0.00364930204992	1.14438031884e-06	0.000145214195194	2.83330054047e-07
MBD1	9	4.90907036925e-08	0.465270204589	9.79373219701e-06	0.25528692037	0.00299585149925	0.367901790888	0.480844159071	0.000207089105843	0.0906072819699	1.35897920395e-20	2.77577480194e-23	6.50673755435e-11	3.59601512328e-06	1.94918327471e-14	2.37189890841e-17
AFF4	4	0.00391419193382	0.229845471944	0.165319524809	0.14761767163	0.470516366002	0.0062395627466	1.50636513858e-06	0.011870127919	3.18254597332e-16	0.0972286507747	0.0505671221	0.418952697343	0.0635098505848	0.114559756612	0.141091646727
MEF2D	6	3.8470779247e-10	1.79600535363e-05	0.277066922578	0.00131454279285	0.0142813878002	2.27682626371e-12	0.00145483558992	0.0106221425794	0.000589930675614	3.16132224433e-27	2.3648521742e-32	0.00049117445936	2.36687410012e-15	2.74311538329e-14	3.36443101287e-13
MAFF	1	0.00396464797493	0.000133330022146	0.00802385214933	3.98468558782e-13	0.490474936506	0.0194427203985	0.048533961071	0.0150634529312	0.313309540818	0.0979743530356	0.105814224282	0.0541948863527	8.71579890017e-06	0.233480333667	0.222674201257
EGR1	2	6.65860792392e-06	1.73083144253e-06	9.45539109445e-05	3.54426223976e-09	1.63204875202e-08	2.33678943875e-14	0.00142126694283	1.84562640344e-16	0.00886967556167	0.300112629333	6.00231412798e-05	1.3718664241e-06	0.126301670675	0.422756324801	0.495922901322
RFA2	4	2.71710636171e-07	6.82050055611e-05	1.11430424922e-05	8.82396336003e-15	7.1194116472e-06	3.7434417402e-07	0.00943551524568	5.43243459471e-12	0.0665862509526	0.0603138335576	3.51571391887e-11	2.52065419707e-17	0.258899062062	0.044209395821	3.20302668718e-13
EOMES	2	0.0164050807668	0.0887039020999	0.136736945323	0.000312787666995	7.11100859314e-05	0.000558432242157	0.270667742657	0.144151859407	0.00426632269761	0.0152455783943	0.0630352846218	0.401021431191	0.00352286653282	0.0147026518658	0.204277150407
DMC1	14	3.6888519902e-06	0.0259992807215	1.34062969951e-19	1.36176044691e-05	0.497089446182	0.142058885579	1.85833746213e-13	0.0185352831515	3.76459149929e-16	8.78034317419e-11	0.0734643443818	0.388784331363	0.0116609750679	4.3120265138e-05	0.015763352452
PPARD	1	0.000571819843043	0.0781126743954	0.337974154967	0.0818891141855	3.45152433905e-08	5.64099337923e-05	0.399129568969	0.000828783327753	0.0638517609743	1.93345523006e-06	3.42599917874e-07	0.11529531156	0.0123247975253	2.43035525281e-06	1.9648121814e-06
PWP1	1	0.0564854664183	0.000288238261138	0.475124459202	0.0123892012975	0.0246928128825	0.167421416554	0.000243592635577	0.0634897474661	0.248862149094	0.318610249495	0.0998109167247	0.169927382749	0.172823145883	0.438647627582	0.304357996622
ASXL1	1	0.000222020368457	5.24830090146e-06	0.414571404925	1.57083264911e-13	1.9055616183e-06	6.30781551515e-08	0.0415485258111	1.37669392577e-08	0.0445243988586	0.000440217807584	0.490899109346	0.185186531314	0.0148175222061	0.00670364327117	0.170021047595
SMRC2	2	3.04404269957e-07	0.148646967969	0.177867457705	0.00329793515029	1.72232076029e-07	0.429232277636	0.00333867561628	0.00427148024712	0.00106546637123	6.77824164491e-23	5.41688308521e-19	0.00351380411979	6.62713613594e-08	1.67614366992e-13	4.1786473658e-10
PRDM5	2	0.000275218334443	0.00509767896997	0.484966122435	0.0364172151772	0.0106274863522	0.126313747471	0.493280913343	0.039430285671	6.46579113661e-05	7.73382102972e-10	8.68814828351e-10	0.00414454954991	3.40181563568e-06	3.04907471273e-07	3.25827589684e-05
ERR1	1	0.00168178174657	0.00659265797668	0.0408994687764	0.256728698604	0.0115070195565	9.09666988245e-07	0.0109104969667	0.00588803130148	0.217105495322	5.70047885118e-05	0.00112909632021	0.0120839754278	0.0658309600253	2.09636871022e-06	1.33487771968e-06
MAZ	2	1.13503570233e-11	0.240168340358	0.469352068252	1.56001162517e-23	2.69087823954e-07	1.19375602489e-09	0.180674282011	6.35846047714e-30	0.0319684496606	5.66120489878e-33	9.3657745702e-07	0.061297920328	1.85381048533e-22	2.51886702571e-14	1.87086557559e-08
REST	10	2.46227814359e-10	0.195469405455	0.00087664214237	0.0325673169106	0.199837728234	0.0720111343729	8.53360447096e-19	0.00431893248171	1.40845894925e-11	2.09688245748e-15	2.39666640359e-24	3.5960217117e-21	2.75175220641e-06	1.17145537144e-12	1.23984421295e-20
NPAS4	1	0.0131145857916	0.0474929080175	0.260215631278	0.108421005702	0.0162533982497	0.0182443196865	0.183696765673	0.0040656109609	0.377076466453	0.00164457029631	0.00469024833137	0.14138101871	0.0435949892891	5.72858921214e-05	1.46095309819e-05
KAT2A	5	1.36385226479e-14	0.000274867259772	0.280169698999	9.7310045601e-43	5.28436775939e-14	7.4179981334e-33	0.0019913477608	4.73842285691e-23	6.85025284304e-14	9.40199391073e-29	0.000340493310163	0.0492553686134	4.6511113046e-11	4.53720475347e-17	1.21940014614e-05
TET1	10	1.92409899752e-19	0.357102978877	0.00490182194944	3.02397933459e-09	1.05520176212e-07	0.00138049191641	0.000195197462564	8.85092935689e-12	9.73377035343e-06	1.59392273429e-47	5.91950848127e-44	1.63872892312e-17	2.98683008583e-21	7.97997628076e-46	1.9946573409e-49
MEN1	3	1.5395644676e-10	0.0138870645738	1.4987970677e-08	1.40252222557e-33	5.09993051685e-09	4.38045269643e-17	0.0321056214214	2.27823101159e-14	0.000145492867778	2.74732366344e-21	0.000342117144684	0.252404621937	0.000133181785224	6.58766725899e-11	2.90967855779e-13
AP2A	4	2.32200226638e-21	0.000944933772646	0.109938922331	2.83432784139e-30	1.8314618193e-21	4.41485019497e-18	3.09050741457e-05	1.07605784685e-26	4.01560949472e-07	3.0343907249e-52	1.97441658945e-22	2.055022997e-05	7.178151349e-23	1.08499454377e-38	4.34486366276e-43
WT1	3	0.0	0.48661653686	0.0919781931645	5.07679053678e-27	7.54558971673e-09	0.000493610453552	0.00435324948925	3.0675426705e-14	7.10699141848e-10	2.95557002661e-51	3.11678604734e-43	4.12844320677e-23	2.01535141767e-48	6.46413318666e-62	2.72079850537e-63
EZH2	38	1.96439089136e-19	3.6265219177e-12	0.192430340418	2.55351931824e-05	0.0734627028591	1.76080945463e-10	0.00067654101703	0.0103526255294	0.43068622889	3.42021619352e-37	8.80998185801e-60	4.01315290103e-39	1.25017615174e-19	8.02586422159e-38	1.5101690874e-39
STA5A	22	3.65896052112e-09	2.04558665113e-05	0.298282246614	2.13421203661e-37	8.36397535571e-07	1.02428657074e-20	0.0873260479478	1.99392148092e-23	0.0987922750348	0.0184548557085	7.50470607792e-08	1.44955156835e-14	0.346851060823	0.104775250969	0.0550600323917
MDS1	1	2.64639815734e-05	1.20581714837e-07	0.000342850891008	1.44675838554e-07	0.0123318767223	4.13003307204e-06	0.022956270935	3.14523783055e-16	0.36782960775	0.00204015055983	3.51858116819e-06	2.98794308653e-06	0.0463193391781	0.495881054811	2.07330714747e-07
KLF4	13	3.78673745229e-23	0.237127530132	0.000291651274696	2.64049705777e-30	4.2745288045e-12	9.73008821496e-06	0.0329779648005	6.44918896362e-13	1.74230000107e-10	1.47577614913e-63	4.98193894276e-45	4.60347855472e-09	3.40554273568e-30	3.37918199102e-48	1.1371593904e-48
HDAC1	6	1.03375662431e-22	0.245466606185	0.0340808695535	1.87879507487e-24	1.58402646316e-14	0.000244569102794	2.59056767466e-06	6.88792021622e-08	2.30146468805e-12	1.99579237991e-55	6.20761727096e-44	6.34456074439e-13	3.18660896562e-33	8.83787704687e-49	2.87543668096e-50
PER2	1	0.000297450880739	0.138335449359	0.443469390409	0.282149760051	0.0463142381283	2.94439187086e-07	1.16417294052e-05	0.00732745400545	0.000639811973838	0.00120111032607	0.0548802955442	0.000875357621004	0.00204772585864	9.78978235897e-06	2.84822306599e-15
SOX2	26	6.21528384127e-15	0.0494753616826	0.000148132417441	1.03343775152e-14	1.11860598105e-08	9.6154791422e-07	1.38406876349e-10	2.44896192182e-05	1.16896785443e-17	2.17162684513e-41	7.79309634678e-24	0.000644678546656	4.81370261365e-20	8.64387895838e-25	8.76018730637e-25
PSB1	2	0.104303023692	0.191443976496	0.462397498866	0.0135547552548	0.0893453657102	0.0531339761883	0.163428471802	0.00502438952323	0.400260490273	0.0657429220422	0.355963377367	0.28527082311	0.420022224135	0.0119360372355	0.287849522394
PRD16	2	0.0222652126747	0.362174360715	0.0319349289261	0.409005366185	0.468331929575	0.155947956138	0.344026024266	0.0236366063811	0.0563349598129	0.00339281385991	0.000239466406563	0.0162710961967	0.00271363390692	0.000231531889504	0.00559747067813
AHR	8	0.0120137140491	0.00503774385111	0.00458279359415	4.80581895716e-05	0.000861163306821	0.0181361395314	0.0924229550662	0.0511703871658	0.0130882602643	0.470403747825	0.281459432111	0.000222284308965	0.291311292132	0.00843889730286	0.0168112123662
CREM	1	3.07649384238e-09	0.383084946288	0.214285055649	4.54335252729e-07	0.00247352471998	0.0018629020897	3.40778285925e-18	0.0154511859658	3.51549850379e-21	6.0377181706e-21	3.48214950751e-06	0.00484131960384	7.46212489499e-09	1.26554643815e-16	2.22520361046e-15
ASCL1	6	3.75145750329e-06	0.00129949942686	0.000729798073288	9.45040611615e-05	0.00349740188358	0.204567352083	0.0471128552821	0.00627257365726	0.413306530548	1.08736318241e-07	3.69520638446e-14	1.91017870086e-07	1.28968816355e-06	2.07876819566e-08	6.78506063489e-19
SMBT1	2	6.57860605959e-09	0.016129395645	1.52817851903e-08	1.89032558534e-10	7.31594797498e-08	3.11711718941e-23	4.99204565863e-07	0.00276285752854	4.53926093021e-22	5.45648086397e-17	0.0136023164554	0.259695582518	5.14093708143e-05	2.28961000646e-09	0.000188410772404
MEF2A	2	0.00651348080413	0.412493431698	0.0025293707238	0.349969372862	0.131735129358	5.56138683648e-10	1.18384282651e-06	0.471613272866	0.0500573746726	0.227958244999	0.0448887294347	0.462221530314	0.404618470933	0.224922905881	7.68722054516e-07
SRBP1	8	0.00660655511436	0.370278042601	1.56939435657e-07	0.0246807690782	0.0843380543533	0.0489760079308	0.349519306243	0.0382887892603	0.0792520962971	0.155101734402	9.23365475176e-07	0.00824458983057	0.116910927043	0.0890000065057	3.9090131673e-06
NANOG	14	2.82557151758e-19	0.0579471771435	0.11291690769	1.21378363676e-20	1.99042217673e-11	0.000381635910226	0.000217644907794	1.0521071701e-05	1.38999914378e-13	2.26289958987e-46	7.36217799036e-41	2.48892403428e-14	1.66360829066e-30	1.2181607346e-38	1.28144316673e-35
SPIB	1	0.00283783279772	0.45049656338	0.140352427497	0.265678494871	0.177439847759	0.385443382627	2.68593640052e-05	3.77383851278e-12	0.00218380706919	0.0942161540479	0.0128470575179	3.53042049019e-05	0.449924915286	0.001236421487	0.000363396148921
NFIC	2	0.0293096823481	0.46477774814	0.0305624645892	0.070591811289	0.441320021841	0.00801070420453	0.0865879122237	0.138411665545	0.484454208223	0.0214228625926	0.00349998913999	0.0452699551031	0.00112459468776	0.000287249496	0.0152985739136
NDF1	1	2.29590806748e-07	0.00512722704747	0.432615145807	6.04674292638e-08	0.000244584579801	2.54022259963e-10	4.46708962215e-06	0.450284205324	4.80826512808e-08	1.87997259184e-07	6.62479015474e-07	3.69902249812e-05	1.19879050865e-10	1.13667019272e-12	2.23495160983e-18
MTF2	2	1.75837497618e-06	8.16644926816e-09	8.28493668462e-08	0.00264481746923	0.274273122853	4.63007000519e-09	0.109176415203	0.0011659222554	0.10280921551	1.65347735566e-10	2.15694669702e-15	1.43089992167e-07	2.0548149511e-05	9.12925376861e-09	9.48825962383e-06
KDM6A	14	2.05394575887e-11	0.00249563293678	0.0415961589891	8.78414504482e-27	5.24945643781e-14	3.43250926163e-17	0.00248202827497	6.65797818049e-08	1.30357891022e-14	1.67152239077e-32	8.94282341871e-09	0.282676456763	7.97547167869e-06	1.75941515032e-16	1.13317890364e-05
GRHL2	1	0.00222956657225	0.00264791941379	0.0128689572197	0.063073416608	0.00773577601085	0.228610959897	5.64829179654e-06	0.000157916668345	1.02526517638e-07	0.000259139283902	0.00247498840945	0.207486728663	0.0118951553049	0.000855819263258	0.159279757154
TLE1	1	0.00578304887921	0.343674527505	2.25090871926e-05	0.305165503503	0.349143577936	0.000731417574716	0.000223130148768	0.0953842501735	0.00501046419663	0.038495169028	0.00065407929216	0.000126750290321	0.000274592216715	0.10386337686	0.00799717912193
CSN1	2	5.54938434049e-16	0.403750630333	0.0297534402333	5.29216531657e-23	9.93759896166e-05	1.32470952331e-09	1.01136345144e-10	1.59106660955e-12	5.86752620472e-14	3.12307363975e-52	1.07458877118e-16	0.000366554469642	2.10335502856e-16	3.55425593551e-32	3.61465084618e-24
MYB	2	1.61508749363e-06	0.0544564198654	0.370973332504	2.72620646937e-12	0.000692211428887	0.00116020731725	0.058973205445	0.00150635181209	1.66699496687e-07	5.28644461588e-16	1.74067779918e-08	0.0569991503877	9.16547544917e-12	1.18625443199e-11	2.19999213905e-05
TF65	28	9.1171364737e-17	2.3223851024e-07	0.00290170241426	9.13326249553e-54	1.11514660747e-22	7.5455619635e-29	0.000482805371907	3.32367826059e-53	0.138946805617	2.14480911635e-26	0.275990281521	2.30557817693e-11	2.12071867981e-10	9.41356960816e-09	0.0871449950518
BATF	14	3.51786916424e-14	5.34976001672e-08	0.0074926771615	8.76508319389e-53	2.38849683842e-10	3.64279123817e-26	0.0200183290927	4.4090747173e-30	0.119036998854	9.21602174658e-07	1.13540823501e-15	5.35883616191e-24	0.000634943973292	0.142829593029	2.72177600793e-12
MYBA	2	2.66466918279e-08	9.99551148741e-06	0.0122209958764	1.59462021755e-06	2.06590759586e-14	2.62489181283e-13	0.0300331787919	6.96220948834e-09	0.000543961317544	7.54378597953e-22	1.68340857323e-07	0.0934462067121	0.000137443226128	9.49704350372e-15	4.88929520453e-08
KAT8	6	5.61822585807e-19	3.89920402819e-17	0.0516866543007	2.13034669341e-30	1.40915854116e-18	3.29473586827e-40	6.91212795623e-06	2.12039931394e-13	3.03017865034e-15	1.29151752089e-33	2.65919776482e-10	0.0312008563197	1.3999934851e-13	6.13454842859e-31	3.83159736248e-32
ELF5	1	0.00444032492691	0.314981399129	0.223723649777	0.145119838372	0.0719634687826	0.0387269785452	3.14917470696e-05	0.0773455733646	1.28080193182e-07	0.000431100276556	0.0688873876537	0.351319768193	4.53147372975e-07	0.00303560177195	0.00907691283404
NFIB	2	5.71851211868e-07	0.0845104029538	0.0400674641576	2.93096866909e-05	3.44293696053e-05	2.86952850629e-05	1.87104644153e-10	1.38622524406e-07	8.5469457867e-08	2.85929950279e-22	6.73144894486e-05	0.232666824844	0.075883408838	9.97960234394e-08	5.42522513076e-14
OLIG2	3	1.02017938073e-09	0.118722905122	0.0212649897604	0.00762883262344	1.49268093822e-07	0.434116015088	0.378042141281	0.000119941024251	0.163537852711	8.54311818507e-31	1.14461642175e-28	4.12186984594e-11	6.52600639717e-09	1.56252232992e-19	3.47752579702e-14
TAF3	3	1.74254239477e-17	9.71647247274e-06	0.249769595581	1.23865373484e-26	2.92407871756e-14	2.73273281697e-21	0.0831822315995	4.32290587212e-11	2.06284461669e-10	7.28202834855e-44	1.18266205671e-20	1.04086472831e-06	2.03100871222e-16	2.93205942398e-33	2.50217603345e-31
ZIC3	2	0.00375500392112	0.238650665993	0.0887064638009	0.279514752407	0.164811572592	0.0240903936796	0.000452071913508	0.000600457509791	3.0483081115e-05	0.00274943631508	0.000180498297024	0.00374718176892	0.00030190470095	0.00186153815992	0.000545354943824
GATA6	2	0.00184891609754	0.0555511321899	0.400187831042	6.29519556987e-05	1.82040520692e-05	0.00085598737097	0.00250472354234	1.23145137902e-10	0.0582236940291	9.63145042376e-06	0.451272051551	0.0209971771832	0.262301334597	0.0731776793626	0.00795229357505
STAG2	1	0.000154809811419	0.261229517232	5.76438042485e-09	0.0114767265859	0.0644200382469	0.448012662883	0.021161679615	0.137424582426	0.00478708472091	2.14178245239e-05	1.60740885e-12	0.000271146075908	9.46426328794e-07	0.000151574595792	4.88394332137e-07
MSGN1	1	0.00198421998052	0.0143863986282	0.419124593299	0.00589080766555	0.000356755660586	0.402506098655	0.309305250909	0.112583309411	0.0838060067509	2.45299279619e-06	0.000539886311117	4.3019896849e-05	0.000594727043819	2.47273241752e-06	1.17583079184e-05
ESR1	17	3.88869633838e-12	0.023066992758	0.00205205983667	0.0121565722854	3.46802221686e-09	0.000102408353814	3.96271716669e-08	1.24376201006e-12	0.0330012290633	1.06480250846e-26	1.54711463782e-20	1.53227710513e-07	1.24827857693e-11	4.8319156405e-20	3.5729491189e-38
GRHL3	3	2.12275977758e-11	1.03675792978e-05	0.000935009946291	0.000693330537451	0.000443631188215	0.364258878311	1.9007811637e-06	8.60163336653e-06	0.00243790261024	7.56917304412e-34	1.52341887864e-22	4.95905188091e-10	7.04759407405e-12	8.77870349457e-26	2.46308090079e-21
FOS	7	5.69133458056e-08	0.0340995221228	0.000344733082931	2.62481956205e-16	0.193403507819	0.00126337131598	0.380370191833	0.0570834233198	1.31865515998e-09	8.65060018174e-13	2.86448080537e-08	9.01727822053e-07	9.05916140394e-18	1.09293243773e-15	7.83384389134e-10
NKX25	2	5.01626455006e-05	0.0220714952442	2.01554099584e-06	0.0406541571619	0.000443205195416	0.0327667204836	0.165710525287	0.000833890242414	0.0374582866511	7.49701315195e-15	7.90620687602e-15	0.0963179520807	0.10223551764	6.47816394737e-08	0.000124261206214
NKX32	2	1.70446417306e-05	5.22452755962e-06	0.0644675781352	2.7932390737e-10	3.30581119536e-06	9.03888487626e-10	0.283325106242	2.7840718445e-07	0.0835760670907	1.21161910451e-05	0.00309339899834	0.0758602443495	1.13802490089e-05	1.41624222159e-08	2.05678012507e-07
KMT2C	9	3.32352223779e-18	5.83453766899e-05	0.00162598791586	2.5120377791e-41	2.02715845556e-13	8.41961064652e-24	0.0323987717859	4.04388243405e-16	1.13407391112e-12	2.73142942494e-43	4.21522428495e-14	0.0333042122838	8.02203113149e-15	1.40897610105e-34	7.65921705356e-28
PRDM9	1	0.00948400751151	0.000496208695993	2.82881805557e-06	0.190450561757	0.0897050708383	0.00902173528094	0.0303933263092	0.388275925756	4.74953015172e-06	0.0304200059149	0.0013066027728	0.311062665609	0.00775227423871	0.116015349291	0.353234446467
HXD13	1	0.0598015548959	0.110807436177	0.460986142151	0.30572739466	0.0182739985441	0.00445608811229	0.00607318687126	0.0971934650791	4.88868613312e-06	0.34612217464	0.44512675767	0.358174154308	0.343847743708	0.371098923566	0.289525666989
SUV91	1	0.00870184296102	0.0104551719564	0.364987090814	0.0225397326245	0.0193130737928	0.00172210988385	0.0181722489658	0.0662549508088	0.394293077543	0.041073022604	0.0725719524283	0.000883277024864	0.00300999326463	0.000291222676633	4.55437086292e-06
MBD4	4	0.00116029583014	0.000241550436922	0.00152975339439	0.00141726872957	0.168397029962	0.0674239553186	0.0457447896328	0.399964544391	0.0844998437736	3.05995266188e-06	9.10970643394e-07	7.56666598282e-09	0.0790162385904	0.0415377864763	1.25959155347e-05
UBF1	3	8.42031895958e-15	3.85120117774e-05	2.12031522097e-08	2.38741415679e-19	5.39434541475e-09	0.0144880102114	1.74396800655e-07	5.06782677485e-14	9.1939333388e-12	1.30749005291e-46	1.98534518736e-14	0.0024198799704	3.16765195209e-28	1.88633187845e-26	1.93839494665e-10
ZKSC1	2	0.00482530961873	0.170437339511	0.000345686224904	4.46099448072e-13	0.256787850826	0.000261057982596	0.0420956003953	0.0102646853007	0.204601679819	0.0284074742409	0.431366742775	0.439716339984	0.00161079003289	0.428997130086	0.00639625678337
DNJC2	1	0.000444900623171	0.159319919362	0.436354694248	0.0658243422938	0.00706530627001	3.52822897598e-05	9.46062703179e-10	7.65223334625e-14	1.00773824042e-05	0.00855470928407	0.246748333436	0.363222775385	0.100315923579	0.00108566635319	0.000171294535011
INO80	1	3.55468893229e-15	3.97437216154e-05	0.0195789638681	6.28287281687e-35	2.34477924502e-08	5.72692266505e-22	0.0250984869302	5.52917369013e-12	2.63023273664e-11	1.691049712e-38	9.59350628839e-13	0.0443824032347	4.88486162994e-12	3.37855237357e-26	1.80614749938e-22
HAND2	3	0.0784063904911	0.00989847524235	0.0235091903877	0.297685445828	0.308120655678	0.00262196857225	0.00881706248563	0.131196787446	0.414094024519	0.261159021157	0.13372659515	0.252784349878	0.0292273091136	0.357688315862	0.134120731479
RCOR1	4	0.000426400267907	0.0751775712844	0.227536748314	0.000223778119077	0.000104715514119	0.0305537347916	0.0010931169588	2.38887528576e-07	0.000303300556122	1.76554283877e-09	0.0181283616783	0.366965531722	9.30511304028e-09	0.000429996398098	0.144088690663
THB	3	4.60583192924e-08	8.73461597581e-07	0.00397556676708	1.06683503482e-12	2.27997712511e-07	9.5602765669e-24	0.0186657982036	1.60406197521e-09	0.0217074940904	2.46543259802e-08	0.00505055199889	0.366634609705	2.00838966841e-05	9.33715433515e-08	4.30295461862e-19
PDX1	1	3.84571967133e-05	9.7932958894e-08	0.434264722547	9.41435888056e-07	0.00929330727908	0.0250123622907	0.0278584518192	0.0698764423787	0.00847582453773	2.50112387878e-11	2.65656125885e-09	0.000558555331068	8.0958894088e-05	1.06571566924e-09	3.14768068886e-05
LYL1	2	0.000190089080621	0.129470405533	0.000508863597461	0.000125957796161	0.000579827634257	0.32297178634	6.07628367015e-07	5.62534238792e-11	0.00013361704814	0.000110752627253	0.00034603197528	0.332460776185	1.16746103346e-05	2.20593438473e-05	0.00345338818837
GLI3	3	0.0018589199988	0.0528532157598	0.000658612212289	1.5407228155e-09	0.0843842108836	0.238053740112	0.223077597811	0.146559835912	0.00219045151596	0.0360326138062	0.00563086792972	0.29874621991	5.5644010804e-07	0.000559741503682	4.03927895068e-06
SUZ12	41	8.62684829237e-17	3.89812906377e-10	0.0276885975349	0.000391563845495	0.00634095987449	2.24844368618e-10	0.017356208974	0.011642645238	0.4207626353	1.01907887473e-32	4.37685192076e-54	1.14106693631e-28	1.44191371069e-17	6.43667537762e-34	5.22526258857e-32
FOSL1	1	0.0128997004304	0.270434953181	0.0103693622071	0.00292853262735	0.300878302331	0.000774804160671	0.0676866535392	0.199618818562	0.0137735248897	0.190076383383	0.00933577288759	0.234942599356	2.32300780055e-06	0.0127348470406	0.000803956902282
CHD1	5	0.000810775332673	0.445078072919	0.00298196530305	1.19535892145e-07	0.0598212601661	0.0233099872988	0.0754493066885	6.20174174093e-07	0.0069948219489	0.000155441501813	0.00174047188846	1.21492728716e-06	0.0298861475235	0.0417459103724	1.78631861133e-06
SPT5H	7	6.25451957485e-19	1.31635067431e-07	0.0698126981043	1.94101475073e-43	5.34809795429e-18	9.42227048269e-42	0.345849638838	4.12881085285e-20	1.4962629112e-10	1.5419611143e-40	1.24704139854e-08	0.0261209391468	1.95797887233e-21	5.15975813148e-29	1.43854997936e-18
IRF3	2	2.83783987137e-05	0.218794452549	0.264998372107	2.58277206452e-20	0.0048987605801	0.000613404162321	0.0326777118236	9.78504735312e-14	0.000752740380343	5.17600699976e-06	0.00353541628625	6.6891787702e-10	0.184658134085	0.38001187711	0.0236155610214
THA	2	0.0120223522487	0.00303683526733	0.000135736235751	5.29800298822e-06	0.00151672918076	0.280637825902	0.0179644562451	0.345565343513	0.108482412691	0.00412856258419	0.358573816329	0.0492550728992	0.030414635361	0.0338122956255	0.0280723983316
MAFK	3	0.00174840098956	0.000895438371076	0.396286458942	9.41720881395e-09	0.406989471669	0.233988989089	9.78345524713e-09	0.256256883553	2.74620396855e-08	0.0122479715861	0.0471429407132	0.304083618725	1.69084794773e-05	0.0850910111423	0.450677818621
ETS1	7	1.99927308349e-12	0.0216282000614	1.3943194592e-06	1.05409670564e-32	4.70152737649e-07	2.99503986194e-24	0.15189948327	1.09189682432e-43	0.0882972933367	4.40272880252e-18	5.89066664669e-07	7.23675918317e-15	1.51342797187e-06	0.0263019267732	3.32843326976e-05
RXRB	1	0.0204327248931	0.00816621176321	0.0780840104165	0.00337889005276	0.00456933038571	0.00205799178488	0.32312518428	0.0025179049083	0.00134446418171	0.493015522586	0.0248079817922	0.000523336736502	0.0745206133552	0.461195653852	0.453482754333
ETV2	3	5.69681753589e-05	0.000193759447273	5.18598815058e-12	8.00937252243e-05	3.16677567027e-05	6.64913938944e-06	0.388139397698	5.3010800539e-09	0.0257958895195	4.95215808568e-08	0.00339103612019	0.474672413494	0.00134379535764	2.89548156699e-05	0.00135924970981
SIX1	3	1.33097506132e-08	0.0743045521913	7.86395498634e-09	0.00016307512715	0.000552163747676	0.0211038028221	0.00017112341797	0.463237200613	2.57134559471e-07	4.11138850055e-25	1.27784354539e-20	0.0424516124017	5.55858481157e-10	4.22939877707e-14	4.6134890022e-14
JUNB	8	2.4318515386e-15	7.65510288025e-08	0.217079127156	2.31107701159e-54	5.15080674549e-17	3.44643000824e-26	3.10774792178e-07	6.47304585745e-51	0.0771758678976	2.80092376431e-08	7.22673016722e-08	8.02065310103e-24	0.00158170936667	0.397327920813	0.00234275006565
ASCL2	1	0.00032144086446	0.0344746285185	0.293991416759	1.02440461962e-10	0.059408989292	0.399801076896	0.000222906728183	2.5046020687e-13	0.454774169096	6.23869470314e-09	0.167561940021	0.219158840895	1.7722627867e-06	0.00247972467382	0.199432500093
ETV6	3	4.72612391891e-11	1.30701342441e-15	0.000768933493068	4.69441624338e-45	1.80426273039e-12	4.84466350228e-23	0.00702879596104	1.00339270648e-23	0.451526132301	3.01933715885e-05	0.00107846547843	3.2531238735e-14	0.119465076083	0.48643462537	0.343114423834
AICDA	2	3.92744735503e-05	0.00382676471845	3.3911919552e-08	9.51300376785e-08	5.9336827707e-07	1.86920020207e-13	0.0487836494347	1.09241483101e-07	0.0364329165126	0.000961387945738	0.0841157841092	0.0146386447364	0.000623574614736	0.0223525041065	4.73604479596e-06
E2F3	2	1.01054325896e-16	0.0119972337569	1.78240665093e-07	1.89576154603e-10	2.9140927384e-10	0.00755871232335	7.38708183337e-08	4.71407218689e-10	3.29060636174e-07	1.37423667555e-56	4.85814021547e-26	2.16515616278e-08	2.1334687058e-18	2.52484203429e-39	1.45364900379e-26
SOX6	1	0.00293994075754	0.001937139725	0.0829007929132	0.0818246885341	0.00357663119898	8.10730568245e-06	1.36693780066e-07	0.012268140699	0.280267983922	0.0160352190418	5.02384121869e-08	0.434804996544	0.0496455247964	0.0033692705118	0.343449667278
PAX6	3	0.000226998448112	0.311339361987	0.439754009615	6.84517075186e-06	0.000187773038324	0.0344682077681	0.366099180411	0.00030570935497	2.83610982659e-06	1.73466978321e-08	2.86655998187e-05	0.145991697705	0.000190455635964	7.2618862204e-08	4.98954068253e-07
RING1	2	3.96077517518e-12	0.0132942520388	0.0755360329331	2.89575531991e-11	3.36952531623e-13	4.85668573158e-09	0.230863851221	6.33013579264e-07	7.87158643767e-08	1.22578115126e-33	6.14665784612e-19	0.00199295511838	1.53772550163e-13	2.29804921922e-26	8.05035698179e-20
SIN3A	9	1.94654217894e-17	0.000748584186496	0.0892588913576	1.01802196367e-30	1.76976868911e-17	2.01062698417e-25	5.95103928664e-07	7.71045140934e-22	1.83755002906e-14	2.79849765845e-52	1.74101724853e-09	0.488101790629	1.58313189527e-15	8.80590615256e-25	1.65712319155e-18
ZN322	1	0.0763784199569	0.000139497555328	0.383137441441	0.152383795313	0.146588410444	0.17312466983	0.366019768422	0.3251726466	0.267705477936	0.268222711823	0.054207381954	0.000981177789948	0.253262683369	0.139132819307	0.0694532416907
SMAD3	9	1.78898537867e-17	0.10765115659	0.487290724752	6.40018199239e-12	0.000741746284967	0.0986607518611	1.13511068252e-06	0.000976010170978	2.16021723918e-22	1.90620233007e-35	2.70995728249e-31	1.63071491531e-15	4.37826656271e-30	4.86336522025e-36	3.26105073671e-43
INSM1	1	1.17363117793e-07	2.43488722499e-06	0.0636998030481	4.22437009676e-17	2.75907675607e-10	3.32617521358e-17	0.00011222304581	1.2147065899e-06	6.56029481382e-05	1.17750759822e-11	0.0506951657185	0.0343050652584	0.00482220450836	1.13656674721e-10	1.55865230967e-08
KMT2B	3	4.00488727135e-17	3.14174772421e-05	0.325574340768	2.1941118183e-18	5.38101358095e-13	1.12665040003e-15	0.000157642391357	1.70821510022e-05	2.16114612161e-11	5.69650325041e-37	2.17144880808e-24	9.82351847967e-09	9.55332987215e-20	1.73957480134e-40	1.70768613055e-34
BHE40	2	5.42953667639e-07	0.058506494051	0.0212824298974	4.72404496433e-13	1.72036921408e-08	3.84093701938e-09	0.000745347343005	6.24929462202e-17	0.0778458188233	1.37569904208e-17	0.0381329211476	0.312477240126	1.05800934163e-10	9.77928490152e-06	0.00809500532863
STAT4	3	8.31983985459e-11	0.0391260511523	0.0514609973866	6.98807190596e-15	0.0143831406643	2.00261275749e-09	5.02455812369e-11	6.05081978853e-34	3.05608667665e-13	0.0733732164646	5.19778076347e-16	1.21801140498e-19	0.0457129557763	1.23339849088e-07	7.72022396554e-15
RARB	4	0.00310506882709	0.407202370284	0.0288204158726	0.00787815707773	0.108990881456	5.76231734975e-05	2.11189514098e-05	0.00170252561368	4.51787643309e-10	0.0120243832005	0.0534467110359	0.0866751491564	0.400804539264	0.0106323882398	0.00345885630816
SALL4	6	0.0111424141043	0.463414466396	0.0187683871201	0.343633897583	0.0768273443269	0.0048732794741	0.0411432846644	0.0563423872387	0.000398789971283	0.00425478503604	0.00052333051321	0.0579715959049	0.000203253454708	0.00350566653902	0.00477886257132
STAT6	9	5.11861676238e-13	1.23782596451e-07	0.483912367457	4.20193053289e-31	4.91617572605e-09	2.09280246607e-21	3.27881277818e-11	2.6320196299e-45	0.00122245459497	0.060491400645	7.38851751154e-13	4.21256461448e-20	0.0776088624557	0.00375429491833	5.65496710309e-12
CNDD3	4	1.66963798441e-17	0.000703060283262	0.0154928127956	2.79749055549e-33	3.30529528548e-13	4.27099488484e-22	0.000718783339317	2.72238507651e-09	1.61420275794e-18	1.04965303007e-37	1.03924582946e-14	0.00368672140933	5.34519854638e-17	4.62523072482e-31	9.68443717491e-35
COE1	8	8.24879465009e-12	0.0595533033804	0.315196828922	2.10957927754e-19	1.56191716523e-08	1.81623400741e-06	0.349990370969	2.1905239341e-32	0.00319653878597	1.10400526377e-31	2.98136838362e-09	0.00681705306128	4.41410668179e-19	2.73292064967e-19	9.06183516691e-09
FIZ1	1	0.0176272070748	0.158117927772	0.327400714938	0.000787337213679	0.369774824268	0.00768374054154	0.00279770964674	0.405710274111	4.84057993807e-10	0.257764712317	0.398593110307	0.429896682963	0.0485102146806	0.0457895595435	0.0447924164728
FOSB	4	3.9813027572e-07	0.149964858741	5.22811017017e-06	0.000122365312937	8.3168211158e-10	0.00977487349756	0.172478418109	2.32743359607e-08	0.21962596655	3.01075266977e-11	3.16879573414e-10	0.000106522841393	1.65593858084e-12	7.09191826417e-16	3.06320485568e-09
TCF7	4	3.08137480236e-09	1.71669452042e-07	2.03044797942e-07	9.20048716129e-17	1.55543514577e-06	1.78048315873e-18	0.111966685863	1.62363494058e-25	0.00742290103648	3.67767765044e-22	0.132526625275	0.00027591461946	5.53878374878e-07	1.81348090669e-05	0.0429742290891
NF2L2	1	0.0228165300194	0.045176226699	0.338184668112	0.444228299607	4.59566753497e-07	0.233830741276	0.114574794667	0.0342471787531	0.0978032045823	1.13777206972e-05	0.0498840382907	0.118869029611	0.311229433753	0.0164071102837	0.107475316425
BRCA1	4	4.1673769921e-10	0.000445606829252	0.0238377075346	2.06828847797e-29	6.74581322418e-16	2.07060020055e-20	0.000550046678623	3.34965803624e-25	0.266062078868	2.18014771978e-16	0.418443974918	1.30347567237e-05	2.27016011996e-06	1.96847874703e-07	0.0596107607008
NIPBL	5	3.88349543365e-16	0.00240463292968	6.32323380405e-05	5.44379556953e-20	1.1593387605e-12	3.29845576673e-13	0.256282800005	2.86942960298e-14	0.000186298756382	4.68289190855e-40	2.41799729187e-23	3.03251032308e-08	4.57875711349e-27	5.42892723711e-30	4.79456792443e-23
NR1H3	3	0.000297490794765	0.00135343823803	0.0880515461656	0.0550485195202	0.443867561776	0.036244058391	4.68866029423e-24	0.102850154508	2.40595113187e-09	0.134457140527	0.442028664664	0.00060771805524	0.498719528129	0.102180439351	0.000188676166554
ZN335	6	0.0230066088996	0.106447650944	0.000280480941197	0.0120777257997	0.222531945498	0.00584843982138	0.0673491157658	0.0608330547169	2.17980423023e-06	0.0359907369443	0.208382939727	0.0157578017701	0.398581493369	0.272539382347	0.216319464189
ELL	1	0.0355993984434	0.232090156623	0.00422756605619	0.163389417922	0.0478498639101	0.00405015954604	0.13224835936	0.00604930523962	0.392367069067	3.00479734042e-05	0.0123136616028	0.149215455067	0.382411464005	0.0950165649872	0.268372840825
UTF1	3	2.068773447e-08	0.283934736714	0.0161642761149	5.39626458861e-05	1.43382205124e-06	0.0606891303212	0.0889629028913	0.000211818876355	0.00445316015979	2.6223663184e-22	4.82790384898e-21	8.10799573794e-07	3.59209609272e-09	3.75552018302e-17	1.05022275705e-14
SUH	14	1.88835745335e-07	0.404345816016	0.360713180849	3.10575754004e-11	6.95947892353e-05	6.942533299e-08	0.00340140111783	3.19177957261e-08	0.00133052674433	7.26378878348e-24	2.71852665522e-07	0.0166271350458	3.54221633172e-10	6.02789281258e-13	3.30774869268e-06
SPI1	106	1.09480577174e-16	1.18476156172e-09	0.0222594432456	7.68546960501e-51	1.22626206047e-24	3.95901288914e-40	0.0860256326099	3.61993664894e-40	0.00065152675861	6.79796789017e-28	0.277888205545	3.37229985611e-11	2.64784725445e-09	3.42869483311e-09	0.307804493459
ATF2	2	2.06433145912e-07	0.000147010266853	0.0627997163913	1.91692224373e-29	6.77787740898e-07	1.77325813764e-09	0.0832835153351	2.22038416284e-14	0.0166329554085	1.32717997224e-05	0.0376478031546	0.00540491923089	0.00102167504686	1.0490703708e-06	1.34773296343e-11
CRY1	1	1.21556156427e-05	0.00666250615253	0.257224542929	0.155039871434	0.000389615786204	3.41730922467e-12	8.15224001128e-15	0.000785150128976	0.00019649332302	4.30109761785e-07	0.0120861788828	0.0221513071393	0.000326589499274	1.33217882851e-05	6.89847823998e-12
KMT2E	1	0.0243413750301	0.00132635842983	0.000861583341823	0.0683199410632	0.0860049141601	0.000375302805027	0.188665926032	0.0365033476562	0.000635378674779	0.00757809187295	0.149304472777	0.22654546342	0.24397249359	0.304324665878	0.122150676713
RUNX2	7	4.36101121283e-20	0.0018812063447	0.0388243865817	1.87732961296e-42	1.00978146788e-27	5.21961247645e-22	0.173326770654	2.23859980253e-28	0.000118976835076	1.07804654602e-54	9.77552154594e-20	0.258791136054	1.12094472929e-14	7.99118335225e-36	1.10419801355e-22
ATOH1	2	7.56686228429e-09	0.0141308028492	0.000608002802053	8.41524988162e-10	0.0137583096039	0.00161255998566	0.274949512823	0.00177757764317	3.13917387247e-07	5.02813371716e-12	1.58113450682e-14	8.53605655261e-14	5.97700448099e-08	5.20478376737e-16	3.88315861597e-25
HDAC3	8	7.23881573089e-08	0.00167312527368	5.80711897374e-05	8.7710745498e-21	5.47015393297e-06	1.1211064182e-19	0.175808787262	1.20166159726e-30	0.124332487091	0.000198612264102	0.125371063232	0.00296544945603	0.000162215290864	0.0174705719632	3.77621520619e-05
TLE3	1	0.00578304887921	0.343674527505	2.25090871926e-05	0.305165503503	0.349143577936	0.000731417574716	0.000223130148768	0.0953842501735	0.00501046419663	0.038495169028	0.00065407929216	0.000126750290321	0.000274592216715	0.10386337686	0.00799717912193
RBPJL	1	3.41125870132e-05	0.000621138592662	4.42963922943e-08	7.96951338119e-13	0.00298858325712	3.31313922836e-13	0.103407689838	0.000774536750652	0.25229333725	0.0388281105436	0.00111378215977	0.0630989088055	1.15597746505e-05	0.0224308276287	9.30781609946e-09
RARG	8	2.68252004959e-05	0.000221192609598	6.60391520347e-08	0.000132622355228	0.000116564691279	7.06441099119e-05	0.265935495484	0.116247231725	0.0258178336685	0.00292861325422	1.14007074522e-09	0.000251935237869	3.11104164187e-05	6.86765804325e-08	4.36610229366e-12
MSL2	2	9.22131814377e-06	0.0535998806383	0.0039248672762	1.72224296454e-08	0.38472108047	0.0113156076041	6.27005048704e-08	0.000906615716292	1.23685205206e-11	1.07187942972e-19	0.00256852190933	0.0240273293242	0.00059955794251	7.40570920486e-07	0.000986848395545
REL	1	5.87492102325e-09	0.00216854137838	0.0857646960789	2.79270411597e-25	0.0953355629048	3.68453859302e-16	0.000366999823565	1.69835260884e-21	0.00355060410911	0.250276661043	4.96545959952e-12	1.58778566135e-19	0.00464747576322	0.000379995802232	4.14691982616e-08
CTCF	94	1.76471574764e-16	0.00253664564881	4.33213335134e-10	2.94542229433e-29	1.89139911273e-22	8.590076639e-14	2.60056175192e-09	3.68103014827e-42	4.60574605469e-06	4.5197059916e-34	4.16844157528e-16	0.376880643201	1.5183096798e-08	2.54648557553e-18	4.46304633691e-16
NFAC2	1	0.00376279032136	0.0107367465307	0.0574158997903	2.63096227926e-06	0.0628687024451	0.000197477080023	0.40728039185	0.165254300295	3.79379208969e-08	0.0394664071962	0.102260852461	0.306253132018	9.74672820173e-06	0.000423175579718	0.435163812426
COT2	1	0.103878963615	0.0379812912706	0.199907829104	0.170585970295	0.00776425758651	0.00288162349311	0.432644428011	0.230109245211	0.265518356623	0.270495835	0.215292174054	0.472333441934	0.090576532103	0.0268968333795	0.331888654559
HNF4A	13	1.10766707188e-08	0.000660500064473	0.000155490029743	3.0520721066e-11	1.08208000396e-10	6.07136507315e-21	1.66786283523e-06	2.43604831831e-09	5.4991800253e-05	4.25322557183e-10	0.0174218713893	0.408358260835	0.00109406231675	1.60035083634e-08	1.71694950423e-23
CNDG2	2	2.30392838696e-09	0.111847577071	0.000921643057875	1.61541037535e-06	0.000711160475932	8.02029443781e-07	0.125311208226	1.32860339449e-07	3.55961203413e-05	3.38548317387e-22	2.36441429989e-15	1.39544046051e-07	3.62848207331e-13	7.93742344809e-15	6.55673318481e-21
CDK8	1	6.36594348313e-14	0.000954431167467	0.00422034241072	3.91091009596e-15	2.24457984942e-13	1.46089055549e-09	0.30463722556	7.76713806904e-09	9.91225384142e-06	3.25789243503e-34	3.64250443707e-24	4.00261909707e-08	4.88234265855e-17	2.80557677589e-25	2.27723634181e-25
NFE2	5	0.00011612865526	0.00706620086953	0.040916886194	0.000130713321364	0.000631585942797	6.77895570237e-08	1.47113019936e-07	0.00161548868197	0.000245494093399	1.29057756249e-08	0.210471582907	0.0525053085794	0.0415276301151	0.000396575960726	3.65853739823e-10
SMCA4	23	1.79754666967e-20	0.1683874837	0.497148851489	1.96047429562e-37	1.37980415974e-16	1.55508932617e-13	0.0040278554287	2.5762043631e-16	9.12455931322e-15	1.22468358409e-61	8.97994631544e-22	0.000282717782412	5.49770548552e-32	4.67760726273e-38	1.37933635804e-24
PEBB	5	5.54644672148e-08	0.000457492446944	0.00448774264528	3.06545717607e-15	0.000817744862683	1.93019487285e-09	0.0135635006612	6.56477453042e-11	3.45145803441e-09	6.91383558643e-27	0.00825806210699	0.267855267474	7.3734552072e-08	4.00463419453e-11	0.00189128180185
E2F2	1	0.0493440050308	0.0566811528306	0.379653420694	0.0335991768404	0.122819358814	9.16067018332e-06	0.443006854808	0.0198840414724	0.00221182664454	0.208030379623	0.284095183214	0.228652236374	0.111834539093	0.0796290318681	0.265982571574
MCRS1	1	1.50839086355e-14	0.000266744452339	0.00470730862817	2.81738348576e-20	2.93657486401e-06	1.01794051182e-12	9.80123108801e-06	0.000314763361248	4.68997335837e-22	2.11281076211e-34	5.14571986535e-16	1.94668965137e-07	9.78107072319e-13	6.34028611167e-28	1.57174866759e-26
FOXO3	2	3.97344099763e-08	0.00712511789673	0.0386024486574	6.07502412755e-07	0.00362441488864	4.54424155099e-17	2.09753913321e-05	2.39128282449e-06	0.000106800827141	5.6929785786e-20	1.74894505129e-05	5.50296025536e-05	3.2487552996e-12	5.63290430461e-11	1.65425871318e-11
CRX	2	0.00339700264766	0.358641012751	0.0419537421781	0.273176290274	0.422774884854	0.00264757243881	0.30795072132	0.0128933955558	0.00436437111045	1.38497001243e-06	3.26525879117e-06	0.000563197747004	0.000822100364899	0.00257803443537	6.33153566564e-05
STAT2	4	0.0	8.70028159933e-11	0.0391709727999	1.1814212123e-22	0.0393713122076	3.58582180636e-15	3.86324812983e-34	3.78781359496e-57	2.35128694417e-39	6.89348910391e-32	6.20101969022e-80	4.30928178636e-87	1.24754791672e-24	5.29020021227e-42	6.27332905027e-54
NR0B1	2	3.28472338791e-06	0.123428386623	2.08305861468e-13	0.0123359837762	7.72464924094e-05	0.00689889165166	0.000137823541699	0.127178169813	0.0181719144744	0.00226236053369	3.52780782204e-15	4.06628494595e-08	1.02688546274e-12	5.11881286137e-05	1.85328559923e-08
HXC9	3	0.0162271094216	1.07391139528e-05	0.29307336263	0.0425523336915	0.00218883123863	0.237548873073	3.28283230312e-06	0.0914833308384	0.0162140024996	0.354317742516	0.00497110782091	0.211070835143	0.258527407559	0.067200637027	0.0400781509327
ZIC2	1	0.00247027546142	0.000846765024243	0.00582082842108	2.83643245301e-05	0.00250512243357	0.00050782074213	5.72309014566e-05	0.00228930663628	0.00372965823861	0.0312351809121	0.00898924492892	0.00190877337967	0.0340783551533	0.246870533085	0.000804086468312
NR4A2	1	0.0461542080749	0.249448142462	0.275085489752	0.116615271212	0.105810906356	0.0324958420641	0.152384178637	0.388228295781	0.0880121440792	0.4648032096	0.00071993104074	0.00059656408769	0.0232111463103	0.0703994111504	0.00425935887484
KMT2D	13	3.3532060632e-18	0.000338186870202	0.196092061583	1.46529225375e-38	7.25945546252e-22	8.27652363571e-15	0.14327737555	3.78271520156e-27	0.00063320482792	9.38325904677e-44	1.66417736299e-18	0.0146363910204	6.42552821568e-14	2.74465924842e-27	2.81345722271e-35
IRF1	4	0.0	1.04257948875e-12	0.0931261743602	2.96781305832e-43	1.24316672516e-05	3.11506412582e-19	5.79606592523e-19	5.64174132961e-60	2.16118258352e-19	3.08638770582e-10	7.26116818567e-48	2.04897149929e-59	1.31752909604e-07	1.58650055604e-22	3.09861387849e-26
KLF1	2	0.00492980777726	0.491934597293	0.00111718154466	0.28341651132	0.372559383144	0.441511278296	1.02314817645e-05	0.015062963612	1.35251056649e-15	0.39631866407	0.165488484875	0.0201830941875	0.0358389556211	0.050611236675	0.390511878015
ZFP57	1	9.40703155791e-06	0.323499404935	0.00420334931322	0.283598212773	0.0619929326019	0.0602660218022	0.0193681893476	7.23523093378e-10	1.32454520037e-11	0.000365848877841	1.7920040136e-09	6.96847996618e-12	1.46375956524e-08	2.75730026798e-06	8.61803941331e-07
LMNB1	6	0.112416145557	0.278560985024	0.174206285906	0.191140549679	0.459626460798	0.015328916253	0.425565996238	0.412843567658	0.0818796111301	0.153318480712	0.0029908879283	0.0896100586889	0.0486275236021	0.0585824642268	0.467755430677
TFE2	15	1.82016236751e-18	0.0659240251893	0.329863772161	4.96003688156e-19	5.92845229858e-13	5.9389022815e-09	0.000649619696606	8.08652997253e-19	3.00962295156e-10	4.2084354954e-65	1.18868697027e-24	6.14162436544e-06	2.51538004894e-30	6.32968553746e-35	1.4915589796e-20
DMRT1	2	3.49057275183e-11	3.52554379653e-07	0.000725524106066	3.51622241402e-06	0.0252409973952	0.0309053421028	0.00360764464595	0.000476013045785	0.00919309389341	9.5242249642e-32	3.2036747389e-24	1.31033571333e-11	1.43467513124e-13	8.45048948566e-22	7.42435914835e-22
STAT3	22	1.58247441789e-16	2.68764545121e-08	0.00665070708307	1.87234918503e-62	2.4045045334e-07	3.52763335753e-18	1.31073693824e-05	1.06988538853e-50	0.315894240513	0.00439174369081	6.18168699814e-19	2.51563749737e-28	0.00543223624608	0.000102012774363	1.29765223715e-16
JMJD6	1	2.57649672064e-06	0.40520054483	2.07583848539e-05	4.47027159772e-11	5.43426667611e-08	4.81332050065e-05	6.23311570194e-08	6.61928517807e-13	8.29732205475e-05	4.25232089894e-06	8.41720833329e-06	0.124171752931	4.61254844985e-05	2.75351940886e-05	2.98903409141e-08
CEBPB	41	5.94752705636e-15	2.09657621152e-06	0.224212109481	1.44363829708e-56	2.14863251191e-15	3.24669511595e-27	0.216233313064	1.08649746e-39	0.0110655228512	8.17770163507e-22	0.345263742582	7.19697130576e-09	2.73965266446e-08	7.89349344297e-09	1.28132170715e-09
CNDH2	7	4.52731960669e-19	0.117920570037	3.12687210961e-05	2.695146408e-17	3.65549567711e-08	2.33037663807e-18	1.45383441324e-05	1.10088933367e-05	1.01063271822e-22	8.96666491187e-37	3.19170347636e-25	4.92842789541e-10	2.38598832855e-24	8.03379800639e-36	4.10505189781e-50
MBD3	13	1.60918264716e-17	6.55836810627e-05	0.000221339141692	8.39114693297e-06	0.00957748932091	0.0463080123199	0.105821174462	9.06638557342e-07	1.82787195918e-05	2.01558516877e-40	7.99915527067e-45	6.04827990052e-19	2.51892598938e-26	4.28329598207e-38	7.83192335126e-43
SMCA5	1	5.95710111449e-07	0.00171277065019	0.000657002827007	6.75346187082e-25	4.42745845498e-05	2.28615998673e-05	0.399092546985	5.38816647416e-12	0.0114294972197	1.7397865044e-06	0.000877287301189	0.462224586407	3.74453138185e-06	4.26133678247e-08	3.3301183048e-13
MAX	6	1.98608630524e-15	1.01037870922e-05	0.0434715101534	2.37998783102e-22	1.09476003626e-11	1.2315003218e-25	6.22994606961e-07	3.07851273155e-13	6.71177004389e-13	2.56604074471e-38	1.32792774327e-10	0.0094946811429	5.20166270047e-18	2.1184719324e-25	2.29726413417e-20
NKX31	3	0.00781367342375	0.424527739779	0.180023259299	0.00539707874628	0.0106152289912	0.00051313440335	2.36794959079e-07	0.0812210972369	0.0123457151896	0.0248000578014	0.00864381754104	1.62665712007e-05	0.0111364971157	0.490227906811	0.311358789973
RORG	9	0.000282324315401	0.0497047859961	0.00169606880438	4.3036474281e-13	0.0806633681321	0.0671217870695	0.0836376436161	3.59969596291e-08	0.231972355	1.78003767454e-07	0.450012294916	0.244097936922	1.11261342697e-10	0.0820400404211	0.00083476852077
DNM3L	2	0.0610810414824	0.0226526722908	0.0954019870526	0.158803383005	0.101353958094	0.203648983725	0.111056075897	0.110979177943	0.310482347652	0.00716546288207	0.0011387036336	0.215664324374	0.251187199878	0.079999395771	0.0104976545547
CDX2	9	0.00617262826351	0.0918421570212	6.56958261662e-07	1.86208247482e-05	0.000366871927983	0.395693132615	0.259224501576	0.38077456511	0.184969951609	0.0417887776944	0.00251306053551	0.000734155003117	0.368030686301	0.000650104698133	0.00212210604473
NFYA	4	5.52555882148e-09	0.427209013949	0.152242499994	2.65813622244e-11	0.000420528785371	3.64759277364e-12	0.341238700568	0.460540932107	3.0268371013e-10	6.29066595366e-13	4.12114256846e-12	1.95153605398e-11	4.29559029395e-14	7.45828410854e-17	1.20960364295e-15
GLI1	5	0.000215625190904	0.0395128713119	0.214114093331	1.26299108418e-05	8.72730015361e-10	0.0140608426655	0.239359825171	3.96973181791e-08	0.139494050318	8.32797312503e-07	2.58438473843e-05	0.46258468571	4.32129072387e-09	0.000699768636888	0.00897622565502
PSIP1	2	0.000310383253859	0.000618699761433	6.44758043183e-05	0.136653298548	0.277352653546	5.41853085005e-06	0.000357412417841	0.0699410139595	4.64460360703e-08	0.000284036541202	2.62131961028e-05	3.54791794216e-09	0.489897319604	0.0480000621327	1.30346805886e-05
CREB1	9	4.80547600831e-12	2.02714622581e-06	0.378836832187	5.35913795406e-48	1.92985478806e-14	4.68149464609e-31	0.395399345983	1.89100934925e-13	6.37923760757e-07	3.95705943652e-14	0.0258506010593	0.00536155088204	5.14235411067e-08	2.66067672006e-09	2.63137214062e-09
PHX2A	1	0.00209201194051	0.0361013415383	0.228509381249	0.00951060803403	0.437972794201	0.199676855695	0.0815458872875	0.307328294603	0.174361826745	4.78472343363e-07	5.6814229837e-08	6.61352567026e-06	0.00303173331028	0.000301417244736	6.24346364685e-06
TEAD2	1	6.92221661761e-05	0.000302038816339	8.89869247417e-05	0.468707370214	0.111219645586	0.0155400558638	1.4121259138e-05	0.0975864252899	9.01857708614e-05	9.5909741728e-10	6.06833861021e-08	1.41598231733e-06	2.5488888917e-07	1.10953085122e-06	0.000919657836965
STA5B	19	2.50042358654e-11	1.99845162715e-07	0.287787278075	2.65270689002e-43	8.58025301678e-07	9.90623680629e-26	0.293460845368	3.01279959889e-32	0.173423406979	0.00770644301206	1.77977446073e-11	6.48960849129e-18	0.0430357268424	0.0116934012423	0.0419267658841
EZH1	7	3.98469665881e-10	1.99897857627e-08	0.0119892130867	0.0462336042738	0.0881546043844	3.70970234371e-12	0.000209884327063	0.0125827702519	0.338145891055	4.25947308105e-19	1.03712102601e-22	5.3414936919e-16	1.45836425803e-13	3.93735727512e-19	5.80248224181e-16
KDM2A	2	1.57367172973e-21	0.0761960721841	0.0276591253846	2.61594548799e-11	7.83221661931e-07	4.06849806438e-08	1.26141376239e-06	1.67519193023e-09	3.29734899611e-18	2.5867235126e-70	1.28965635718e-36	8.69208553686e-16	1.1770537247e-24	3.74944503766e-51	3.64654136227e-38
SRSF2	4	0.000242646211505	0.121842881998	0.000169629740825	0.290724568482	0.376421071524	0.00112385969046	0.0172804791231	0.00547127860156	1.62576703215e-11	4.31019802325e-13	3.77001311321e-05	0.0017549414511	0.000323247072496	0.0287766451558	0.00236634951786
SPT6H	2	3.42052261367e-08	0.00682685497587	0.0454021884524	8.40226282704e-18	7.19037371097e-10	7.97342963053e-08	0.0425828888891	7.3800532287e-07	5.92677808208e-05	3.14080717787e-17	5.59046085891e-09	0.223558244127	4.61569536211e-10	3.32394903944e-13	1.79192495068e-09
PHC1	1	8.5151466542e-05	8.23271441223e-07	0.00552695041696	0.011222092072	0.367491482655	9.27148254629e-06	0.000359542121234	0.220973224975	0.442520401455	0.000119918847644	3.95583037604e-08	4.82506308631e-06	2.53129448285e-08	2.13694786396e-06	1.3912446569e-07
NELFB	1	0.00328451830288	0.000284693369863	0.000311122330681	0.000785252246397	0.212476931652	0.00272627836793	4.93933628528e-08	0.0102923073699	0.0327177410791	0.00316565259137	0.494256280432	0.425799003728	0.00433643638081	0.000447020664052	0.0196498200688
BRAC	4	1.04479770941e-07	0.0587767481942	0.239383022738	5.74844583436e-05	3.9971403224e-06	0.454553395415	0.324615099164	0.00163985407951	1.48663878282e-06	1.490219387e-25	7.75040643679e-17	2.0600945946e-07	2.2891053145e-09	3.24394416213e-15	8.98849427295e-07
NACC1	1	0.00154313935466	0.0621466479239	0.136558364658	0.0092888659288	0.428583104584	4.10359664178e-05	0.125168966969	0.465798891809	0.273337534473	0.0165962991504	3.23684139762e-07	2.29711629829e-05	3.12530589916e-06	2.27776613067e-05	2.23697910029e-06
ARX	2	0.0024109872405	0.0148310551089	4.35714434401e-06	0.381059503154	0.118195260359	0.00972068127633	0.191476610325	0.303887955872	0.00266465832665	0.180079714051	4.12205524239e-05	1.08289245789e-05	3.29510535507e-08	0.0116822870301	0.00165208867713
KDM5B	1	0.000354071472345	0.0965772626499	8.73223662537e-05	0.000249289818958	2.13550104241e-05	0.0335038167156	0.000915373456698	0.0588134376096	2.571011725e-06	1.11415864133e-07	4.56822233771e-05	0.354944295426	2.26874095265e-05	3.96979701139e-05	0.0014367708263
MK08	5	1.49559260639e-13	0.160807412118	0.00231602447685	2.35719561129e-20	0.00516619219176	2.4387794316e-10	3.70686002418e-05	0.278792399822	7.93202368879e-21	3.22874204972e-32	3.60668563884e-14	1.24349450699e-08	4.61758634242e-16	3.27427918894e-30	1.41127307346e-22
NR1D2	4	2.70574229758e-08	8.78525566666e-08	0.0722551947545	1.43081833475e-13	1.78061126267e-08	2.1573712036e-17	2.02861909042e-05	7.83276362761e-15	4.4503059331e-06	9.94365138368e-14	0.00808176330078	0.485092020231	8.20187705108e-06	1.59793282217e-07	8.94241344024e-10
IKZF1	10	7.59087798569e-18	3.59356958897e-07	0.00151879103072	1.28640425852e-38	4.90465411574e-24	1.00562411722e-28	0.201631891964	1.5342792151e-40	0.000291743282097	1.40625237767e-43	1.29394958578e-05	0.180251598238	8.09223751004e-20	3.84744964969e-22	6.60810179965e-09
PAX5	5	9.18230551493e-13	1.50267459457e-08	0.0231959583701	2.23632264686e-30	1.15611353048e-25	3.13541543211e-32	0.000856994192735	1.10890451755e-38	0.168513096919	9.74096981962e-14	0.145849957034	7.05361240779e-07	2.50423257394e-05	1.89856847759e-06	0.140504529502
MSX1	1	0.00557009082215	0.0595232119029	0.29441032133	7.94231223189e-10	0.0134757485778	0.143156718814	0.305659793628	9.03776665216e-06	0.000851543799337	0.00264951480258	0.300157839431	0.00734137846032	0.11162366119	0.00895996558477	0.075034017769
TAF9B	1	1.51584052896e-08	0.058841321438	0.432109916167	0.00561315958262	2.08782056716e-08	8.2840671734e-09	0.476926766984	0.000302568811657	0.0518310102831	2.69392833886e-15	3.47611378581e-15	3.39467780296e-06	8.30490863816e-15	3.12693709842e-19	2.21886184697e-18
MYBB	1	0.00264517392384	0.219970878639	0.000807241224559	0.262171864557	0.0226711354558	0.441311086162	0.0113102611977	0.00527160709951	5.72581419936e-08	0.336896743324	0.00178078957209	2.07915405918e-07	0.000788153188649	0.00223562964586	0.00234923812714
ELF1	2	2.06757290493e-11	5.3073912174e-09	1.98079900569e-08	6.61601145341e-28	4.52988436265e-09	1.53693466662e-36	0.151058905727	4.72054740308e-22	0.0115365053276	1.40761048084e-07	2.04055728429e-09	2.43008137922e-13	0.0117712944073	0.360627291523	2.21026063299e-08
OTX2	9	2.57730286228e-16	3.28973451327e-05	0.0764195497895	6.06741224148e-07	1.23334743696e-05	0.0162417519935	0.00187870423647	9.77890369126e-06	1.0984679742e-13	3.8056798283e-51	2.14518107238e-32	2.76536378154e-17	3.74049215189e-23	1.44394195331e-32	7.588681123e-27
ZBT17	11	3.04859248557e-09	0.0983407985098	6.64604294864e-05	7.13253986136e-19	0.000774902508657	0.000762845747216	0.0085505003448	1.54145711536e-14	0.00022575392347	2.68496906441e-25	2.70708240009e-07	0.00156862066269	7.53282440166e-14	7.22355665519e-17	1.17744455913e-07
NR1D1	4	4.41909517247e-05	6.09353869994e-05	0.0235226555868	8.46755296302e-10	0.16195475785	4.55851256719e-08	2.13926554561e-15	0.000483275104097	1.31488857113e-09	0.000991150898167	0.156214437097	0.194872056073	0.174197309128	0.29880467008	5.66172600789e-06
MECP2	10	1.41076232881e-05	0.162070374303	1.17014606827e-11	0.000180739797061	0.152737855246	0.0699010833461	0.26189986702	0.000758682457937	0.474266995016	1.34491486798e-07	7.36841597822e-09	3.4790647602e-08	0.0016110833529	1.76292353639e-07	3.66289703177e-15
ISL1	4	3.07683003726e-06	0.00143675687427	0.402439268766	0.110467794475	0.00131199882332	0.00108800261273	0.00365115303262	0.360185544607	0.0744935712098	1.79834027444e-12	5.11647175473e-16	3.93644769846e-07	1.77205469706e-06	6.57356697589e-16	1.80828187445e-09
PTF1A	5	0.00050011373812	0.233873391702	0.000259036982181	0.287904822148	2.65187617642e-05	0.000564954974598	0.314866120616	5.59204342687e-10	9.68356562338e-05	5.54860526896e-05	3.10765989632e-05	0.0877033139693	0.136354022641	0.00148591040275	4.48516804385e-07
KDM1A	13	1.12513610078e-21	0.00950058273004	0.00534721944359	2.2835402778e-42	6.51819277224e-18	5.75730460829e-24	1.39336531862e-06	2.55093986036e-16	1.66667679979e-21	1.28212416741e-61	2.0715013128e-18	0.028634593691	7.9413278124e-21	9.89527407709e-38	3.38059866196e-28
RAD21	19	1.71527804277e-12	0.00193311928069	3.20848969742e-17	5.06272597523e-20	5.37635040726e-17	2.35174811994e-05	2.03641911929e-15	7.81960222881e-31	7.26210797758e-11	3.42243684388e-16	9.42237652758e-12	0.314809363568	3.96119775456e-08	2.80311922057e-08	3.68752640349e-09
