TF	Number_of_ChIPexp	z_score_mean	K_Virus_0	K_Virus_3	K_Virus_6	K_Virus_9	K_Virus_12	K_Virus_18	K_Virus_24	K_Virus_30	K_Virus_36	K_Virus_48	K_Virus_60	K_Virus_72	K_Virus_D5	K_Virus_D7
RYBP	4	-4.79718929374	-1.40197215706	-0.221402963014	2.74299635244	4.83770231371	1.43358680829	-5.57020413429	4.68630000672	-6.19785976266	-13.828534538	-11.6442112626	-7.38945694886	-9.80971635452	-12.3244921283	-12.4733853442
ERG	7	0.0894962008527	4.2005840304	-1.15320372335	14.6571175292	7.81821730267	12.8706975277	-4.41730737689	9.63185641509	-8.12508755882	-12.3412641027	-2.54750001911	2.86403999125	-7.06413855481	-8.37630979168	-6.7647548571
BCL6	4	-0.652191841437	3.76737189629	-3.56647751498	8.41826787111	2.75808341234	9.43673158165	-6.73094118189	4.12311964446	-7.00847080605	-6.11750696212	-0.235493047985	0.725504231147	-2.87922298271	-4.40433294882	-7.41731897258
JUND	6	2.77814519099	3.98070178231	0.0744933684913	12.8071446388	8.91906017307	11.4784030495	2.27664771262	12.5472950889	-0.847786028375	-7.78406644882	1.26175491023	6.13921959838	-4.62387575141	-4.85063210958	-2.48432731025
TAF7L	2	-1.69620110905	3.06061750315	-0.43537620233	6.60453392564	5.8231310567	9.45073729089	-7.45690069512	2.50244491369	-10.1084671894	-9.08303868393	-3.24258158432	-0.957092676249	-5.37341643581	-8.14515933166	-6.38624741786
MED12	3	-1.4988815268	7.06291446154	0.582392212999	5.45107943552	1.8322786226	1.27454772443	-3.11694587525	-0.156324103334	-4.22783017189	-5.95435387278	-4.06455053011	-2.98466145956	-5.25052498587	-5.23469834005	-6.19766449349
MYCN	1	-0.771416049742	0.332531758095	-3.36577783018	2.43655978245	1.46564406923	2.78424306398	-4.32863360276	1.03515308165	-3.98060001814	-3.1722024556	-0.0733576920621	1.72876362116	-1.8894929686	-2.69143861338	-1.08121689223
CEBPD	5	0.859748819781	1.29098557362	1.52866031487	5.36279183397	1.261015519	-0.0502578114909	-1.24684550297	1.69446601724	-1.14055477452	-0.454617966287	3.00385383743	2.89012919493	-1.57350087327	0.0481336534465	-0.577775539035
PO5F1	43	-3.86285106268	1.9000190134	2.15310141021	8.57169077315	6.47425802736	4.29263938107	-4.73503287388	4.68615335937	-7.31433634762	-13.9319308647	-12.7296102842	-6.95500368997	-10.3477055867	-12.6931040433	-13.4510531518
RELB	1	3.40098638474	1.42834386101	-1.59079440308	9.62299418728	3.33385656462	6.5207476983	3.60891122343	9.33893700332	0.589886044631	-1.73177408704	5.0643373299	7.70599687085	-1.45092349311	1.08682636091	4.08646422528
NKX61	1	-1.26179960121	2.94066219782	3.85500874487	7.17960373086	5.31645453139	8.6452210148	-3.74729915493	4.88110600729	-7.07080184832	-9.57575322969	-6.35783489983	-1.56474805821	-6.3494576597	-7.28249182232	-8.53486397095
HEXI1	1	-0.881150580099	-0.686035879958	-2.12433778153	-1.8924986579	1.11329206142	-2.9542411848	-0.207324537368	0.655241926198	0.676812695966	0.149240554761	-0.241852354802	-1.12439163914	-1.54612607374	-0.406586345642	-3.74730090485
EHMT2	2	-0.465175304687	0.259663808241	-0.021348139746	0.374763384234	-0.316327801996	-2.83668695069	-0.77632232809	0.149396703866	0.421800908804	-2.55394781797	-1.82225845709	0.772387538604	0.677738029026	-1.05731893723	0.216005794427
DNM3B	7	-1.34303180554	-2.67560501739	1.07311354045	-0.414979617677	0.590260825876	-1.19199960203	3.99708772769	6.76313917773	1.40517191311	-5.84940067237	-5.43581271372	-4.49131235975	-3.04523251364	-4.67568902974	-4.85118693605
SETB1	2	0.286019180217	1.27186528694	2.71761429094	4.44534728696	3.32523969369	1.50509607285	5.18172630274	1.88246494669	-0.248947133247	-4.46358935384	-4.27385193009	-0.304883937096	-3.54572979946	-1.86922365072	-1.61885955333
SIX2	1	-1.01626975556	1.32640893547	1.96123819605	0.82948594255	-0.794614739819	-2.92563883899	-0.751175068051	0.0168673402153	-1.18607288686	-3.57488449893	-4.38663293732	-1.77232723723	-1.29974445201	-1.2152802462	-0.455406086725
LDB1	4	-2.01724851927	-4.7325737884	-2.55651919721	6.08764196497	-0.579991750611	1.6788006988	-4.24908158649	2.06647176918	-4.97006766386	-7.19860068367	-1.1868360891	-1.47557196593	-3.87963806133	-3.91863803576	-3.32687488031
P53	7	-2.42229178492	-1.21699260544	0.351898303031	7.27012391527	5.3265812484	3.76028422308	-0.691448664217	7.32803476082	-1.37875525226	-13.2029803611	-9.56198410138	-3.42733168746	-6.53083944473	-11.6340725968	-10.3046027261
PO3F2	3	1.68368459207	6.66088983378	5.07657149242	3.82526552886	4.63330430997	2.71813943636	3.97093017902	2.90818210263	2.22809164849	-1.93965598663	-4.44505436659	-0.980913340291	-0.229179502946	-0.789422227896	-0.0655648181318
RORA	1	0.922809804361	4.72305665968	-0.582567303125	2.76198268624	3.23915097265	5.83165922846	-2.68310726652	6.39130227374	-1.27111693203	-2.86613433483	0.665282884775	1.05141133693	-1.77754607654	-1.41354121563	-1.15049565275
WDR5	4	-1.83418910302	4.02243913232	-3.72257535205	8.65298571765	6.59695495567	6.74559929916	-4.0652073886	6.73944475833	-6.6706450107	-13.9895942708	-6.63976052046	-1.85653479999	-5.9986611623	-8.52430635357	-6.96878644689
ERR2	6	-3.22157150201	1.4758938669	2.35317661687	-0.427431370363	1.42692633969	2.75943360503	-2.65125320983	0.200760141212	-4.48874927444	-6.51657497098	-9.93084005429	-6.11033228633	-7.59328563512	-6.78743755022	-8.81228724629
PAX7	1	-2.7051357855	1.20902762456	-1.92401559473	-0.782240296806	-0.0370937787684	-1.91133658171	-0.62642967608	-2.73924628379	-1.06768921947	-3.11506089156	-5.25987472252	-5.18843277145	-4.23382666422	-5.7464522507	-6.44922988978
KDM6B	5	-2.23727949955	1.68296906645	-0.1958208766	11.3076264035	7.59943194159	5.82619792538	-2.88276599589	5.93133632376	-6.34383506838	-13.1604453061	-8.10896166203	-2.89471536572	-8.32446565555	-11.0413191215	-10.7171456026
MITF	1	0.0898126914101	0.637697382405	0.796224750659	4.21036619227	2.14883358796	3.82359138676	-0.710581284315	3.49005800082	-1.50500621232	-2.32950130798	-0.583385709078	0.956407217586	-4.8276670582	-2.92400462838	-1.92565463844
TBP	14	0.641709921472	6.88011182886	-2.47048646511	15.0581237438	8.54728321542	12.5842227247	-1.87624086799	11.0356566784	-6.78875228681	-11.9455415098	-2.33284654722	2.07868874098	-7.33565083749	-8.37147315608	-6.07915636105
GATA4	10	-2.17173711817	0.126898713769	-2.00441764312	6.52600745904	5.65938269768	1.94634434208	-0.924362549314	6.84094760423	-2.5903941838	-12.2493293776	-8.64299161725	-1.40799954407	-5.7962718695	-9.38531580865	-8.50281787786
ZMIZ1	2	2.20420805423	2.25947683401	-3.99521654682	9.88742187048	5.74731274406	6.8140187474	-2.62701789604	10.796113831	-3.53454219791	-7.18583460092	3.79645217672	6.82799223271	0.0523668081778	-0.323053389948	2.34342214629
GATA3	17	2.08400150099	3.40691149559	2.41462050882	5.96036173809	5.15048706031	-0.52895490138	4.13308796551	7.40798247007	3.57937212917	-1.39051600307	0.971494589972	2.60023484189	-6.46466437582	-0.68894749042	2.62455098511
NCOR1	6	2.88140087427	5.66628283246	0.372719334108	10.5436659678	5.48773691395	8.01224301971	-0.983743303213	11.702549964	-0.324214154136	-3.6129350696	2.06442811803	5.52848901926	-2.25019580671	-0.805166971923	-1.06224762398
CXXC1	1	-2.19309996329	3.43458239945	0.471487768962	11.1822336984	5.00284829541	7.6883834082	-5.62372132276	2.55442540033	-11.6439852041	-11.4962323287	-5.6879898904	-1.77610511979	-6.24700655869	-9.20353266523	-9.35878736731
HIRA	3	2.03872822737	-1.52626097494	2.14676608439	4.03829406245	4.38237083636	0.904978010101	-0.489184230343	4.62163458766	2.84001631782	-3.176296865	1.55878685536	5.25672899334	3.09819038562	0.925234268061	3.96093685224
SNAI1	1	-1.36736614946	0.121234731906	-0.125843137751	3.17255526261	1.99808086373	3.15597717639	-1.53202369831	2.39223117721	-3.20470550055	-7.28440885929	-3.53657869303	-2.18888255435	-1.87571714138	-4.56195128749	-5.67309443213
BRDT	2	1.35579468895	3.93025608972	2.73911242125	1.26675196671	-0.659596150141	1.19454419903	-0.510557178456	0.0314079886672	-0.568822193362	0.802036611744	2.20522028723	2.71092870654	3.31016327773	1.75069545939	0.778984159283
CHD2	2	0.196588544919	2.03933851011	0.0149940766525	11.2629477711	5.9438486965	7.84465398288	1.77688667057	8.17580977115	-3.21959289162	-10.4342359581	-4.12923519789	-0.872427237086	-6.53555231753	-6.49475470342	-2.62044154453
RAG2	3	0.992381539147	7.57138270303	-3.85194086972	13.2121556806	8.01724083012	13.1287852677	-0.0105180352415	10.7228429688	-3.80762926945	-11.3812584221	-1.21235793477	2.44450506776	-8.16368984575	-8.14438373855	-4.63179285446
CEBPA	28	2.53649683032	4.89794920167	1.64632217718	15.2701300324	8.686184527	11.9501817562	-0.949470313935	13.2182002346	-4.43475183954	-9.19749163668	0.550223830588	6.84355569085	-5.72295172154	-4.94905982156	-2.29806649278
NFAC1	2	-0.333016309303	2.0644735661	-1.47588016688	3.55854397886	0.99494895478	3.51476597344	-0.701456145535	3.34759305621	-2.39508792844	-5.44303770713	-1.75041862026	0.955242777985	-3.58152475983	-3.79469941908	0.0443081095357
IKZF3	1	0.0370574288737	2.83903850733	2.78820838049	7.57557191433	2.22120900518	1.03068332594	0.0181479989399	2.53091647963	-3.10378815251	-4.57084133079	-1.75692665793	-0.409244608196	-2.53413275067	-2.73050288534	-3.37953522219
TEAD4	2	-1.76723900362	0.611968009059	-2.02998498923	6.10415293045	7.04684866375	4.08332288059	-1.15170049187	5.13908985836	-3.79472793077	-9.87004736331	-7.40059325079	-1.54395320686	-5.05454739428	-9.53358003483	-7.34759373091
BAP1	1	-1.39132344856	2.38120827887	-0.829825106096	9.51699566716	6.74595505786	10.1790064461	-1.48047709908	7.11493199681	-7.71432455792	-12.6000465555	-6.05962622525	-1.61521885291	-8.42885525958	-9.39527939164	-7.29297267879
NKX21	3	-0.915061041449	1.06934422223	-0.34084320967	9.76810451243	6.92133626067	9.33580886873	-2.58060702259	3.3928337817	-7.27970626533	-8.03021980926	-4.51124196205	-1.12287879439	-3.41089561061	-7.45103003974	-8.57085951242
TF2L1	1	-1.98942699282	2.67726283864	2.22385510435	1.37348197645	6.40543715151	3.84258048388	-4.95106577314	2.70706048204	-4.90075004757	-7.57722797048	-6.29418804758	-4.06428891981	-5.72327693435	-6.88206678881	-6.68879145464
TFAP4	1	1.07182944192	4.01195953548	-1.1950302978	13.8753260095	9.01334498661	12.3916510102	1.65285845438	11.3027294388	-2.42961954651	-12.4593879231	-2.65698638255	0.190475181052	-6.6393449921	-8.00038202569	-4.05198126142
KDM4A	2	-1.04552423004	-0.00703291924486	1.92819810072	6.03926687827	1.55622479836	1.47675305137	-2.56503355947	2.87470375008	-4.15335677918	-5.96142298794	-2.64494572615	-0.813517249812	-4.6563423402	-3.19405756504	-4.51677667225
TOP2B	1	-4.01957543672	-2.43215238646	-2.79641198126	2.982645145	2.48078241718	-1.07859895527	-3.61732223531	1.51123434754	-5.71757831193	-8.26043933504	-8.78567880952	-6.98319966599	-6.93671815793	-7.97463086285	-8.66598732231
SUV92	1	1.55180145089	1.99567684999	-1.235884156	0.278702910131	0.225418873792	1.06347589436	3.76368755837	2.35432069	2.48278378247	-0.180956869736	2.4315250876	3.15673796344	0.607568440244	1.48271621221	3.29944707563
NFKB1	3	5.62613440732	7.00198220518	3.51948515136	14.2412961455	3.6234568601	7.61441251914	5.71554854313	9.76344256667	0.0690367985357	0.715043331797	6.95023329532	10.1371092354	0.808681691607	3.51123470421	5.09491865455
NRF1	2	-0.688647416408	1.16803537831	-3.57318771746	4.12907026772	3.71922410867	5.37136060261	-6.81770441204	2.76782895053	-8.47356211238	-6.68546183518	1.01541651015	2.72146313825	-0.515685029257	-3.1481511473	-1.31971053233
ZC11A	3	0.098093624896	0.265727513458	3.81122174025	1.90631608065	4.10372935817	1.68798166575	3.56548985121	6.50483314674	4.65309951013	-6.93959358735	-4.77999255839	-0.670389730694	-4.06206048463	-4.35327581404	-4.31977594271
PAXI1	4	3.53291758933	4.03673490022	-1.58532770616	11.7522711729	6.00963184764	8.6806501133	4.05098707011	11.735455129	0.132997294599	-5.38875603788	4.2830327981	6.59966951581	-4.24933649349	-0.344105638356	3.7469422849
OGT1	2	2.31417562156	3.02690711257	2.56896812298	10.1112664248	6.60915712585	7.49876242489	3.69295640599	11.8364913106	0.527608818955	-8.68722335483	-0.160695285429	3.85052567331	-1.95698307258	-4.0427274065	-2.47655559871
NFYC	1	-2.39041117777	-2.4739805344	0.416862431419	4.4834653105	1.71592350583	4.45958478239	-0.338720526791	0.309119049932	-3.02334690348	-7.27859662742	-6.571563013	-5.8070606158	-6.37144783783	-7.0677796948	-5.91821581531
PER1	1	1.11611399604	1.1973936024	0.171184665964	1.13997917642	2.74395676896	3.19378098493	-1.94124785512	2.46451579888	-0.586697264132	0.718959034486	2.30935334755	2.6132101149	2.96552159743	0.369971824653	-1.73428585278
RXRA	34	-0.40248982018	6.74665451626	4.09506295753	8.19130634221	4.62146394062	10.2255397998	-5.96652846806	6.89165468826	-5.48445014535	-7.16778775918	-3.40713979129	-1.90680774393	-5.66283445258	-6.34012190335	-10.4708694635
ELL3	1	-2.00478017056	-0.683212821645	4.88564863593	2.30788908635	2.55524831157	-1.99851568331	-3.68057871012	-1.36159839059	-2.22151655964	-3.27633628223	-7.21700700688	-6.11077251762	-4.85043535739	-2.11185777283	-4.30387731943
TEAD1	1	2.41105253082	5.12822075305	4.75910010251	9.11527945634	9.7450145162	2.56870546514	3.71968835334	5.62070947381	1.37007970187	-3.8642020147	-2.91073555624	3.35612131175	-0.050742724403	-1.1926747357	-3.60982867154
CBX3	4	-2.09182252622	2.65900135538	-2.71937380819	10.5207917638	5.24731578568	8.85023042046	-3.32303099857	5.94667511775	-7.15127843565	-11.4235810225	-6.46183766141	-3.18365086471	-8.42468736626	-10.5930202254	-9.22906942738
JUN	12	3.15425923869	5.1859802612	3.09605690286	16.315638286	9.7043572384	11.9052261229	0.252314915002	12.6579771583	-3.25898861721	-9.01878450788	1.19474328512	7.29993730646	-5.172051378	-4.35803413318	-1.64474349832
KLF3	3	-1.44490882173	2.43700816159	-0.597348111311	10.6709780549	8.35061774451	7.96661424978	-0.13557521678	6.69162174305	-3.48236055246	-14.6162162924	-8.64342051259	-0.940053813058	-7.97688275501	-11.2548963891	-8.69880981541
T2FA	1	-1.50931534871	0.37254374011	0.695329209791	1.69934080283	0.167000321502	-0.500152737854	-4.80953083445	1.97425889196	-2.94423818863	-5.83283950218	-2.23001824564	-1.81669219438	-2.56840433969	-3.3115854201	-2.02542638523
TAL1	18	-0.809063231267	-9.86411181677	-1.37489347032	4.45454134394	2.97776531465	0.784154497382	-3.06308632355	7.62797455931	-2.37311703063	-8.19878626874	-0.503016785171	2.08661278364	-3.35197235078	-1.99290352228	1.46395383157
SMC1A	9	0.0430191881439	1.95949591458	3.25403223654	9.58340460506	7.54692995345	2.55364281665	4.61965363877	10.4963190918	3.72251142246	-10.4846196634	-8.5275322812	-1.26180801933	-6.11549994003	-8.08137566262	-8.66288547876
KAT5	3	-0.695941353156	6.01630761597	-4.20754949532	5.64262680516	5.63694977562	6.97477090318	-3.55430258044	1.89484538709	-7.81484814779	-5.47105538427	-2.24170882329	1.04966528828	-5.42414254325	-4.18216270734	-4.06257503779
ZFP384	3	2.03358582644	0.937955808186	-3.13580540647	8.6426973059	9.28789356863	6.02055291551	4.67359874741	10.259444265	0.629686949232	-6.86394339919	-0.386239984931	4.15643804333	-1.32621437023	-4.34157770053	-0.084285171774
PO3F1	1	-1.62235925389	3.3590982019	1.8735973529	0.386144043067	2.80512232539	3.99965728417	-0.516605244509	-0.277862706817	-3.53108151113	-5.55521177729	-6.0750192893	-3.8607942878	-4.99708290931	-4.3811617776	-5.94182925818
SCML2	2	2.01353109698	1.75912550054	-2.34770791696	3.10130059755	2.12931712316	-0.463741806338	1.31514424642	2.25156235007	2.99981514314	1.4684353532	3.68061890298	4.69810309375	1.5750730054	2.71288921267	3.3095005522
EHF	1	-5.39275324503	-3.48005166951	-5.64855810083	3.49370203463	1.5292736066	-2.72732136929	-6.30619177828	2.15751005284	-7.73633406139	-14.0770043658	-10.2358406721	-7.84731111799	-5.14885465328	-10.2062643282	-9.26529900785
MK10	5	-3.61937171371	0.991353871387	-2.83287900642	9.19972575834	2.56562092651	6.23312331915	-3.9655011178	0.586544596771	-9.31916504308	-11.8223921926	-7.50306776978	-5.58205995629	-8.05663516706	-11.4229901618	-9.74288204914
HDAC2	2	-4.44824866443	-2.11518120484	1.81005123463	6.56229920443	4.30888751467	3.35317809716	-4.9172158735	4.40364557298	-6.71351464338	-14.2601018072	-10.9475403744	-7.91034291166	-9.81358586453	-12.7126324887	-13.3234277577
IRF2	1	6.00224307471	2.18094789041	-1.05274553632	7.74937272592	-2.94199022179	2.47075770066	5.72055130795	8.44637054194	6.4456214977	9.37258918375	11.4668579275	11.5536485032	6.53072799455	8.3532072041	7.73548632638
ETS2	2	3.27155703597	3.99575834132	-0.985425684823	13.9126833454	6.65275348085	12.5273433551	-0.683011086645	9.11810835432	-3.94023016443	-6.35038506526	3.65523618998	8.82529637218	-0.983568917288	-1.53117580797	1.58841579077
MXI1	2	0.459056839509	3.12550626422	-1.10373481503	11.0778317451	6.27222181443	10.8866666294	-1.70341746052	9.13024312244	-3.55671260403	-9.74966505167	-2.20053123601	1.10282255126	-5.6473431601	-6.38190589439	-4.82518615194
TBX19	1	-1.68289783027	2.15650546185	-0.605848344077	4.29629601074	4.93367164238	6.26916493689	-3.23309088003	2.08892609053	-7.15475803004	-10.1006843086	-5.94727007848	-0.637451623382	-3.28050767197	-7.06198102707	-5.28354180258
PRGC1	1	-0.903033230673	3.56038876106	7.06164459493	-3.65049137277	4.12142478625	0.723741793381	1.01816504893	4.01312726144	3.91829524924	-5.268459463	-6.90987943111	-4.41126420804	-7.03396432676	-5.24604579232	-4.53914813066
ELL2	4	-1.85298507474	-1.3619447428	1.21111055098	1.53120046596	0.498423442547	0.655974014379	-2.97448667438	1.21174383148	-5.58993446779	-4.67722581657	-4.8501095213	-3.76319878548	-2.290903933	-2.62591824469	-2.91652116567
FOSL2	5	3.47976698746	4.41968853182	4.57016399162	11.807695198	6.49816444784	7.7616859117	4.08763929403	10.5398196718	0.930425603807	-4.01494135189	1.7932028636	5.8936191973	-2.75900567489	-1.96219911636	-0.849220743921
BRD4	8	-1.95538422254	3.09218919325	-3.23263293486	14.3340592075	7.45444838879	10.4397724458	-3.42958681588	9.262216721	-7.13684976183	-15.2164222234	-7.72271766604	-0.929874526309	-9.43870512942	-13.1810443038	-11.6702317105
MYOD1	16	-4.33083474239	-0.192042008673	2.95488979789	3.94197937858	8.38892507028	-3.78836524171	-0.943033111266	6.50348098262	-2.44323560251	-15.7510563158	-16.122175912	-6.92467382261	-9.19913475061	-11.4374126399	-15.6198322178
SMAD4	2	-1.83677831448	-1.28573510666	1.68119138598	5.41671864567	2.67548548254	4.03330455898	-2.36226906229	8.52766567064	-2.58789851527	-11.0109365324	-5.80197474448	-3.87012507165	-6.54430228072	-8.00679789657	-6.57922293647
BACH2	1	1.30732664143	1.44067676089	-1.09582845817	6.34609466247	2.6372406945	3.73210987658	0.581434371518	6.74568201105	-1.01233674974	-5.18415699716	1.90239831204	3.23200124897	-4.4725203062	-0.637630282381	4.08740783558
SOX3	2	-1.46188820557	-1.5688922174	2.21106858608	1.02479907321	-0.0554282415985	0.0908517792848	-2.29306564781	0.636556569405	-2.5822908637	-3.55583174812	-3.52578758031	-2.45500670072	-2.65546430355	-2.44595802896	-3.29198555387
ATF3	5	6.00165862399	4.50290815848	4.25511734559	15.4479771105	3.24751392058	7.54950984881	6.07035083057	10.5970958967	1.93258247295	1.60685555375	8.23570671953	11.8846655033	0.752738846428	3.50941087793	4.43078765074
TBX20	1	-1.61754057524	-1.79443768117	0.591802560368	-3.79082246435	1.66433891881	-2.56590458485	0.543628639719	1.34758292432	2.83640332174	-3.41606762516	-6.16733925734	-1.17818114315	-2.07737618102	-3.50090964796	-5.13828583337
GATA2	18	1.02623870557	-1.13595728332	1.92123887727	10.2180528846	7.68638320834	5.90553770364	-1.68324741406	11.4614094676	-0.901197071525	-9.26104203476	-1.9840741871	4.32805331157	-5.25962911745	-5.425582092	-1.5026043748
CHD7	2	-0.809435844898	0.427050344547	2.68847704004	3.78818762675	4.53553828515	0.863601594533	0.0251655184006	3.3524491929	-0.580712205724	-3.53415053865	-3.79333423558	-1.47713931739	-6.59184892798	-4.97153166675	-6.06385453882
SMAD1	8	-0.0670221037489	0.38242360969	2.65645583456	1.10608661878	2.44828727446	1.30422892675	1.71455827129	2.3554170323	0.723922647354	-3.67671720646	-3.24595911695	-1.28979862518	-2.07798167264	-1.90914943072	-1.43008361572
USF1	2	0.315430971622	4.40815988881	4.7397854387	3.73017757674	2.97223420695	6.87840832546	-3.17659705362	1.5957629932	-4.59958887149	-4.09556322421	0.151614442336	1.05802424202	-0.962783114359	-2.76544202523	-5.5181592226
RUNX1	18	1.21304126058	0.932466150993	1.22634058008	14.2556200785	9.58134920847	10.7752363742	1.67014936083	12.7384761281	-3.03502456248	-11.3172319693	-2.76643311245	2.89040960012	-8.33409165992	-8.31578619405	-3.31890233508
OVOL2	1	-0.915752497019	0.0934500364181	-3.85840903315	7.80840826976	4.12476963868	5.40924161576	-2.07592220516	3.00247566965	-4.40700249274	-8.32969980548	-3.4453328922	-0.468396588088	-2.53201630665	-5.30662753654	-2.83547332854
RBP2	1	-1.94504395307	2.93729090853	-1.25405874204	10.6676859855	6.07216967195	7.99017905902	-3.71708962655	4.17053773097	-6.89588718287	-9.58784621481	-6.14336258038	-3.09565305053	-9.30896217866	-9.69620386394	-9.36941525925
USF2	2	-1.80188612836	1.85021264372	1.6063997296	4.73572414473	2.85445657455	6.93466039262	-6.42628133853	2.9599518712	-7.84688819446	-9.97977522925	-4.41827849838	-1.11003093409	-4.8718773131	-5.93055304986	-5.58412659582
RCOR3	1	-2.50796637028	0.941300144508	-0.0389021834519	-2.43606222045	2.84564376932	1.36933318954	-0.795451280019	4.24680597262	0.51062288897	-8.3561366518	-8.01902882518	-5.91180946534	-3.28458622861	-8.01057360602	-8.17268468807
MAF	5	5.04181330607	3.75161997682	-4.12851710347	7.86242102318	4.05739030903	5.07886564516	5.86547047832	8.23513683916	3.11974816412	2.36730039661	9.16872500882	9.61337804076	2.52527791842	4.58755768049	8.48101190764
PBX1	2	-1.34531414642	-0.499620361753	-5.25128714321	3.67779305796	-1.24714538521	1.78206968337	-1.70117539915	-0.513661568574	-2.47490513415	-2.12142364242	-0.869047999417	-0.970858627413	-2.12343613917	-3.44219663884	-3.07950275185
PPARG	27	0.191976044294	5.68868439916	3.64363407829	10.2253229353	4.35459395802	7.29800432795	-0.109158050462	8.46402302165	-3.30682455166	-7.05283965566	-5.45738300681	-1.32127649336	-6.56526799597	-5.6326521806	-7.54119616568
KLF5	4	-3.26464248791	1.71023783901	2.8990567317	10.2033759471	6.89524727529	5.72420133751	-3.1555214222	4.8323402114	-6.81441974916	-14.5153478637	-11.9568694004	-5.67263399145	-9.97092426128	-12.8413272198	-13.0424102647
HXA9	2	-0.634686580716	3.29763139112	2.1722648478	3.85666098669	0.55845451947	-2.17681326917	-2.96978038227	-1.66706847922	-5.45661201352	0.901522239656	-0.404173818873	0.619025434967	-3.99018443713	-1.56261486845	-2.06392428108
PRGR	4	3.47175640599	7.9675945289	4.30169489664	12.5013356827	9.77825783502	11.74161775	3.12668968743	11.4349022934	1.68263495833	-5.46236514151	-0.732158125616	3.74264413789	-1.52425845024	-3.78735208522	-6.16664828386
HCFC1	5	0.0719065816796	5.61013053081	-2.60378774649	16.1620608171	7.82779100885	14.3845679435	-1.13261826228	11.3839382151	-6.6571327056	-13.193113363	-3.7285727665	0.0267101699847	-8.9959443877	-10.5206168574	-7.55672045282
RFX6	1	-2.44203995948	3.510348602	7.36248595382	2.16330449665	5.99101288773	4.21898242044	-2.83895010307	2.41064090112	-4.13760496664	-8.12374318735	-10.1378841722	-7.55675139578	-8.18922839683	-9.62172447736	-9.23944799534
ZN281	2	-3.2425532787	-3.53493199015	2.96266688643	3.24405687103	-0.566872215885	-3.54040491717	-0.717122682551	2.48621383019	-1.06981726553	-5.68147228259	-8.04237623198	-7.4214121909	-7.79419586585	-6.70581084241	-9.01426700444
MED1	27	-0.482787386449	3.21276336771	0.859683255246	14.5244716935	7.57355514918	7.10721640337	-2.6340401023	10.2379212422	-4.91425714723	-12.5983238229	-5.93082145756	0.889879222565	-6.7761981106	-8.92190593139	-9.3889671721
SOX9	3	-1.62336143355	3.04705236112	5.18194070332	0.385790849603	5.95798884238	1.20171921925	3.13712141794	2.45149341859	0.513138700959	-9.15963992062	-10.6455132968	-4.92942102698	-6.42273808789	-7.96968693789	-5.47630631263
JARD2	13	-5.42012134835	-5.4455885403	-3.20352725254	-2.85991088036	1.90372089389	-3.91519893294	-2.48094884353	1.95961573582	-1.41797842334	-10.9755117538	-13.2433471321	-9.29731695066	-7.05384368323	-9.92993315385	-9.92192995999
NCOA2	4	-0.129242663928	3.60027676377	-2.06048126262	8.37588379581	4.0010633053	8.08679792924	-5.57679132418	8.30467820689	-4.27272494348	-8.33876554362	-0.0539084753063	0.785249565499	-3.46035802593	-4.68387726651	-6.51644001985
LHX3	2	-3.12263163571	0.346867505937	1.58503749719	1.87301586653	3.7213875676	-0.996757274019	-3.12228022946	0.923634942274	-3.52139425466	-8.77415644038	-8.85077074912	-5.14040919731	-5.84197689192	-8.42424754002	-7.4947937026
TF2B	6	-1.88565165304	2.92041362942	-6.67314395563	11.4297385972	5.14090121329	7.9592466723	-5.13244890676	9.25118581113	-7.61061966254	-15.082512744	-5.43352018436	0.347958128582	-6.37028487759	-9.4211352661	-7.72490159759
T2EB	3	-0.174235084639	4.70329702946	-6.09410946523	10.1874078732	4.3217186939	10.3296501071	-4.76020196364	7.16218502756	-7.4107558106	-7.85803174004	0.184730340245	0.954218943632	-3.93964984212	-5.35761900068	-4.86213137778
BMAL1	9	-0.697679990418	3.38128489739	0.97149574436	-0.864854581081	-1.07548623201	3.26696139998	-6.5967838537	0.744895517231	-3.37257047668	0.650702698174	1.6311642448	-1.63728729735	-0.865852251365	-0.527339794662	-5.47384988094
AP2C	3	-3.47656387979	1.68750407508	-0.121184782007	8.07247965082	6.59937893336	6.04349522452	-1.63694437369	6.11674241268	-6.00052058647	-14.9949312761	-11.7649868507	-7.28976006845	-9.17993944048	-13.1850069449	-13.0182202907
ATF7	1	1.38210426754	3.2773088401	2.17160523601	3.82953764204	3.85098155447	1.02114318636	-0.458254119127	5.38740031636	2.43678150712	-0.542785431823	0.619284249142	2.80255556388	-0.169477396775	-1.18584951568	-3.69077188646
PPARA	4	-0.352877557967	6.66463596567	2.38224779873	0.750744368507	1.98398009171	7.10972644284	-7.64145784148	0.944978491981	-4.73619212372	0.0494565294638	-0.503220243959	-1.79712409549	-1.42661455275	-2.0246010808	-6.69684556222
KLF2	1	-1.6721851658	-1.37218549137	0.756112497126	-0.0157943140089	0.753616534402	-1.26223638326	-4.25700058172	-1.36719872216	-0.96179294227	-2.13619506996	-3.36735212508	-2.52834433895	-3.55152681399	-1.60454935327	-2.4961452167
SP16H	1	-3.06292720237	-2.13383500417	0.125777685416	-3.25919409284	-0.677156068957	-3.14321439661	-3.61532196933	-0.00771748968711	-0.173046446992	-6.74532169581	-6.78999933927	-2.40068179714	-5.47674795385	-5.37909709607	-3.20542516794
PHF19	3	-3.81344682339	-3.79433659738	-3.45126621195	-3.57999182011	0.804424177988	-6.54226706974	-0.805124057527	0.198025317299	0.713190631017	-5.29525689001	-8.60296494717	-6.81510984819	-3.935350152	-5.82908688227	-6.45314117737
KDM2B	10	-4.51567521795	-0.238473880597	0.256144845772	8.13383972525	7.48367997558	6.78076115706	-3.78044546642	6.64448263432	-6.52851621066	-16.8960987228	-13.7535483443	-8.16912548519	-11.6280438792	-16.1966201282	-15.3274892718
CHD4	15	-3.39599246109	-0.823453017148	2.60234338769	9.84536651967	7.65790731724	4.59419712641	-2.51076010751	9.78290614143	-2.74095033268	-15.6270424543	-13.2814790692	-6.7832536293	-12.319054293	-13.7366253498	-14.2039966949
TGIF1	2	-2.09288210513	0.646913253314	-3.07425801438	6.02342816196	6.62572589612	7.28809011766	-9.18900123457	5.55863413717	-8.34417961958	-12.5114596354	-4.1756886689	1.47073239644	-5.01822793769	-8.18813185957	-6.41292646447
KDM4B	1	-2.42048320886	2.89366052707	2.0243071543	6.85514657856	4.96088625947	3.46790725165	-3.28264684404	4.80815863084	-4.39353825455	-9.76986944204	-8.08927219518	-4.45612040436	-9.74919132707	-9.82096385395	-9.33522900475
FOXA1	7	-0.785209871231	5.70378495171	5.97936793878	5.68808433975	8.6715153911	10.168929727	-3.70727280147	6.98786513	-4.74677077037	-9.87487831872	-5.48140645263	-2.11039042129	-7.46661327831	-8.70820463951	-12.0969489933
TLE2	1	-1.09862094697	0.402481495322	4.08410021573	0.509636656868	-0.387658130776	3.18404998537	-3.51367181513	-1.30850409718	-2.5762076386	-1.76882272757	-3.21625978398	-3.66164438428	-3.458199617	-1.26002392056	-2.40996949584
TOP2A	3	-3.83973104794	-0.82834020265	4.77541017385	5.86738106284	4.10267449577	3.15910278205	-1.38188447736	4.94276643752	-5.93167620365	-13.7448682437	-12.9577833949	-8.80449905293	-8.67506067905	-11.7152699576	-12.5641874112
SMC3	9	1.52455757278	1.75289957373	3.80662127825	7.39115624878	8.2530897022	3.53135612322	5.57527921422	11.3937002699	5.8099803223	-8.36394325482	-5.89073832779	1.30817255895	-3.34802243224	-5.29194227895	-4.58380297875
CRY2	1	-1.99085855925	2.43836714804	0.0543584549583	-0.18902473203	2.32834671387	4.63016675609	-5.70137578913	5.01980718358	-4.36652380435	-6.81734090686	-3.71760491393	-3.21289933804	-3.42879663352	-6.62433262221	-8.28516734598
E4F1	2	-0.139089148225	-0.0972216060904	-3.01728290183	-1.26016931811	1.42216384808	2.74217907206	-1.83774443005	-1.26313822198	-0.443184121474	1.82819983689	0.938478954196	1.11632883049	-0.717484205303	-0.234826079434	-1.12354773259
EGR2	7	0.405052212078	2.95986417181	-0.715600129614	12.6255934526	6.74094747792	7.38628918456	0.601819443556	8.9844917929	-3.88356692269	-9.40611702238	-3.30616219226	1.09407209512	-7.25861215518	-7.03639115285	-3.11589707438
CBP	20	1.22159067946	6.20410051489	5.48864138592	14.7313451283	6.75060677532	8.47977650163	-2.71611980792	10.6044114731	-2.82531277586	-7.20759493933	-2.88166170923	2.0836262305	-5.04154176086	-6.46058727388	-10.1074202302
FOXP3	7	1.08496430659	-2.07524677054	-1.32343233345	-0.475192518151	-2.41556542783	-3.18255422714	3.37843762421	3.30069048134	2.61757816276	2.08869347343	4.6399861176	1.86596624417	-1.93464140452	2.99634253663	5.70843833373
RBBP5	3	-0.257467386158	3.59139315155	-4.80140570458	7.93205324651	5.43891322418	7.24793431205	-3.2901803691	3.73437095554	-5.09096429998	-5.13501007057	-0.339736730755	1.82302111	-5.90670824902	-6.01133514645	-2.79688883559
BCL3	1	-0.49206663562	3.55962533704	0.706339151986	3.58456017868	3.96990207075	1.5098626024	-0.782076362495	3.65105426622	-0.678408943144	-3.65241169473	-3.47144591884	-1.91148618577	-3.75062481466	-4.46204434296	-5.16177824316
ATRX	6	-2.08333444906	-0.797468128337	-1.22950163092	4.06237071192	0.891576806316	0.0047564794996	-3.41417764861	3.30542189182	-3.15909295338	-6.31332878532	-4.1542627182	-2.65057289174	-4.64259414613	-4.39909527597	-6.67071399778
NDF2	2	-1.19454734544	0.879542324061	1.57148007454	5.1509172243	7.99075496611	-0.157185846595	0.556685923832	5.64513589731	-0.25569659885	-9.31802917333	-8.16875780018	-2.56893919212	-2.73106175061	-6.71633668803	-8.60217219663
ING1	2	-1.31782024629	2.56768622192	-3.47484359523	15.2295583235	8.09763827513	9.3690707873	-5.35682360223	8.60137838638	-8.98904047426	-14.6312922869	-5.76233211948	1.66137417193	-6.41935520011	-10.5032971863	-8.83920514974
SOX4	1	-1.23174254535	0.693202610432	-4.43285665588	8.5752851653	4.79863320964	4.20224680086	-1.17349942244	7.26441783883	-5.71363815781	-10.9801900601	-3.62663564879	-0.661784067579	-6.44373801819	-6.37107302373	-3.37476620541
SRF	12	-0.478201757348	4.09231212964	3.48994222781	11.3052446947	7.8053120141	7.6361577407	-1.6157028595	8.39804643261	-2.81836594288	-11.3881182366	-7.12762865133	-0.992906599636	-6.17240111494	-9.69278462072	-9.61393181682
MEIS1	11	-2.74320270579	1.88222266732	3.64768625593	7.48057425856	4.78748405174	6.10721540621	-2.97974833515	2.10256933497	-8.66132989389	-11.1438973158	-8.22711087299	-4.20005035804	-9.00523269804	-10.5306196646	-9.6646007173
PKNX1	1	-1.74552497627	1.17361925102	0.897324543483	4.66721678054	3.16942112589	3.45378662676	0.426834435821	3.61429233587	-3.74522937898	-8.37768279745	-6.34854960981	-3.11560096897	-6.25114196584	-6.50472625618	-7.49691379001
SIR6	9	-1.85660376627	3.62762855206	1.38932323452	13.9348302857	8.65499681513	5.93288178616	-2.58626375894	8.78421642578	-7.76350245321	-15.1468304879	-8.69467189172	-0.599753040449	-8.59719075175	-12.6269370511	-12.3011803921
RXRG	1	1.76696672407	2.40252228022	1.41787820511	2.71028900498	2.60843694187	2.87143950713	0.458789517094	2.80676225238	3.00421395856	-0.0175006996535	1.96363382432	3.2824756445	1.44278853406	-0.0973791673945	-0.116815666243
RARA	7	-2.54498275017	2.76697767173	0.861949107267	9.20840342191	4.57924227376	10.0416137517	-6.79344560922	3.63121503522	-11.1871202816	-11.227644974	-6.49280965567	-2.58005004774	-7.53697912635	-10.0275238398	-10.8735862295
ZFP42	1	-1.72238491222	0.875831234418	-4.28289777553	0.314222252059	-0.126147872191	0.317027456382	-1.9844551665	2.24219415838	-3.17514283901	-4.42999218347	-2.29959396569	-1.57794040203	-3.30354129541	-2.99000851677	-3.69294385571
KDM5A	3	1.09375520369	7.81789657123	-0.489943268232	11.1971251769	4.09035907218	13.1153187894	-1.65061543459	3.67594163073	-6.71822472268	-5.6056041118	-0.208918677932	3.85065075604	-3.32706437848	-5.36984343269	-5.06450511846
PRD14	1	-0.554841953773	0.268287158853	1.64654424255	0.230445760215	0.647265854662	-0.415884131442	-0.321526511411	1.62816304159	-0.386391119574	-3.50160653065	-4.09671436198	-0.673699606516	-0.570279559723	-1.80297524931	-0.419416340093
TYY1	6	0.651674135585	4.82584142987	-5.16021083642	13.4041440173	8.22622163203	14.2670794192	-1.63517267103	11.4053450969	-5.42448003516	-13.7610162093	-1.87123053484	3.47903396322	-6.0075910098	-8.41109096027	-4.21343540353
NCOA1	1	-2.93299832921	-1.66088902237	-6.90884054546	4.37389410934	-3.38120898336	-3.00524220023	-7.43660774708	-1.84240274814	-8.35087023101	-5.3519572837	-1.99942846422	-2.03207018154	-2.03484876935	-2.33509073487	0.903586193089
NR1I2	1	-1.12131956439	-1.30238221951	0.481379950988	0.809801481133	0.901704807981	1.87344355478	-2.31145953122	0.766077645113	-1.91574656099	-4.10595296133	-2.79929393698	-0.332828386505	-0.1583143481	-3.72032224263	-3.88458115421
ERCC3	1	0.110552879905	-1.27709105957	-3.19927057032	0.98893923825	-0.428464407724	-3.16409511642	1.33483082908	2.74718144866	-1.24840443098	1.24511229367	2.97709746239	-0.191114397758	-1.99967286333	0.33580904938	3.42688284334
RCOR2	1	-1.54427295482	-0.0294479450141	1.64953703585	-4.11813675686	-2.77542225762	-1.56813157155	-2.3495640209	-2.97730722648	-3.3208777782	-0.857125065948	-2.16002004931	-3.0116343716	-0.119013227137	1.19500667594	-1.17768480856
GFI1B	2	0.431478555596	0.476896880017	-0.275587848692	7.17253170979	4.76891624067	7.10379090429	0.126204734494	8.76156608082	-1.3459987817	-6.27791151562	-1.83289521629	2.36969059817	-7.16689730004	-5.9137975108	-1.92580919677
BMI1	3	-1.45386717775	0.458596611124	2.08511778723	-1.82373879745	1.44053324343	-3.43742613383	0.129639812534	-1.41289535195	1.70252542284	-1.0075843133	-4.91572098901	-4.30804314041	-3.64666801319	-2.98028798649	-2.63818864005
IRF8	12	10.8065194923	3.86649036044	-0.494073200625	12.3320263825	-0.197044629869	3.97446049632	12.2805178173	19.0798301527	15.2908289227	10.3328762923	15.8778241636	18.9507039561	9.30445960087	14.1947749761	16.4975976021
T2AG	1	-2.09321583018	-1.6458183149	-2.174437285	-0.610257823603	-2.50275220531	-1.72702890271	-3.36798809254	1.03288214287	-3.91706393654	-1.39964099036	-1.10199737779	-2.71091288752	-5.61029036518	-1.88076384733	-1.68895173662
MTOR	1	-1.61641059268	-3.33100947491	-6.00834477844	5.03365291799	-1.67007772369	1.54698315145	-5.66064803563	3.23353745546	-7.32405202905	-6.29316989956	-0.922131186767	0.480980351562	-0.468254235463	-1.77474201654	0.527527206067
SRY	1	0.17394024839	2.96572015164	2.64379836254	2.04825547009	1.99847704036	2.84937209785	3.9938569993	4.97471321435	1.32315006057	-4.41300238926	-4.15558319389	-3.13735582951	-3.10038131401	-1.98684719318	-3.56900999939
PKNX2	1	-3.00449078351	-0.970497685565	-3.07983402558	1.17833641943	-0.794935295141	2.0957600864	-1.37733290293	0.402151721652	-2.83640778747	-5.18116370557	-6.2634785111	-6.52090114988	-4.92632548659	-6.97435078498	-6.81389186175
FOXL2	1	-0.72773685579	4.13675714198	1.4564383882	2.06459910128	6.83825905163	7.27198941233	-2.20969446867	5.33172589117	0.670258834899	-5.85103194144	-3.65557527224	-2.66382418427	-8.28745602678	-7.66254369873	-7.62821821042
SRBP2	1	-3.72636028165	-9.35328301019	-4.13549025884	-4.45496437316	-0.143310442202	-1.30131044677	-1.35171788816	0.137003368213	1.68405806185	-4.1798595446	-4.62773492284	-7.39924307987	-6.92469740482	-5.08249292958	-5.03600107218
E2F4	11	-0.0580471905792	1.49274250929	-2.07088859611	10.9207892284	9.11635092297	10.3229422892	-0.197005086776	7.56539714063	-6.15392308065	-12.6583160087	-3.93114150877	2.86591302648	-5.84887848663	-7.75212624923	-4.48451676809
CNOT3	1	-1.46534448069	-1.40846847631	-2.29932866684	-0.449264259656	1.37071681857	0.60204457179	-2.05141412856	1.99804319739	0.724640244834	-4.32161945447	-2.93163442261	-1.83378828691	-2.91712668003	-3.92438636325	-3.07323682362
NPAS2	1	-1.41234583516	-2.33531980037	-2.80643652262	0.590506547	-5.20903978767	-1.5313055138	-6.32710059713	-4.06124028453	-8.14759208277	3.18585637383	2.2135200236	-1.35361883181	2.32902461608	3.62290294421	0.0570012237
RPB1	28	-1.3999228009	5.17357016088	-1.93182049502	14.9923445421	10.7576817386	13.6158407378	-1.49632684473	12.9482463207	-5.75596876132	-17.7058186425	-9.03583866984	-2.55349497326	-10.752970329	-14.8619383369	-12.9924256601
NFYB	1	-0.892702451462	-0.581828063137	0.771376276103	5.61691304705	4.41657196978	4.69928945991	0.174986046326	0.741607561626	-3.78093572233	-5.14225423797	-4.50078161403	-3.16962510742	-3.8606425738	-4.40476268977	-3.47774867282
CCND1	1	-1.30626571691	-0.132131363316	2.99612878972	5.8431541306	3.51859557287	5.90872851843	0.742668692822	5.11241485996	-1.51683041107	-8.58816272875	-6.45086712409	-3.96249064574	-6.41196208156	-8.52222371017	-6.82474253641
SOX17	4	-3.01868155701	1.77595440827	1.84761439866	10.0146819723	5.09779117665	6.4520127301	-6.03278805124	5.26046924277	-8.69360498407	-12.9744218568	-8.94631338309	-4.56084664616	-9.34186432286	-10.3334662924	-11.8267601903
TLE4	1	-1.09862094697	0.402481495322	4.08410021573	0.509636656868	-0.387658130776	3.18404998537	-3.51367181513	-1.30850409718	-2.5762076386	-1.76882272757	-3.21625978398	-3.66164438428	-3.458199617	-1.26002392056	-2.40996949584
CBX7	4	-3.02635316887	-0.634315037775	-3.815134082	-1.91883922466	0.969961936219	-0.773486904935	-4.27465777813	1.31430342701	-2.40768313837	-4.17075727394	-6.41209393006	-5.21412326249	-3.5259325926	-5.1943045578	-6.31188194461
SIR1	3	-2.0719150077	2.01350558939	-2.98329324492	6.13903434706	3.29131909938	3.99532678115	-3.41346340811	1.94091198621	-5.47422962505	-8.65191030772	-4.14814840124	-2.7225785936	-5.67855637258	-6.09797827401	-7.21674968378
PRDM1	3	-0.48902653006	1.38231130063	-0.398255236922	1.43566425278	2.34570880641	0.74567279974	-2.73554764728	3.42162779195	-0.749982141123	-3.45021422701	-1.78573446548	-0.658474292767	-3.4471531311	-2.42298660891	-0.529008621779
GCR	23	-0.116850755921	-0.191025941345	4.44838308168	1.59527218765	0.81594413824	1.37915123717	-5.38915168472	5.19230222149	1.41403871409	-0.504248175773	-0.00396698249561	1.13590206943	-1.88457547867	-2.16947005604	-7.47446591358
DDIT3	1	-1.99603313695	0.315099853076	0.00152665083809	-4.41731883934	-2.73222882356	-4.50539259213	-4.55863627682	-3.35202128794	-3.41006099042	-2.71245499977	-1.29570563544	-1.2015172327	-0.180939201277	-0.0368349700842	0.14202042827
HTF4	1	-2.54842216224	1.53036103847	5.71014206598	-2.56720852211	4.66124305964	-7.30951838681	0.511268327855	1.60626160235	1.58356118153	-7.54193864013	-11.5142845145	-5.10071954441	-5.7787521335	-4.73744724644	-6.73087855922
EP400	3	-3.35677546634	1.51795091373	0.893804069451	6.47162313145	6.3682711668	6.4109831989	-2.48601847733	4.72272180089	-5.30281159111	-12.6590525717	-10.8037322436	-6.95854747055	-9.9263604213	-12.7075031339	-12.5361849005
NOTC1	5	-1.09476911687	0.94593766807	1.35478010089	7.71955532508	4.45018349189	5.31248565219	0.37367305347	7.60181956049	-2.38206288611	-10.9170583849	-6.90221980794	-3.21913401331	-6.1521108634	-7.90730418286	-5.60531234967
GATA1	29	-0.601912992097	-3.77926314561	-0.964108250389	3.15596373466	5.47945323171	2.60982937106	-4.1145429538	8.5630274633	-2.02663639621	-10.5898112673	-1.20481451227	3.73701339859	-1.99875477434	-4.60523062897	-2.6889071598
STAT1	38	12.4181914111	9.19232314202	-2.61430166885	19.572837461	4.02746129548	11.986821822	12.7500489606	22.9266248911	11.8553421807	6.44717575048	19.5079028957	21.6848547956	7.29269016435	13.2316790688	15.9932189966
DPY30	1	-1.61947499092	2.55576440494	-4.04541755842	8.32671845954	4.63461628447	7.76188319132	-4.41170664217	3.08050872503	-6.76776751322	-8.3567084119	-3.72755462359	-1.01928192459	-5.6516660329	-7.90084045988	-7.15119777151
FOXP2	1	-1.46666851675	-3.36436430753	-2.86230051645	-3.58582928146	-2.90369410767	-2.54749010104	-2.17308833523	-3.20818508448	-2.31633230973	1.29603941376	-0.556009796647	-0.696578201615	0.639628295368	1.05404688768	0.69079821049
EP300	67	-0.408832258968	3.59173048522	-1.18155904961	13.398592042	7.52062939535	6.59323454696	-2.63379676769	10.430583892	-5.8706718374	-13.2682333855	-4.25996933419	1.72226579177	-9.17790085545	-7.90976841075	-4.67878813823
CTCFL	1	-1.31413456215	0.961339478049	5.29277925673	2.46983970509	4.8670352086	1.73007372801	2.75555114979	7.07528192234	2.62213077079	-7.61674481943	-9.54634512546	-6.76519406054	-5.76151885825	-7.85505629777	-8.62705592803
NBN	2	1.4514009412	1.1956804995	2.93681361047	3.62104207004	1.53958868516	2.14370408924	-0.859873637946	5.19407851123	2.827723522	-1.68186636907	1.27563854953	3.37792653098	-0.432825047523	-0.0749020770899	-0.743115759715
LHX2	2	-0.278667927174	2.67163627657	-1.72479253549	-1.5923836766	-1.23909144818	3.00094839534	-1.81589776883	-0.366766075929	-0.202743671459	-1.46605673869	0.526794142795	0.932306449308	1.2237725366	-1.12031292287	-2.72876394301
RBTN2	3	-0.273932820294	-2.54624165868	0.876628806617	3.02029893183	2.49910004039	0.215608553987	-2.46266328279	7.55758871021	-0.55745047176	-7.23023729887	-1.74353679065	2.73410510602	-3.22982039242	-3.15107597497	0.182636236982
MBD2	6	-1.8586146782	-0.99603562473	8.84901710785	-2.53966593469	0.285894295958	-0.449216956624	2.69788863646	2.75161510152	2.33879541103	-7.80441354017	-9.97508983798	-6.40504100911	-3.60862833409	-5.00798159319	-6.15774321707
PIT1	1	0.0777017079968	5.24470069015	2.59468228656	7.54180986185	6.43887621881	8.13959905118	2.13315019735	3.57210154251	-2.15742772875	-7.96020646201	-5.39586333985	-0.951555795819	-5.58781063875	-6.73001319249	-5.79421877878
IRF4	32	5.01242659483	7.23818145467	-2.34632564585	15.5745978883	8.59050739093	13.2423045584	3.46352480974	14.345965591	1.06719211242	-6.45093046086	5.82909002435	9.33276920753	-3.02204472247	-0.842109202096	4.15124932163
NFIL3	1	-0.332800705197	3.76798214238	0.955908540679	-1.42006640561	-0.847702486694	0.960026735243	-7.67602932089	-0.502962019358	-3.30905541266	1.7390704739	2.09876253986	-0.917795563044	0.33412032865	1.49790728933	-1.33937671454
MSL1	1	-0.345750159265	-1.79659099523	-1.2113140889	0.502058277105	-0.758321451239	0.959018968555	-2.96059971093	4.43300437824	-0.647863438678	-4.9447719241	0.986704539546	0.224488262027	-0.739419333008	0.234947100106	0.878157186793
GABPA	2	0.84779115259	6.23393919785	-0.903611874674	8.45063206676	6.61735645779	11.0693944334	-1.6824843118	9.20400325459	-2.47715448594	-6.4786388702	-1.03915647045	1.41263292862	-5.49546000688	-6.90520352431	-6.13717265853
ATF4	3	-1.96332574851	-1.32832244954	-3.25826909929	7.58395734676	5.01579688015	6.48146367156	-7.81092730957	6.03072078638	-7.9368651756	-12.1404000562	-3.52069904398	2.40858491804	-5.06982232467	-7.29836076118	-6.64341786194
TIF1B	9	-1.89924406467	-0.412575560868	0.357628914734	6.16642538648	3.31931344454	1.55656140282	-2.70262136756	3.99491410894	-4.18879218518	-8.41282966641	-5.39508004281	-1.78381001641	-5.05843494784	-6.54885842944	-7.48125794644
PO2F2	1	-0.821491896397	3.27199737522	3.60840676625	3.61876281624	-2.19847266473	-0.155963589874	-2.4090626001	0.606850345258	-3.17145913296	0.783667224503	-1.54211400265	-3.31803637373	-3.52589285886	-2.94535135777	-4.12421849634
BRD2	3	1.487414996	2.29993234336	-1.53876828725	6.43557928011	6.02650355822	11.127120072	1.16808364544	8.72914902563	-0.254805527821	-6.69867886201	0.598459987315	3.78953579065	-2.96223657144	-4.75654685119	-3.13951765904
RAD51	2	-0.210113335511	1.78155119836	-0.0677656444122	2.48571608676	-0.0130092209046	0.486397578609	2.86514677268	-1.21866265333	-0.105035676603	-1.28652149851	-2.17355532404	-1.90092590507	-0.900020182929	-1.47882395983	-1.41607826792
TBX5	1	-0.775886428591	2.08898497708	1.06486169766	3.74432764043	3.74807810063	2.66551521705	1.34185486563	5.46141944612	1.24261630797	-6.9637903845	-5.47582717898	-3.07237366365	-4.94216537523	-6.13774304032	-5.62816861017
ZFX	1	-0.863846825112	3.89237023771	-2.01965315243	9.078208538	5.49150594878	10.4165205926	-0.871794741352	4.43064183891	-5.93609381773	-8.12678036761	-4.72504591637	-1.1190045283	-6.64578985182	-7.9018275646	-8.05711276736
KDM5C	2	-0.470745575845	0.950203517577	-2.88199827537	1.47383154692	-1.01356630062	1.49200507631	-4.71631537207	-0.419751546895	-4.83901475078	-1.55973938271	1.68585284281	2.46187863062	1.04177966154	-0.769867653573	0.504263944419
TFE3	3	-2.2000009371	1.36773297592	4.92517377882	5.50948549498	1.84562428937	1.48253388204	-4.43882496715	1.82238003089	-3.97807505903	-7.67226565969	-6.08554205793	-3.58486647756	-6.14747212663	-6.8645052902	-8.9813919332
TF7L2	3	-0.642852399622	6.04938966126	-0.802011346436	8.71424532462	6.62074650878	9.88506903889	-6.96945135907	5.89804733434	-7.90760879561	-10.1180929306	-3.06319764819	-0.377394744352	-3.47069675385	-6.58380825458	-6.87516962993
GFI1	2	1.41677957916	2.28891232623	-2.13316166546	5.48896367699	3.90874150276	2.7107857404	0.661942420781	5.84983308476	-1.01022292993	-3.55469984333	2.8836782983	4.67340654728	-1.38734917128	-1.35682510465	0.810909225429
VDR	7	-0.224951008679	3.96326375161	0.0714316526766	7.47745818483	3.04921244627	6.28350305068	3.77399132538	4.68329833788	-1.36040706659	-5.64694301068	-4.43236596618	-0.671627759022	-6.8601432997	-6.25481382658	-7.22517194207
FOXK1	1	-0.745157531721	1.26084629503	-1.94187432049	8.6129426877	2.43202075372	6.90635032393	-2.44925807988	5.79079000809	-6.91146548459	-6.24081026881	-1.70168790097	-0.210051341977	-3.21551628439	-5.29800200966	-7.46648982181
CBX8	3	-0.845118712132	4.810068652	-2.59811405802	6.60970319867	5.19470891194	8.2592313959	-2.87491409569	3.27709147004	-6.67527237687	-6.11220587186	-2.11882632415	-0.388007376596	-6.88906010113	-5.7718670436	-6.55419835047
NUCKS	1	-1.30655496924	-2.9763696852	-1.44225316918	2.65357605205	1.62698234261	-3.31765855677	-5.29123220363	4.90851476068	-0.0463718670078	-2.5004300328	-2.51244082006	-0.588759954309	-3.83780833617	-1.9564579633	-3.01106013627
CDK9	8	-2.80075686887	2.10002402716	-0.43781247072	13.5226593965	8.12483174348	7.58754761426	-4.92990839231	7.78494705696	-8.35259403682	-15.4217433742	-9.10557107798	-2.92436377289	-9.64928097986	-13.515998597	-13.9933333008
HXB4	5	1.66992499825	2.24611880918	1.45238231535	14.5746070713	9.31474918601	14.4313499363	0.962925767858	10.5360859911	-4.95868210982	-10.4010632628	-1.38437041132	5.29466995631	-6.48578108293	-7.21733716499	-4.98670502611
ASH2L	3	1.43328889137	6.06449018975	-2.13853670527	12.4582204734	7.03645888083	11.0394527926	0.183533609729	8.49902564267	-4.68532707597	-8.8411271326	-0.170783056616	3.74639092057	-5.35163645257	-5.69390707623	-2.08021053112
FLI1	9	0.971722739714	5.49277829382	-1.46272938924	14.6370423065	10.7831327123	13.7940070449	0.0951927227982	12.012016747	-5.75857057824	-13.8490704345	-3.42612282049	3.65209442371	-8.73399273868	-9.4354253417	-4.19623459218
SIN3B	5	-2.42709706543	6.17856221628	2.464786909	4.84253801283	6.34863094581	7.13517553979	-7.15427868348	1.50753944788	-10.9287214942	-11.4372030824	-7.26359523954	-0.480292156733	-7.47401828458	-9.66591153996	-8.05257150683
RUNX3	6	2.21730503295	3.55292785658	-1.13472302135	13.6222882796	8.64436622699	12.2357274128	2.03684299357	11.1277370857	-4.77533951183	-10.2684374593	1.26347220142	5.28785699416	-7.06269692457	-5.53429858545	2.04654691294
ARI3A	2	-0.821176595275	2.28968125745	0.82496907503	8.21448761	4.31990768518	5.98104956138	0.135389377213	5.7290873876	-3.34317809772	-8.29597164865	-5.88540155279	-2.26216028067	-4.25473041681	-7.42361194937	-7.52599034169
HDAC6	2	-2.94287309837	-1.73741803939	3.06432156044	-2.09833034983	-1.09117057081	-0.641626131752	-3.95752826194	-2.5872756908	-3.17349327863	-2.07908677494	-5.40554988744	-5.51788016218	-6.66340660735	-4.62184328625	-4.68993589637
TAF1	3	-0.713565293018	1.66649872052	-5.24527952164	4.97736217197	-2.29168699853	1.50864327836	-3.22685359554	-0.213205564663	-6.6087975093	-1.09108678072	2.56184187838	0.526216693477	-2.33966283453	0.202434106044	-0.416338146081
KDM4C	5	-3.37177609881	2.42511004691	-3.4112603965	9.46214675726	7.48972864308	9.27522070977	-3.93538700603	5.38146591403	-7.7244649237	-14.4013283987	-10.2533678191	-5.38491127452	-10.2978480431	-13.8297905587	-12.000179034
KMT2A	5	0.0941704765985	0.664430330402	-6.89803299308	8.28610929048	4.52316650455	1.49316620364	-3.85110493477	2.61226248734	-5.66162192235	-5.80549213504	0.749025222825	6.92127615681	0.260832540866	-1.93974461619	-0.0358854630958
KANL3	2	-1.52343444421	4.33800110893	-5.15729544086	11.4192211762	5.46316401376	11.586806354	-4.2214456477	5.30487453488	-9.24892417601	-10.744367854	-4.41517373061	-0.704348361972	-7.14377902353	-10.43810633	-7.36670884201
HIF1A	2	1.10809340697	3.94315662101	-2.32172893994	5.82418858579	4.71355667448	6.8343518967	-3.06863858131	5.96784275168	-2.61538024708	-4.81500302455	1.21973923965	3.69418187436	-4.5383679708	-1.81210170866	2.48751052625
NELFA	4	-0.593213455458	1.66605097215	-0.973958213533	5.3359065166	3.02953959898	5.08225663034	3.01091742306	2.15563083171	-2.56697697341	-5.17325959111	-2.93757056426	-2.75379934301	-4.90451154956	-4.8443493852	-4.43086472915
THA11	1	0.272776393179	4.67407343119	-0.68776315233	6.28526442646	2.80817039968	6.05548252386	-2.45206443144	4.32941444161	-4.24333426203	-3.749660262	-1.77346705853	-0.791187853758	-2.61371842274	-3.59997948631	-0.42236078916
YAP1	2	-1.52020926901	-1.97509293041	-1.38210010634	1.13896197621	3.35833063675	0.128306775942	-2.67594873271	1.19355002571	-0.78453587333	-5.76686188277	-4.38044943046	0.433678742148	-3.40135181559	-4.35979425392	-2.80962289734
DMAP1	2	-0.498564951367	3.42247922906	-3.55700926572	9.76853773237	6.49555149141	9.80001578502	-4.77116356196	4.16988843098	-8.20614638764	-7.71378129579	-1.57505476492	3.589453261	-4.81386875176	-6.53132316906	-7.05748805212
MYC	45	-0.838536928611	6.36235623772	-4.17665737458	14.4688986508	8.8357584312	12.8548241871	-5.03653837814	8.5584043447	-8.88668254611	-13.5721791991	-4.94898128812	0.901273207627	-7.80490522176	-10.3831778846	-8.91191016732
SMC5	4	1.87305739748	2.66664764156	-2.5841121181	11.7264162666	8.1006501779	9.29186835954	2.80836082014	10.9719509122	-2.10568268869	-10.1118895628	0.307038681589	4.72106828407	-6.43814649812	-5.06154396025	1.93017724908
H2B1A	3	0.827310230709	4.93708207686	6.69131501724	0.569092321531	2.05733504411	0.484041177948	-1.39732248735	0.119793441229	-1.28505792454	0.0192861751057	-1.94484961778	0.979631036557	-0.0974912070312	1.49995344128	-1.05046526523
NR5A2	2	-0.571554235284	1.78509304029	4.65474120482	2.3322531135	2.22237224193	3.91003402518	-1.46536894777	1.07195619264	-2.69601489269	-2.15029119332	-2.43667332311	-4.1707771092	-2.12021962904	-2.71098890825	-6.22787510894
FOXA2	9	-0.937333072932	5.4388685974	2.86761052658	8.54344705322	8.74055669632	10.5106510242	-5.91699399358	7.51484827012	-5.05101471859	-11.713899575	-6.47972180299	-1.75900196957	-6.08430602362	-8.7170900418	-11.0166170637
EED	2	-3.08331115176	-5.21550050062	-2.37438328282	-4.67234498368	-0.919210506867	-4.38148736648	-0.599656215198	0.344015111652	2.39302725462	-2.39708486169	-4.73566609041	-6.25837589613	-4.43641161245	-4.02706839311	-5.88620878143
TWST1	3	1.13347867557	-2.92514633983	1.16882220738	-2.31392329563	-4.38985154101	-2.71398132821	-0.0837262359129	-3.99735375112	-0.430448480748	4.60196567314	6.22467127793	4.90868452479	5.98796172897	6.38396477523	3.44706224298
CTNB1	8	-0.57032210031	5.24229190027	1.17951631982	7.75053771176	5.92910781051	7.87193079995	-3.65773412702	2.18609454418	-5.43112019554	-7.9123621425	-3.74752960006	-1.83785238464	-3.36227957634	-6.15105150146	-6.04405896328
NR1H2	4	-1.13813496443	2.98646835363	1.34250638613	-1.56850056985	-0.130112219818	2.07261618449	-9.93483392287	-1.17731729193	-6.08590843545	1.17584831619	0.162873430483	-3.12857122069	0.131619173674	1.55518488225	-3.33576256828
TBX3	5	-2.53288681864	0.681960371668	1.62898820657	7.26718480064	8.19788425904	5.53548924456	-1.30017359062	7.26648952104	-3.56683478506	-14.7590512202	-11.7976591308	-4.55514784657	-7.63458436934	-12.0046283644	-10.4203325576
CARF	1	-1.37021620151	-2.82161243545	-0.309631390914	-1.26634908407	-0.173199272851	0.854088125175	-0.975345439849	1.01527681161	1.06406918269	-4.21170908894	-2.21700165941	-2.0508275241	-2.24191685003	-3.10705269225	-2.74181550268
PITX2	1	-2.3856112183	2.61301538431	-0.565095544311	5.85400481716	3.5878348596	2.11761649846	-2.81518659554	4.44961453399	-4.73662390673	-9.31344156216	-7.23122587985	-3.44329361247	-6.54611348596	-9.00674834863	-8.36291421407
HELLS	2	-5.22064713004	-5.81371188743	-5.01268073327	-0.166522478794	1.90291925573	-3.41605061627	-6.52545361514	2.19770587272	-4.71252600556	-13.0602634388	-9.76354315354	-8.1481038571	-4.88907476713	-8.34267940517	-7.33907499083
HSF1	6	-1.41893690151	-2.19933664984	-2.87155949515	2.3879285908	0.569962569775	-0.718204272862	-4.41595430792	1.449484685	-4.66324319964	-5.08867975111	-2.21895903881	0.590820946191	0.72503299116	-2.51273827855	-0.899671410193
RING2	37	-5.36101015037	-3.85546391146	-1.68260691588	4.33885387125	5.5518952733	-0.375839734624	-4.74306130626	4.48635642505	-4.87025013355	-14.5787884309	-13.7033305418	-8.40786353205	-10.7658075238	-13.5151471778	-12.9330884666
DNM3A	7	-0.56398709574	0.455905764405	7.04923595668	5.1837445786	6.23624007207	1.14782240081	5.19792226048	6.63285656469	1.60546298372	-9.82416884948	-10.4901544949	-4.70146113448	-3.10547676988	-5.94299674455	-7.34075192852
CBX5	3	-0.140014221449	1.56358153758	-4.23499715793	-1.32567051797	-5.15171695531	-0.0447787135751	-2.33155938762	-2.90164352108	-2.18156003395	1.3301624504	5.3177855389	2.52146161362	0.195558774337	2.3380177129	2.94515955942
ANDR	14	-1.08589187578	2.40511070447	9.24113420128	0.534808692374	9.0792130692	6.19461555032	-6.73730475914	11.3527505347	4.11099112389	-10.0174590712	-8.25809807987	-2.56228753932	-6.92581551739	-10.404580131	-13.2155650393
TDG	1	-2.24956826044	2.91458697373	0.734664956426	6.39396596473	6.8174255654	5.34258543777	-1.61759919424	5.55022190151	-4.34868013267	-12.0237910484	-9.50987230588	-4.76556581351	-6.94974661687	-10.6407373198	-9.39141401443
P63	1	-1.01257573508	-1.5025282111	1.35511141267	0.358223764327	-2.05364060789	-4.26913150745	-3.22226303695	0.430143364253	-2.52295654742	-1.85516737417	-0.726262583445	0.125921668149	0.508009681042	0.625183614658	-1.42670392775
E2F1	2	3.7300835502	6.18177206346	0.386268673914	13.877107738	9.47143710173	13.235623872	3.36704570969	9.42219865606	-2.51615515516	-5.81378404646	2.33668615934	8.08482694594	-3.78191928068	-2.35398638594	0.324047650821
RFX1	1	-3.93216301374	-0.935608074748	-0.744351276319	6.70778347169	4.6426100145	2.14107175811	-5.41355820831	3.94255252129	-8.02581010165	-12.2568520346	-9.44656437517	-6.49533925443	-8.34144541641	-10.7146274997	-10.1101437167
HSF2	3	-0.0837560541369	0.448465670715	-2.29924980545	1.81286758775	3.87333245578	7.26484409348	2.57015622059	2.76009075589	1.49445194949	-2.47367516509	-2.24171032326	-0.46235437322	-4.9921048771	-4.80533309691	-4.12236585058
FEZF2	1	-2.70843477747	1.43739030095	-3.29658661341	10.0344136552	5.99769352307	8.23439827977	-3.12599632186	5.43585929113	-6.32536630728	-11.8669755181	-8.17695402333	-4.39659484211	-9.45857352875	-11.1756154288	-11.235179351
NR6A1	1	-0.835026897843	2.95903649548	2.85723664116	4.46932584914	4.49307743277	2.17404124314	-0.277976718654	7.40968447525	-0.579802680245	-8.35511591549	-5.22313855129	-1.16765219669	-5.64604110684	-7.57415361509	-7.22889792243
CLOCK	4	-1.62155782575	-0.206825785137	-3.60884491057	-4.15449765643	-4.01828729196	0.0885239889494	-9.1081354859	-2.26290408019	-6.55752654424	2.3653571064	3.41139530184	-1.20418461193	2.71654643589	1.92618990463	-2.08861593191
GRIP1	2	3.99276902028	2.74222569019	2.05236156172	10.5538802589	3.35629979034	7.23139023186	3.38118921924	9.63491687652	0.97774766155	-0.916929668262	4.98686375126	8.27440824294	-0.997099298755	1.58124650069	3.04026546571
MYOG	3	-3.79438566444	-0.696724124785	2.76726996066	1.12421801877	6.45596370846	-2.59939037457	0.332591110075	4.03608278452	0.0907862805706	-12.0646368493	-14.7893545611	-6.19527268624	-10.0322983653	-9.02692295893	-12.5237112449
IRF7	4	5.249384079	3.03670053983	-1.03847206276	14.6889686928	6.67836911606	12.0274841714	2.39934961917	12.3562184061	-1.37960271079	-3.5523287061	7.67326503589	12.7652118433	0.251499960884	0.745566653138	6.8391465472
PRDM4	1	-0.68174025128	-0.853644733162	-0.357908026757	3.67071009943	1.845938194	-0.913291850402	-2.43564354239	1.33948901711	-1.8724967287	-2.79496626278	-1.23029834513	1.35978764355	-1.19394663842	-2.90495204843	-3.20314029585
PITX1	1	-1.07161962592	-2.24337139429	-2.16570607324	-0.408200502777	4.30439689791	-1.74872156591	4.90790312644	1.56556836093	2.40948898938	-6.50842526306	-6.25967292738	-0.523838437222	-3.54622387361	-4.22695708367	-0.558915016429
UBP16	4	0.0262635838415	3.01714896096	0.65159690512	4.52884015591	0.386253811052	3.96528853683	-2.88899506772	1.51213263624	-3.35841945244	-3.56636475822	-0.250475903921	1.8825814452	-1.39885979225	-1.81331539422	-2.29972190875
TBX21	4	1.94663116232	1.7589553608	-2.28122411073	12.1089999734	5.74331550959	6.27905765151	-0.539033172331	8.96510802534	-3.00799909663	-6.9478802539	3.01439879422	5.96154043208	-5.81302922954	-1.20957503934	3.22020142797
NELFE	2	0.305794368283	4.9884542359	-2.08074321104	12.5816667255	7.78572669534	11.8847370083	-0.706900840682	10.7229296925	-4.75373501852	-11.960562867	-3.38314538048	1.14166788608	-7.40774612294	-8.70620345437	-5.82502419261
DMRTB	1	0.792940414835	0.48034377661	-4.88107860417	5.00466369297	0.0335026669953	2.63152723822	0.510752039837	2.35929173257	-2.48931668905	-2.39847382005	2.09995858937	3.60329972888	2.11217040434	0.914595624834	1.11992942634
CTR9	1	-1.27640201655	2.0133992939	1.55555332008	5.93264255848	5.48532994206	5.03814337386	2.45644690076	6.60089912483	-1.11940582864	-10.0264967552	-7.5066347423	-4.45618726298	-7.04196636213	-8.57005345014	-8.23129834418
FOXO1	9	-1.09358547565	-0.526711569201	-2.27019756252	7.35275479574	7.3557352895	5.57480109266	-2.72488911112	11.4153730377	-2.94583360009	-13.18201363	-4.39668681962	-1.4586029756	-10.2949344335	-8.25995755124	-0.949033621831
NCOR2	4	1.3809893276	6.75148034959	1.95356938711	9.44013307463	5.8493047202	8.51544437236	-2.8568912251	9.59954518712	-3.2658657288	-5.22933802906	-0.75045717704	2.68323018285	-4.72771021399	-3.62444033573	-5.00415397774
MBD1	9	-2.6144633504	-0.0871657080278	4.2702707194	0.65795281197	2.74844131033	-0.337418968532	-0.048035462904	3.53129966408	-1.33705745978	-9.23652404047	-9.87970219696	-6.4294003029	-4.48876003074	-7.56821177695	-8.39817546417
AFF4	4	-1.46944128331	-0.739485486338	-0.973058754611	1.04695693937	0.0739803243458	-2.50040546661	-4.68223377621	-2.26287707635	-8.14461078761	-1.29789746105	-1.64006820337	-0.204598005396	-1.52653509072	1.20296490524	1.07568997293
MEF2D	6	-4.55311413169	-4.13520593109	0.591608275027	-3.00926468686	2.18997577588	-6.93269598378	-2.97826906126	2.30418848334	-3.24520397334	-10.7928498882	-11.8482124125	-3.2970706839	-7.85335270928	-7.53719386537	-7.20005118229
MAFF	1	1.13752510258	3.64920851515	2.40894406136	7.1860507149	-0.0238796146765	2.06610663788	1.65963976354	2.16921579617	-0.486530149282	-1.29340362278	1.24930998462	1.60585195883	-4.30092941531	-0.727506326318	0.763273132052
EGR1	2	3.39090272152	4.64472612716	3.73492911895	5.79519208754	5.53227484265	7.55466226779	2.98527696455	8.16595624293	2.37156417212	-0.524098253045	3.84805143413	4.69287237828	-1.14413579501	-0.194853770112	0.0102202833281
RFA2	4	3.27602709683	3.81716990449	-4.24436603912	7.68672773167	4.34390145383	4.95347881225	2.34868778552	6.80781151852	-1.50190444956	-1.55236120059	6.53137895324	8.40978597995	-0.646780424543	1.70406590216	7.20678342779
EOMES	2	-0.350860588171	1.34894212444	1.09520003444	3.42211438081	3.8067594626	-3.26089195208	-0.610829985218	1.06194949458	-2.63114968206	-2.16417056855	-1.53001534551	0.250716122532	-2.69562743435	-2.17854574238	-0.826499143645
DMC1	14	-2.94282656389	-1.9435367819	-9.01266793999	4.1987652856	-0.0072960436907	-1.07121182693	-7.28191552978	-2.08548361326	-8.08584770076	-6.39321576834	-1.45068250656	0.282502971022	-2.26872474564	-3.92935567265	-2.15090202153
PPARD	1	-0.448955483342	1.42090850129	-0.418351061745	1.39521737701	5.51191235718	3.90429439775	-0.255783484206	3.16990809831	1.52690519018	-4.68997304762	-5.06480272966	-1.20081869996	-2.25623402485	-4.64119988168	-4.6873597588
PWP1	1	-1.21829857152	-3.45344210871	-0.062410045179	-2.24877159898	-1.96764327842	-0.96485287627	-3.49880954978	-1.52734776428	0.678321408789	-0.471728458152	-1.28344748109	-0.954920352041	-0.943501738693	0.154436862685	-0.512063021186
ASXL1	1	1.36295060674	4.42443179356	-0.215845125142	7.36498668272	4.64262648087	5.3117527531	1.73422444258	5.58857202433	-1.70164469587	-3.33345467135	-0.022818670986	0.896056557984	-2.17709517283	-2.47605995356	-0.95442395101
SMRC2	2	-2.52571882369	-1.04233230334	0.923582653343	2.71739245133	5.10225145785	0.178335603794	-2.71332816875	2.63062610993	-3.07253149789	-9.81541517372	-8.85157406585	-2.69632119862	-5.28070408094	-7.29366169927	-6.14638361959
PRDM5	2	-1.97161418772	-2.57095226235	0.037696880508	1.79454140083	2.3048799989	1.14422669525	0.0168445928971	1.75805507062	-3.83339604334	-6.06016825735	-6.04244450624	-2.64204563828	-4.50930687257	-5.00116667168	-3.99936301533
ERR1	1	-0.61542385704	2.47942262235	1.74062119772	0.653500828298	2.2737555706	4.77708650344	-2.29405067171	2.51951492773	-0.782056684394	-3.86109215601	-3.05523981609	-2.25499181622	-1.50778454814	-4.60562615657	-4.69899379956
MAZ	2	-0.645247618095	0.705778248258	-0.0768999781152	9.94420326709	5.01428353235	5.97236740682	0.912824396833	11.3257619345	-1.85274721071	-11.9302833454	-4.76841235861	-1.54405008043	-9.69326818928	-7.53772221984	-5.50530205679
REST	10	-4.74630385756	-0.857938111896	3.12966046563	-1.84445692111	0.842222210483	-1.46104267549	-8.78525831348	-2.62637925214	-6.66058560231	-7.85625347374	-10.1295293749	-9.38315857747	-4.54606785648	-7.01782343211	-9.25164309081
NPAS4	1	-0.858229110455	-1.676900199	-0.644099554049	1.23879580047	2.15389923982	2.10888116737	-0.90383039483	2.68490971409	-0.313563883569	-2.97957792532	-2.63313537844	-1.0771554223	-1.71947276977	-3.95124250604	-4.30271543482
KAT2A	5	0.25756990192	3.45608698974	-0.582351357533	13.6978627847	7.44121544462	11.9109193983	-2.88000072288	9.83492294766	-7.40661000435	-11.0882610184	-3.39794853696	1.65223122364	-6.48287469462	-8.32736242938	-4.22185139761
TET1	10	-4.28614731417	-0.366217089948	2.58285929878	5.81726167161	5.19067464938	2.99344022208	-3.54693351114	6.72674688858	-4.27167779374	-14.4612623627	-13.8805422844	-8.44181943872	-9.39819767316	-14.1880936215	-14.7623013535
MEN1	3	-0.327859639903	2.20065804164	-5.54428143108	12.0456596177	5.73038118379	8.32928564343	-1.85083195657	7.55058455046	-3.62395891283	-9.41176135768	-3.39645361386	0.666956191936	-3.64676383327	-6.42917597451	-7.21033310777
AP2A	4	-2.14614720976	3.10752179077	1.2268979639	11.3945456861	9.45553705745	8.59743162713	-4.00678398227	10.6489553161	-4.93643248514	-15.2169653793	-9.68635394941	-4.10225874172	-9.78933980431	-12.9899255101	-13.7488905259
WT1	3	-4.79152188452	-0.0335544042851	1.3287504376	10.7254819267	5.66466182537	3.29494753557	-2.62379934237	7.51468321607	-6.05801111389	-15.0861277722	-13.7939726058	-9.85207885758	-14.6446759389	-16.6638449945	-16.8537662951
EZH2	38	-6.76337475859	-6.85572881128	-0.868989761245	-4.05135617772	1.45052061645	-6.27633471318	-3.20482254303	2.31346562582	-0.174629174271	-12.708668968	-16.3089432774	-13.0545600126	-8.99583751556	-12.8226533234	-13.1287085849
STA5A	22	3.48177974508	4.10303422573	0.529354486886	12.7471493493	4.79060759848	9.26816964582	-1.35744698901	9.9145485726	-1.28850024121	-2.08687813708	5.25403269348	7.60756365747	-0.393840785565	1.2548365128	-1.59771415854
MDS1	1	1.66381975333	-5.17413341836	-3.39811952267	5.13983325502	2.24755285667	4.46465459143	1.9969094915	8.12050915901	0.337632797686	-2.87377800834	4.49901540428	4.53385738714	-1.68208258159	0.0103255473569	5.07129958751
KLF4	13	-3.78823496399	-0.71558453799	3.43972570792	11.395238532	6.83250748923	4.2718578163	-1.83880777445	7.09935074368	-6.27821697218	-16.8389389772	-14.0615835427	-5.74679768383	-11.3731621633	-14.5733116567	-14.6475664766
HDAC1	6	-4.33309911127	0.688836393712	1.82402020559	10.1489313444	7.59613991339	3.48712379128	-4.55838336768	5.26989437176	-6.92104003449	-15.6798973697	-13.8813812506	-7.10162529291	-11.9703685912	-14.6667007404	-14.8989369309
PER2	1	-1.45971882617	1.08798245345	0.142188351709	-0.576518239999	1.68211081687	5.00343993189	-4.23603034237	2.44190956923	-3.22291691716	-3.03743601018	-1.59964153045	-3.13173939041	-2.87255267721	-4.2749913389	-7.84186824284
SOX2	26	-3.11952067587	1.65001652704	3.61899238464	7.65039603157	5.59418326215	4.76233673255	-6.31350441831	4.06108289755	-8.48109235954	-13.4460454362	-10.0067022561	-3.21865995629	-9.09985590072	-10.2229238359	-10.2215131346
PSB1	2	-0.445023295421	-0.875159300394	-0.0946902119226	-2.23201843679	-1.35156729954	-1.62571787486	0.984179629134	-2.61498627396	0.25328169064	-1.51687962202	-0.370165144172	0.568600872222	-0.202349156528	2.28584247897	0.561302513328
PRD16	2	-1.45786136312	0.353044415639	1.86019120768	-0.23033652181	-0.0795704926342	-1.01300611261	-0.401937783861	-1.99284766832	-1.59279187931	-2.7278631326	-3.53875812836	-2.14809915627	-2.80150271288	-3.54327931608	-2.55330180226
AHR	8	1.53388942414	2.57351136713	2.60610914165	3.90110471527	3.13484458219	2.09402532263	-1.32603404518	1.63369643128	-2.22377402007	-0.0742560620246	0.578522678817	3.51280061528	0.549568416222	2.38959147292	2.12474132179
CREM	1	-3.17742784514	-0.297396671921	-0.791672926684	4.91345405708	2.81112360629	2.90116216965	-8.63372860115	2.15864260299	-9.39449011422	-9.33692058304	-4.49736343707	-2.58746851779	-5.66701881451	-8.20859619499	-7.85371640662
ASCL1	6	-1.90015485794	-3.01230318031	3.18345371234	3.73462740688	2.69762997664	-0.825450905148	1.673672219	2.49686358483	0.219053101884	-5.187271624	-7.49115532776	-5.08110462408	-4.70440517226	-5.4881660482	-8.817611131
SMBT1	2	-1.20720060057	2.14148029027	-5.54259174077	6.26896114763	5.26101154262	9.88376852759	-4.89494211279	2.77528286812	-9.61046878054	-8.30897139139	-2.20893505342	0.644307808228	-3.88537142579	-5.86732885803	-3.55701122973
MEF2A	2	-0.957063883455	0.221166238131	2.80656883231	0.38546113647	1.11855531786	-6.12703688305	-4.733600741	-0.0712244727888	-1.64509342878	0.74573965792	-1.69743633524	-0.0948510732033	-0.241444496878	0.755827857896	-4.82152597801
SRBP1	8	-0.341025905104	0.331125127128	5.1179418427	1.96566290057	1.37655678389	1.65499825063	-0.386628282606	1.7710604741	-1.41021212467	-1.01483975385	-4.77196800521	-2.39825529739	-1.19063375293	-1.3470217855	-4.47214904831
NANOG	14	-4.03947270788	1.5722917132	1.21118729378	9.24870987116	6.60746315482	3.366150334	-3.51813008526	4.25428259999	-7.30823770625	-14.275423545	-13.3552658354	-7.53639093057	-11.4335181336	-12.9670010182	-12.4187356229
SPIB	1	1.89066648977	0.124429210655	1.07916163781	-0.62608227834	0.925473303468	-0.291273513651	4.05150042986	6.90247982852	2.85527009442	-1.31583435249	2.23322220382	3.98674301939	0.125872644952	3.03192701243	3.38644161598
NFIC	2	-1.22851690681	0.0885742552915	1.88825114894	-1.48000909045	-0.14791876386	-2.4390575574	1.37283221004	-1.09235596336	-0.0390968359326	-2.04670058083	-2.74689762891	-1.7048376327	-3.13030697641	-3.53551243457	-2.18620084523
NDF1	1	-2.01552454561	2.56798956364	-0.169727723585	5.29848392209	3.48874710083	6.22709257407	-4.44542178031	0.124949131791	-5.34098415712	-5.08667446216	-4.84181300639	-3.96605981542	-6.34484449107	-7.03320464774	-8.69587584716
MTF2	2	-3.50516072853	-5.65416525703	-5.23993817761	-2.78979966567	0.59997254227	-5.75150106737	-1.2310391658	3.04568548979	1.26584110791	-6.29412874395	-7.86570906234	-5.13799155728	-4.10408231676	-5.63545904688	-4.27993527871
KDM6A	14	-0.884023888998	2.80788839786	-1.73253635254	10.6632516086	7.43938365113	8.3561377483	-2.80964287322	5.27621537491	-7.62163167491	-11.8324933283	-5.63349568961	-0.574917679169	-4.31609949908	-8.16058287775	-4.2378112522
GRHL2	1	0.0446628453967	2.79277628646	2.23245155622	1.5303414913	-2.42411366757	0.743636158167	-4.40593483924	-3.6105463036	-5.21946225267	3.47882607252	2.81504622514	0.815408100117	-2.26300535382	3.1420948059	0.997761556627
TLE1	1	-1.09862094697	0.402481495322	4.08410021573	0.509636656868	-0.387658130776	3.18404998537	-3.51367181513	-1.30850409718	-2.5762076386	-1.76882272757	-3.21625978398	-3.66164438428	-3.458199617	-1.26002392056	-2.40996949584
CSN1	2	-3.2710951787	0.243655306318	-1.88457663771	9.82251366246	3.72156875779	5.95572636491	-6.36410483924	6.97549629261	-7.42708789654	-15.224850327	-8.22394930739	-3.3776395508	-8.14187660399	-11.7786803033	-10.09152742
MYB	2	-1.80070542979	-1.60365372172	-0.329309799851	6.92400306342	3.20141724615	3.04862009989	-1.56394681019	2.96928088722	-5.11716535376	-8.07046480388	-5.53383582427	-1.58103939485	-6.75000814738	-6.71176023166	-4.09201322614
TF65	28	3.12882008106	5.04164690135	2.75890170907	15.4255110361	9.7395656135	11.0956880795	3.3007083431	15.3421131868	-1.08508432389	-10.5765864692	-0.594802079893	6.58558173415	-6.24710002507	-5.62408051068	-1.35858205988
BATF	14	4.6500430697	5.31618647685	-2.43292221758	15.2857511642	6.22908724944	10.5292854236	2.05349041849	11.3512578082	-1.17984634093	-4.77115824984	7.93121233189	10.0462683957	-3.22310757853	1.06771805846	6.89738003591
MYBA	2	-0.436604985969	4.26604984369	2.25028454083	4.65957701937	7.56253607568	7.22369114788	-1.88041589192	5.67680643529	-3.26724126822	-9.54576471634	-5.10348670542	-1.31987450443	-3.63854592038	-7.6632865506	-5.332799309
KAT8	6	-0.875900601979	8.34130949924	1.62878571627	11.4160199543	8.72668788548	13.2491138585	-4.34766040445	7.25241272936	-7.80854112846	-12.0475385109	-6.21249566994	-1.86353099663	-7.30851274275	-11.5256080121	-11.7630506056
ELF5	1	-1.62082861413	-0.481807881203	-0.759738273314	1.05770458012	1.46153822978	-1.7660063511	-4.00461229897	1.42335947251	-5.16027125978	-3.3339349633	-1.48436508361	0.381781211818	-4.91702807475	-2.74502419345	-2.36319571257
NFIB	2	-1.39353001328	1.37549904978	1.75015506124	4.02073386376	3.98259134498	4.02574821075	-6.27333438416	5.14346604672	-5.23368495987	-9.66719728747	-3.81999494214	-0.730131993816	-1.43347651509	-5.20491131692	-7.44488236373
OLIG2	3	-2.906591942	-1.18149216378	2.02864803948	2.42677233923	5.12915650458	-0.165910444751	-0.310638468696	3.67468161374	-0.98008713363	-11.5298381228	-11.0924776171	-6.50560132731	-5.69181808854	-8.99017131187	-7.50351100654
TAF3	3	-2.11232527036	4.272053316	-0.675223831715	10.6281374542	7.51538758879	9.40742624701	-1.38401675888	6.49150111524	-6.25148370625	-13.8646861811	-9.25174230771	-4.74633603326	-8.14164871822	-11.9743422525	-11.5975797166
ZIC3	2	-1.93673173219	-0.711175744792	1.35042558039	0.584625191815	-0.975725090412	1.98056405958	-3.3370539636	-3.25622464042	-4.03896370815	-2.78668026138	-3.5881380361	-2.68542240458	-3.45298654144	-2.913303905	-3.28418478655
GATA6	2	0.538882991255	1.59350395626	-0.252872543518	3.83692846865	4.13240242321	3.1375857837	-2.8075028726	6.3405031263	-1.57009641818	-4.27682651979	-0.122453505209	2.03402579005	-0.636305072838	-1.45272100127	-2.41180973721
STAG2	1	-1.18477164441	0.640016633096	5.78696937396	-2.28021365923	1.52112385819	0.1307485752	2.03548452649	1.09299730531	2.5999089504	-4.12192825075	-7.11833396316	-3.47771418443	-4.81300307534	-3.63386975185	-4.94898935967
MSGN1	1	-2.30198771013	-2.19149351229	-0.204242420153	-2.52541136758	-3.40006629834	-0.246961143222	0.498064409078	1.21414706418	-1.38148423027	-4.6125264292	-3.28956709576	-3.95265295978	-3.26092865446	-4.61160843922	-4.26309686486
ESR1	17	-2.65989480462	1.99428765767	2.87037343743	2.25231394526	5.7949450954	3.71368058331	-5.37079167884	7.00835751261	-1.83850636084	-10.6463697892	-9.22542026481	-5.1211565216	-6.67734749141	-9.1021257742	-12.8907676155
GRHL3	3	-4.2124669318	-4.25923218864	-3.11110618175	3.19846251416	3.32529236677	-0.347109822544	-4.62503533471	4.30107152069	-2.81588187612	-12.1240426564	-9.72761897008	-6.11766214618	-6.7661168169	-10.4692685591	-9.43628889448
FOS	7	-2.69331422456	-1.82404076142	-3.39566303983	8.12936097389	0.865491323799	3.02146908771	-0.304522870641	1.57998641282	-5.96212761774	-7.07029767905	-5.43444923524	-4.77926232491	-8.5326098921	-7.95262093936	-6.0471125817
NKX25	2	-1.19235955819	2.01327818644	4.61505184268	1.74351348223	3.3265033907	-1.84201180509	-0.971353999279	3.1455298248	-1.78136098096	-7.71113903575	-7.70530954499	-1.30300050017	-1.26908448532	-5.28719391584	-3.66645627414
NKX32	2	0.463004822533	4.41190070853	1.51854811295	6.21282233742	4.51049022858	6.02439462067	0.573025825749	5.01161862679	-1.38159235615	-4.22540415572	-2.73875252693	1.43368169323	-4.23951517766	-5.55946675622	-5.06968366578
KMT2C	9	-1.64784007385	3.85351461133	-2.9431080832	13.434752736	7.25725714271	9.99893999696	-1.84672275111	8.05762073731	-7.01998493913	-13.7679156704	-7.46718707095	-1.83437736488	-7.682921671	-12.2242284696	-10.8854002379
PRDM9	1	0.691616938014	3.30583091345	4.57043592476	-0.876749369361	1.34376403178	2.36976636058	1.87777668206	0.28391316982	4.45725815456	-1.87733425115	-3.01986640551	0.493034087498	-2.42588516893	-1.19606188472	0.37675488735
HXD13	1	-1.16002237602	-1.22501787447	0.0980456866469	-0.508593338726	-2.1016644202	-2.63668090489	-2.52625863387	-1.30143959385	-4.51196338917	-0.396271597706	-0.13811462303	-0.363780783735	-0.402424887009	0.329284070274	-0.555432974571
SUV91	1	0.965920828539	2.31420072287	0.345284958823	-2.00707502817	-2.07205411304	-2.93342819317	2.09652070629	-1.50585655674	0.268231775196	1.74058246354	1.45825605127	3.13680072568	2.7551685025	3.455538656	4.47072092848
MBD4	4	-2.22212803512	-3.49152964354	2.96273499309	-2.98617376731	-0.960583926225	-1.49541787896	-1.68781044425	0.253447951926	-1.37556143686	-4.52546825267	-4.77607702642	-5.66636442937	-1.41186357341	-1.73334885881	-4.21577619889
UBF1	3	-3.54130504979	-3.95504447095	-5.48454754382	8.93355608758	5.72257318105	2.18410436227	-5.09807934553	7.44913332546	-6.72542005398	-14.3561432549	-7.57288844984	-2.81810653105	-10.9857914453	-10.6069939329	-6.26462262511
ZKSC1	2	0.572894278673	-0.952631452955	-3.39767340509	7.18604100069	0.653379679407	3.47403449903	1.72760151885	2.31808031931	-0.825442214618	-1.90565835782	0.172914330907	-0.151704793947	-2.94877336081	0.178947414887	2.49140472358
DNJC2	1	0.93848898675	-0.997393400186	-0.160229226337	1.50797550692	2.45511069011	3.9789695717	6.02384387553	7.41330577582	4.2695966611	-2.38547037431	-0.684829747179	-0.349887108407	-1.28000364272	-3.06798097885	-3.5841617887
INO80	1	-1.51917796152	3.9471893805	-2.06273045301	12.3084615437	5.46599399704	9.57961095024	-1.95846059096	6.79828182144	-6.56896336734	-12.9646439867	-7.04756761072	-1.70208103351	-6.81615839323	-10.5474205722	-9.70000314658
HAND2	3	-0.830156467064	-2.33075310018	-1.98652293292	0.531096358351	-0.501208718322	-2.79259009557	-2.37381839382	-1.12084816509	0.217034701398	-0.639810671347	-1.10904099284	-0.665790681878	1.89261757612	0.364660457451	-1.10721588025
RCOR1	4	-0.873954963874	-1.43835516998	-0.747003500315	3.51112948628	3.70830577892	1.87286178409	-3.06423900276	5.03733409068	-3.42939844164	-5.90844635392	-2.09423160666	0.339907548573	-5.62763637211	-3.33343026241	-1.06216747298
THB	3	0.340859064611	4.782133865	2.65440771657	7.02993331415	5.04564619386	9.99017633035	-2.08226227309	5.92327444929	-2.01982815824	-5.45590553897	-2.57259836396	-0.340784883944	-4.10745304337	-5.21393808483	-8.86077461826
PDX1	1	-1.0094133813	5.24590135954	0.165567585165	4.79261138329	2.35820550333	1.96208019814	1.91543188956	1.47787808451	-2.39182507787	-6.64500181604	-5.89414491283	-3.26873307741	-3.78632566933	-6.04505521421	-4.01837757409
LYL1	2	0.52361189445	1.12941086237	3.2927243133	3.66974074896	3.25559254017	-0.459510938926	4.87474518645	6.49919473858	3.65498927475	-3.70268763697	-3.40088994577	-0.433224566851	-4.24499800066	-4.09906947989	-2.70545057323
GLI3	3	-1.20218716239	-1.61794705731	-3.21313349492	5.93271144938	1.37627376575	0.712604593038	-0.761871320503	1.05135912972	-2.85001428615	-1.79890071039	-2.53495235708	-0.528027241828	-4.87363278	-3.25960698295	-4.46548298022
SUZ12	41	-6.10762859939	-6.1511516024	-1.9159842006	-3.35905990138	2.49273845247	-6.23796501245	-2.11179978723	2.26885083944	0.199944788766	-11.8697432691	-15.4753712728	-11.0588871432	-8.45666505246	-12.1001612213	-11.7315460093
FOSL1	1	-1.07394583506	-0.611842787298	2.31824827731	2.76478441051	0.522147234044	-3.17937285829	-1.49507415621	0.843616584609	-2.20962082891	-0.878205067564	-2.35803651912	-0.723080816129	-4.62156267229	-2.23971837089	-3.16752412065
CHD1	5	1.09376921279	-0.138113501725	-2.75090768809	5.1730768769	1.55654000998	1.99021839796	-1.43658479379	4.8548906531	-2.45838799485	-3.60851525245	2.92310088932	4.71928844363	-1.88288594188	1.73111422855	4.63993465235
SPT5H	7	-0.581764733097	5.14962745788	-1.47724098152	13.7989522244	8.57361377391	13.5144220857	-0.396555181159	9.1184571598	-6.30204386671	-13.3052327448	-5.5757608052	-1.94123979993	-9.44451375568	-11.1334772489	-8.72371458114
IRF3	2	1.78677022702	0.776290434802	-0.628024532922	9.17255003456	2.58320704015	3.23314466071	-1.84294444353	7.35801016667	-3.1741695889	-4.41108195152	2.69383347288	6.06635960313	0.897780140849	0.305454753369	1.98437338798
THA	2	0.825342875067	2.74748787395	3.64921187562	4.41858140898	-2.96884463652	0.581067635256	2.0995152833	0.397394258468	1.23513893524	2.64463364808	0.362337759489	-1.65313105	-1.8760402803	1.82872724134	-1.91127970198
MAFK	3	-0.854436230279	3.12399203764	0.262980246788	5.62838257163	0.235304234367	-0.725809613738	-5.62176952213	0.654959157938	-5.44002346092	-2.24970607644	-1.67341846359	-0.512712546409	-4.14858369059	-1.37174894373	-0.12395315471
ETS1	7	2.64454057173	2.02135326276	-4.68715965985	11.8723578357	4.90528712053	10.1048798864	-1.02834669841	13.8440326001	-1.35136171861	-8.59649249356	4.86074428672	7.69777537259	-4.6702919566	-1.93827159913	3.98906176559
RXRB	1	1.76800949	2.40394011586	1.41871495832	2.71188846751	2.60997629694	2.87313407175	0.459060269267	2.80841864807	3.00598687932	-0.0175110275975	1.96479265229	3.2844127799	1.44363998797	-0.0974366351879	-0.116884604382
ETV2	3	0.571423838466	3.55082403852	6.81728644373	3.777564558	4.00338572605	4.35943533097	-0.284186894803	5.73061250331	-1.94698737809	-5.3362124723	-2.70848039181	0.0635328418121	-3.00286490384	-4.02459547684	-2.99938018618
SIX1	3	-2.78961798333	1.44451138653	5.65547089798	3.59413886217	3.26292285469	-2.03158145458	-3.581574183	-0.0922825211541	-5.02238161847	-10.2972013866	-9.24486231301	-1.72299345074	-6.09502878054	-7.46763579106	-7.45615426875
JUNB	8	5.09018499579	5.25055556711	0.782110719836	15.5241817916	8.30830899798	10.5347638508	4.98586559863	15.001486309	1.42437672915	-5.43295498634	5.26111416821	10.0065821586	-2.95172113771	-0.260272738565	2.82819291277
ASCL2	1	0.361158438178	-1.81927788742	0.54180636528	6.37396620982	1.56009033006	0.253878676999	3.51425153077	7.24928132081	-0.113615347398	-5.70490455042	-0.963960555712	0.775113745176	-4.64293171261	-2.81121931185	0.843739320994
ETV6	3	3.84054300293	7.91670727291	-3.16807394464	14.0842851178	6.95782754278	9.83154631634	2.45608898085	9.98994367404	-0.121808697917	-4.01247008345	3.0682799968	7.50499288867	-1.17771373513	0.0340104991063	0.403986212819
AICDA	2	2.70038037764	2.66933408611	5.41420099511	5.22447477993	4.87062889223	7.30628930953	1.6574220708	5.19855284336	1.7944705409	-3.10542458202	1.37833239011	2.18107122574	-3.23177514799	2.0084953106	4.43925257249
E2F3	2	-4.34719341876	-2.25746866182	-5.09331780919	6.26688427445	6.19963151208	2.42986456617	-5.25805959025	6.12336058275	-4.97574137921	-15.8837848097	-10.5123876294	-5.48006013388	-8.68340781033	-13.1115757593	-10.6246452149
SOX6	1	-0.235615315711	-2.95676985842	-1.39740806501	1.40390457955	2.75414072161	-4.603988366	5.59465268358	2.28366481489	0.584805593481	-2.17211012646	-5.66157518593	0.16449159971	-1.66089688817	2.77253690874	-0.404062831524
PAX6	3	-1.05064385188	0.492071120944	0.151596379464	4.35070500739	3.55779454648	1.81901219455	0.34221122262	3.42749812367	-4.5404541265	-5.51981451607	-4.02508810599	-1.05383027656	-3.55405006622	-5.261893299	-4.89477213106
RING1	2	-2.04831650229	2.21768381259	1.43581411384	6.55289440295	7.18975521451	5.73828699355	-0.736020173202	4.84666803495	-5.24571029099	-12.0547469887	-8.82165216423	-2.87963714193	-7.29640994588	-10.5760803462	-9.04727655337
SIN3A	9	-1.3394467228	3.17561889262	-1.34537422242	11.4787481326	8.43415293774	10.3659893039	-4.85854206603	9.54187904065	-7.57680023938	-15.2083906172	-5.90943319406	-0.029829135452	-7.88957253037	-10.2233376167	-8.70736280518
ZN322	1	-1.00013412759	-3.71392376491	0.297737573758	-1.02938220605	-1.05522557607	-0.944663422729	-0.342965186001	-0.454254929525	0.621266740856	0.619498824757	-1.61491645131	-3.14499231764	-0.665703640567	-1.08762731444	-1.48672611636
SMAD3	9	-5.05918085692	-1.23915443658	-0.0318631952857	6.77462206597	3.17831489713	1.28926076217	-4.72905570966	3.09783091723	-9.6743023256	-12.3922934608	-11.5954864977	-7.88641007316	-11.3531666037	-12.5031574872	-13.7636708497
INSM1	1	0.156321189692	4.57359828279	-1.52459885763	8.34328167495	6.21206506735	8.37246721733	-3.6914679502	4.71756489033	-3.82603193607	-6.69177943247	-1.63834915883	1.82122219245	-2.58896316831	-6.35020614451	-5.54030602147
KMT2B	3	-2.91529260539	4.00253056893	0.452171920722	8.67420980056	7.12377634413	7.93120275574	-3.6028658526	4.14447655018	-6.59534118973	-12.6674542764	-10.1335362728	-5.61675980049	-9.02514688256	-13.2918907241	-12.2094694171
BHE40	2	0.210410403268	1.56752341795	2.02812336604	7.14431646442	5.52020435026	5.77850277518	-3.17706234465	8.28764537849	-1.41978120842	-8.46669105526	-1.77289488377	0.488850485622	-6.35692224776	-4.27119815576	-2.40487069659
STAT4	3	5.1034934175	1.76116433448	-1.63105730278	7.71217706859	2.187117391	5.89103362729	6.47601625195	12.1488591472	7.21183872927	1.45127588642	8.04201658662	9.0194425298	-1.68814762858	5.16549522017	7.70167600357
RARB	4	-0.96482974497	0.234756793255	1.89877514771	2.41513872494	1.23202745816	3.85829930837	-4.09756734183	-2.9296167891	-6.13425199403	-2.25685179489	-1.61252964667	-1.36166299873	0.251275713498	-2.30378243788	-2.70162657236
SALL4	6	-1.54067415183	0.0918369733009	2.08008017702	0.402574198653	1.4268199705	-2.58506051484	-1.73769833697	-1.58634256067	-3.35438511821	-2.63153474123	-3.27838142984	-1.57213259958	-3.53670066752	-2.69671359813	-2.59179987813
STAT6	9	5.58942548146	5.16190890909	-0.0403373258784	11.5642430897	5.73691469508	9.44167674419	6.53509138943	14.1232251151	3.03058815837	-1.5507475728	7.08253645651	9.12035297264	-1.42141052294	2.67375961105	6.79415502095
CNDD3	4	-1.94251980977	3.19390046528	2.15743149315	11.9863488442	7.19280984035	9.60579845993	-3.18749726488	5.83591165338	-8.7126861264	-12.8109590375	-7.65252039171	-2.6798047432	-8.30511462078	-11.5536981523	-12.2651977564
COE1	8	-0.979102241175	1.55861893643	-0.481182143403	8.94206754939	5.53715027367	4.63295865043	0.385353219112	11.8170709939	-2.72726710944	-11.6785515013	-5.82100585942	-2.46703336296	-8.85998427776	-8.91378971052	-5.63183703461
FIZ1	1	-0.677700387679	1.00261418291	-0.447192312569	3.16635182248	-0.332518318717	2.42669929403	-2.77474209421	-0.238641561843	-6.15841818608	-0.650430607189	-0.257045634142	-0.176666760397	-1.66059959839	-1.68840570747	-1.69880994593
FOSB	4	-1.65696384157	1.03705516652	-4.42786367237	3.67903772707	6.08355776756	2.33819681577	0.944813273245	5.5076394503	-0.773747372421	-6.60994627143	-6.24774450658	-3.71615909071	-7.04356749151	-8.10875862842	-5.86000694897
TCF7	4	1.31923625857	5.09991504311	-5.0679994517	8.23999225237	4.6648971667	8.70134114111	1.21617765321	10.3901447391	-2.43635556141	-9.62127192083	1.114561735	3.45487257174	-4.87314573286	-4.13108561669	1.71726360103
NF2L2	1	-0.0934562896897	1.69441266412	0.417487662421	0.140275812835	4.92641095796	0.726454277291	1.20293089877	1.82285856719	-1.29464445195	-4.24777051333	-1.64685710955	-1.18102862358	-0.492447092846	-2.13599643532	-1.24047466968
BRCA1	4	2.0747892328	3.32367782906	-1.98046182383	11.2294125612	8.00182688794	9.20118253136	3.26440762639	10.3295621422	0.624785357035	-8.14000787875	0.205880393396	4.20702219698	-4.58714614515	-5.07492844057	-1.55816397804
NIPBL	5	-1.93959291963	2.8197788083	3.83380756395	9.0868071015	7.01717179934	7.19110266589	-0.654856801542	7.51802153959	-3.55922571855	-13.2169630542	-9.89424673356	-5.41841717893	-10.7215897086	-11.3305107264	-9.82518043165
NR1H3	3	-1.22113329643	3.00078794023	1.35306506683	-1.59802899021	0.141178124803	1.79643022877	-10.0977172021	-1.26563598458	-5.8633529129	1.10568358593	-0.145835016633	-3.23717074488	0.00320983938769	1.26938579556	-3.55786588025
ZN335	6	-0.457803304769	1.24796602957	-3.48849787536	2.26510981404	-0.764683821968	2.53410848972	-1.49936828538	-1.55254161593	-4.6701571061	-1.80597384445	0.813367324287	2.16065201618	-0.257303119091	-0.605971759832	-0.785952512448
ELL	1	0.111508048676	-0.732328317748	2.64036549458	0.981221919837	1.66801496425	2.65443156021	1.11660470109	2.51492631516	0.273257292043	-4.03383504547	-2.2520952069	-1.04052029837	-0.299255663124	-1.3116664075	-0.618008626584
UTF1	3	-2.37125752429	0.571198409077	2.14042356163	3.87256071464	4.68097361923	1.54905812647	-1.34720048199	3.52530144634	-2.61579956257	-9.65092213791	-9.34663824669	-4.79659264843	-5.7882223768	-8.34364303345	-7.64810272968
SUH	14	-1.41095844948	0.242120826821	-0.356563332722	6.54580334397	3.81112543289	5.270604969	-2.70691669399	5.41204530643	-3.00517040914	-10.0310277453	-5.01356092826	-2.12930114149	-6.17028380785	-7.11416527527	-4.50812883781
SPI1	106	2.90398169527	5.97176862641	2.00924359495	14.9744362441	10.1871019103	13.2240076371	1.3656696797	13.2310986608	-3.21556162647	-10.8942028038	-0.589132066704	6.52822436898	-5.83903765305	-5.79578518186	-0.502087656616
ATF2	2	0.946287814967	3.62173462635	1.53181029181	11.2390221964	4.83429550356	5.90905060219	-1.38341425282	7.55778539395	-2.12913631995	-4.20310396212	-1.77883374065	2.54923901406	-3.08462362777	-4.74636202194	-6.66943429349
CRY1	1	-1.32709832843	2.47559125568	-0.651959373834	1.0151257067	3.36148964658	6.87250057325	-7.69254726733	3.16254571432	-3.54638781032	-4.92539948987	-2.25484322406	-2.01156437925	-3.41002941329	-4.20306495216	-6.77083358451
KMT2E	1	0.601463479989	3.02305714976	3.15682325904	1.49124533594	-1.36805342994	3.39454610771	0.883864080383	-1.79733511473	-3.24720944918	2.43978926192	1.04096599029	0.751008497729	-0.694246001556	0.512508130275	-1.1664750978
RUNX2	7	-0.829208282464	2.89772449674	-1.76457381161	13.6319402229	10.8635838023	9.58207160383	0.941119186706	11.0005959599	-3.67546041831	-15.5716433423	-9.02392882941	-0.647086631325	-7.64080513702	-12.4607225601	-9.74173049676
ATOH1	2	-2.56552498481	-2.19405548919	3.23630600801	6.03297408379	2.20453240722	2.94633834923	-0.5979380441	2.9160774028	-4.98679818574	-6.81613535456	-7.60738520929	-7.38371468901	-5.29945669956	-8.0399457402	-10.3281486267
HDAC3	8	2.11267808915	2.93450524803	3.85522841872	9.29083918547	4.3993119736	9.01414095933	-0.931488176165	11.4752986604	-1.1536475814	-3.54278286461	1.14859728041	2.75202071333	-3.59589013427	-2.10924877568	-3.95939165908
TLE3	1	-1.09862094697	0.402481495322	4.08410021573	0.509636656868	-0.387658130776	3.18404998537	-3.51367181513	-1.30850409718	-2.5762076386	-1.76882272757	-3.21625978398	-3.66164438428	-3.458199617	-1.26002392056	-2.40996949584
RBPJL	1	0.797561525136	3.23129899258	5.35833268586	7.08785929	2.75045299898	7.21004663783	1.26256936624	3.16743616196	-0.667349796389	-1.76488887315	-3.06011550642	-1.52957895455	-4.23756412877	-2.00657165606	-5.6360658662
RARG	8	-0.701664662435	3.51903284462	5.29370799863	3.65287628662	3.68606719755	3.8126278717	-0.625253883338	1.19428731959	-1.94725572278	-2.75833923299	-6.00228133925	-3.48378582884	-4.01203326837	-5.28814478224	-6.86481073499
MSL2	2	-2.18413763477	-1.61110559472	-2.65919458576	5.52309866592	-0.293115554305	2.28009064915	-5.29068572434	3.12042844096	-6.68568598065	-9.03188255789	-2.79919111459	-1.97722549795	-3.24035578778	-4.81781470386	-3.09528754089
REL	1	4.81497893927	2.85398457129	1.36751990504	10.3798097586	1.30879150501	8.09177737332	3.37875751774	9.49421352527	2.69326069939	0.673669810421	6.82496159846	9.00264155294	2.60205035746	3.36916965001	5.36909732484
CTCF	94	1.35099053425	2.80251639885	6.13389325039	11.1770899177	9.6832307274	7.37190744852	5.84205775012	13.5727425051	4.43555301852	-12.1251561584	-8.05284310828	0.313686118001	-5.5405331584	-8.65582135049	-8.04445587948
NFAC2	1	-0.25719135486	2.30100610701	1.57735001421	4.56326100999	1.53162272389	3.54810722904	0.234570730667	-0.973269014662	-5.39204274237	-1.75757371244	-1.26914042624	-0.506566580856	-4.27969183497	-3.34157065967	0.163258188349
COT2	1	0.0473087815499	1.78159201884	0.843436484563	0.953565157692	-2.43572182118	-2.78880675526	-0.169811987662	0.739983065631	-0.627247366491	0.612137487496	0.789555873958	-0.0694741950749	-1.3408495468	1.93870112928	0.435263396712
HNF4A	13	-0.0450783488718	3.21175608314	3.60650673927	6.54415234726	6.35195207295	9.323976236	-4.6500935722	5.85362950457	-3.86808899735	-6.13764406261	-2.11028939934	-0.231772741239	-3.06376771402	-5.53190553141	-9.92950784922
CNDG2	2	-2.13404167346	1.21689290689	3.1158325134	4.66012417919	3.19169485876	4.80278780215	-1.14895374161	5.1527081658	-3.97516571676	-9.6570822696	-7.85625001304	-5.14315399217	-7.19082409273	-7.70136320518	-9.3438308235
CDK8	1	-2.07400488732	3.10439477859	2.63412549434	7.77525678552	7.24389416546	5.93811610629	-0.511115931207	5.65748753308	-4.26770042558	-12.1580255344	-10.083524221	-5.36863945842	-8.31364281253	-10.333366317	-10.3533285856
NFE2	5	-0.381434100754	2.45453476355	1.74040830334	3.65279517681	3.22561985104	5.27689524038	-5.13249189241	2.94593921288	-3.48736955504	-5.57445542707	-0.80483668819	1.62125452336	-1.73349231667	-3.35673053798	-6.16814806456
SMCA4	23	-2.66567433311	0.960572736141	-0.0071468905557	12.7493760792	8.18821963055	7.29285673574	-2.64990361428	8.11258368042	-7.66628030611	-16.562986708	-9.52371985975	-3.44804726991	-11.726257276	-12.8619411339	-10.1767664671
PEBB	5	-1.27087828694	-3.31647318449	-2.61351333912	7.81361788085	3.15040368105	5.89549219221	-2.21001895503	6.43281362976	-5.79848615293	-10.7038416925	-2.39774157629	0.619335259402	-5.25955339785	-6.50788434117	-2.89644602102
E2F2	1	0.393787028984	1.58557638451	-0.306529775979	1.83352006348	1.16208145573	4.3193125773	0.143406673291	-2.06070407841	-2.85785963242	0.813839263918	0.571078988209	0.743770131527	-1.21835947479	1.40926988855	-0.625384059132
MCRS1	1	-3.05190617286	3.46401105035	-2.59691126629	9.16230898796	4.53237320859	7.03715006256	-4.27057029667	3.4192185407	-9.59688364102	-12.2021088782	-8.03173113083	-5.07622367947	-7.0428021941	-10.9114282416	-10.613088942
FOXO3	2	-1.69773354196	2.45173687574	-1.76748165256	4.85884467256	2.68626472362	8.34451124642	-4.09989424998	4.57899342661	-3.70492865479	-9.11148825532	-4.14209883963	-3.87019739992	-6.88390375483	-6.46226775876	-6.64635996656
CRX	2	-1.25850759554	-0.36217070125	1.72966576163	0.603380232002	-0.194837695486	2.79287053409	0.501777583187	2.23178253347	-2.62610564394	-4.70704927497	-4.52525970093	-3.26355309192	-3.15441765245	-2.80175677685	-3.84343244418
STAT2	4	11.1087932911	6.39032458486	-1.76060619748	9.75129215188	1.7582405082	7.79498551319	12.1806141059	16.0055469217	13.1508234995	11.7416963868	19.1323973724	20.0224885042	10.2107575618	13.609626453	15.5349187088
NR0B1	2	-2.2752074499	1.15819903457	7.27805707011	-2.24742196326	3.78766223043	-2.46369871528	-3.64062170592	-1.14000599697	-2.0938089184	-2.84080995366	-7.81611256237	-5.37506153674	-7.05450896577	-3.88903742158	-5.51573489372
HXC9	3	0.798080746755	4.2563994012	0.544490001908	1.72241898249	2.85208781562	0.714301844587	4.51564349746	1.33199292236	2.14016664121	0.373725742095	-2.5795226655	-0.80283225798	-0.647974353491	-1.49738292476	-1.75038419263
ZIC2	1	-2.01385345755	-3.17547450883	2.542489161	-4.10819733889	-2.83839907994	-3.34154712476	-3.92459521366	-2.86549633196	-2.69879789684	1.87377272798	-2.38447471988	-2.92412659994	-1.83440677246	0.68543514444	-3.20012985191
NR4A2	1	-0.972224730214	0.676944352293	0.598073511998	-1.19413818801	-1.25143063352	-1.85098692819	1.0277863321	-0.284159538348	1.35622764703	-0.0884047615474	-3.21316914752	-3.26668325776	-1.99885700298	-1.47611278379	-2.64623582475
KMT2D	13	-1.14982124234	3.39941835885	-0.855678019127	12.9546984722	9.54751149852	7.67950673587	-1.06573270151	10.7400288574	-3.22385080322	-13.8485161147	-8.70631007914	-2.17991853902	-7.41182650239	-10.7695971517	-12.3572314047
IRF1	4	9.22615412131	7.03433872271	-1.32180639524	13.7803359871	4.21735047296	8.89908351468	8.82975698377	16.360238427	8.94058832588	6.1897797821	14.539493172	16.285997863	5.15007073142	9.70998433884	10.5509457722
KLF1	2	-0.855273218542	0.0202195473477	-3.05906472487	-0.572768487994	-0.325103781287	-0.147147665377	-4.26467491309	-2.16918546782	-7.93509517331	-0.262906148687	0.972268452939	2.05067646414	1.80161716817	1.63933617404	0.278003496205
ZFP57	1	3.68979368259	0.458029973205	2.63889871214	-0.572317026715	1.53912768878	1.55343811946	2.06962389163	6.09853006869	6.74266922522	3.38646062996	5.95154883366	6.83298842203	5.58482352266	4.56649848075	4.80679101473
LMNB1	6	-0.710808234563	-0.589280776137	0.943413290206	-0.878334369704	-0.101655500327	-2.19188616638	-0.188465735957	0.220986008698	1.40540762722	-1.03007264366	-2.83746350994	-1.35533366165	-1.68046619949	-1.58694271291	-0.0812209338546
TFE2	15	-3.24523282155	-1.50689803351	-0.440293951275	8.84206457694	7.11029170538	5.70313024278	-3.21646502343	8.78731588915	-6.19207737207	-17.0421463448	-10.1918831776	-4.3732745731	-11.396953637	-12.2895881475	-9.22648165557
DMRT1	2	-4.31505462217	-4.96794909293	-3.18657111271	4.49870745041	1.95647599224	-1.86819274358	-2.68813588835	3.30687747903	-2.35874988693	-11.7676447932	-10.1530077032	-6.68596592247	-7.32626030248	-9.57826993048	-9.59207825562
STAT3	22	5.67841918625	5.44006669249	-2.47577267656	16.6825724241	5.0351197607	8.62032593436	4.20484907464	14.9616583416	0.47921688594	-2.62056920894	8.81819387804	10.9884686962	-2.54721410663	3.71451779931	8.19643511216
JMJD6	1	0.890070119758	-0.239921881518	4.10263027638	6.49818458972	5.31959355207	3.90304228183	5.29475475892	7.11046315734	3.76897476523	-4.45682745219	-4.30752243567	-1.15452587107	-3.91339175664	-4.03656355235	-5.42790875543
CEBPB	41	2.04031351844	4.60239346971	0.758054361628	15.8363665096	7.85001960528	10.7515669319	-0.784987860099	13.1499070341	-2.28822531209	-9.5329348407	-0.398143013697	5.67014645378	-5.43633617807	-5.65426989571	-5.95916800751
CNDH2	7	-3.47246044083	1.18548260291	4.00389332648	8.38545266196	5.38544647886	8.66979654499	-4.18156646822	4.2444278314	-9.7530302493	-12.639049459	-10.3244834538	-6.11476515429	-10.1279696281	-12.4654070172	-14.8826741883
MBD3	13	-4.70563748766	-3.82503398771	3.5138375645	4.30496609721	2.34269510479	1.68183889909	-1.24910333802	4.77467404888	-4.12921083471	-13.2885986928	-14.0347061479	-8.82273488147	-10.5664657607	-12.8788628735	-13.7022200248
SMCA5	1	0.284578954891	2.92817204453	3.21477331377	10.2920504145	3.92350049629	4.08000991748	-0.255710079141	6.81213162971	-2.27647451512	-4.64546856691	-3.1305946953	0.0948355640903	-4.48399877551	-5.36376250026	-7.20535887965
MAX	6	-1.79410952442	4.2634738002	-1.71182129852	9.66312792129	6.69613475412	10.4130054972	-4.84945797076	7.20112434239	-7.09381397454	-12.9136023787	-6.32057274815	-2.34590730759	-8.57631151055	-10.3612941956	-9.18161827263
NKX31	3	0.6053351564	-0.190347637521	-0.915470830996	2.55149873278	2.30556111566	3.28772609663	-5.05225477213	1.39738027773	-2.24789278302	-1.96449746935	2.38247621213	4.16526100274	2.2876769955	-0.0245002918183	0.492075541261
RORG	9	0.491551671637	-1.64838141432	2.93267703398	7.18856461433	1.40104016299	1.49806150199	1.3814162022	5.40261125178	-0.732479067148	-5.10533188454	-0.125645165242	-0.69328347361	-6.37254031767	-1.39190959944	3.14692355763
DNM3L	2	-0.498133166049	-2.00204684747	1.30829067488	-0.999437012181	1.27395391492	0.828691231349	1.22100391446	1.22141004934	-0.494498247499	-2.44926741448	-3.05220330626	-0.786951037344	0.670782368881	-1.40517496558	-2.3084176477
CDX2	9	1.13361441826	1.32962586584	-4.84174363592	4.12663328463	3.37813350876	0.264520757562	-0.645769779521	-0.30345893879	-0.896642278995	1.73053733394	2.80621757151	3.18210719254	-0.33708669787	3.21720153066	2.86032614131
NFYA	4	-2.43204390421	0.183493170623	-1.026963357	6.57488611792	3.34096117893	6.86764049858	0.409106180147	0.0990757866866	-6.20055986948	-7.11648148289	-6.85145894768	-6.62153894675	-7.48054462043	-8.28560072032	-7.94062964735
GLI1	5	-0.00635575873874	1.75653427961	0.792257144284	4.21429684857	6.02506405536	2.19587930932	0.708387926054	5.37219922816	-1.08264931526	-4.79290691004	-4.04947949085	0.093926383602	-5.75996209566	-3.19557020146	-2.36695778403
PSIP1	2	-2.60375918708	3.41690841388	-4.13699420462	1.10719160844	0.594575988665	-4.86993732565	-3.59781184587	-1.49914883984	-6.2000512105	-3.67224152774	-4.40848211949	-6.90185977856	0.0254484977026	-1.69529575071	-4.61493052478
CREB1	9	1.24258876064	4.60981776904	0.308541247002	14.5450799213	7.57117339476	11.54789733	0.265276962204	7.26781802023	-4.8448786567	-7.47680735655	-1.94572542908	2.55182172669	-5.32346713196	-5.83923621677	-5.84106893127
PHX2A	1	-2.31692208801	-1.80482841986	-0.744830520681	-2.35958177683	0.156272530956	0.844295652387	-1.39902864321	-0.504038774638	-0.939016019895	-5.01161762355	-5.49607912582	-4.46733096437	-2.76870880218	-3.47390025545	-4.46851648899
TEAD2	1	3.5021689697	3.44103516999	3.76280240564	0.0785407973328	1.22084815599	2.15918122331	4.21434413643	1.29645128269	3.76551814538	6.07668249799	5.34161940046	4.71877843754	5.06359209159	4.76690988922	3.12406194229
STA5B	19	4.35974160924	5.07047705453	0.559868014743	13.7734937779	4.78544451675	10.4329173813	0.543309461246	11.7800375614	-0.940741234594	-2.42269751803	6.62438546666	8.5504297797	-1.71656400911	2.26719851401	1.72882376275
EZH1	7	-4.82409567066	-5.49568957229	-2.2578553915	-1.68270602137	1.35231310208	-6.85849649423	-3.52864393683	2.23925108341	-0.417542960109	-8.87312279325	-9.7658166696	-8.03415476	-7.30920902316	-8.88224649709	-8.02341945532
KDM2A	2	-5.03712165086	-1.4311935339	-1.91649135957	6.56814891734	4.80420043875	5.36630667513	-4.7077913691	5.91656981114	-8.63114283574	-17.767986626	-12.6141646555	-7.96617537391	-10.1982516836	-15.0483583144	-12.8933732026
SRSF2	4	-2.9895166477	-1.16813952119	-3.62420807832	0.551860818358	-0.31520032925	-3.08176494868	-2.12451013841	-2.56033053774	-6.89352704411	-7.48064589223	-4.01487697913	-2.94182602015	-3.44820848547	-1.90630130696	-2.84555460453
SPT6H	2	-0.774778532627	2.46662161387	1.69130738483	8.52718385332	6.05611207004	5.24441049419	-1.7216126681	4.81700113217	-3.85042431816	-8.37246064428	-5.71590486098	-0.760256389673	-6.12728333277	-7.19474991393	-5.90684387731
PHC1	1	-3.25275182625	-4.81296093307	-2.54416244186	-2.2852162577	-0.338568061509	-4.29587087068	-3.38926749358	0.769118745117	0.144608925697	-3.68206131514	-5.40076531139	-4.44227798591	-5.48026962634	-4.61614688523	-5.16468605586
NELFB	1	0.37686098355	-3.45010273296	3.425987242	3.16470666764	0.797984741678	2.78136017207	5.34466167057	2.31696784932	1.8430583047	-2.73237111574	-0.0143992840143	-0.187100629812	-2.62680781859	-3.32579816893	-2.06209312822
BRAC	4	-2.40349155249	1.56521372521	0.708306148074	3.85761411693	4.46687170546	0.114167149804	-0.454840875378	2.94069662762	-4.67440421859	-10.4009618086	-8.261955103	-5.06552476094	-5.86520966062	-7.80205484181	-4.77679993898
NACC1	1	-2.3480591444	-1.53810443857	1.09638321258	-2.3569401782	0.18002007597	-3.95109600409	-1.15008986869	-0.0858516643771	-0.602935880441	-2.13210889144	-5.00230167066	-4.09104662089	-4.53789701904	-4.09147539399	-4.60938367983
ARX	2	-1.64818777628	-2.17505877611	4.4504720949	-0.302712284015	1.18416762252	-2.33754571288	-0.872527612539	-0.513276624559	-2.78740356633	-0.91512674643	-3.93975785062	-4.25022904342	-5.40860664251	-2.26797948715	-2.93904423883
KDM5B	1	-1.40304773395	1.30143797711	-3.75524770259	3.48318018498	4.0951565616	1.83192455212	-3.1176165783	1.56501964797	-4.56266197262	-5.18481222488	-3.91488011296	-0.372021998792	-4.08114072608	-3.94887651458	-2.98212936822
MK08	5	-3.61887437647	0.991217649625	-2.83248974101	9.19846162563	2.56526838499	6.23226682677	-3.96495621898	0.586463999781	-9.31788449823	-11.8207676798	-7.50203677455	-5.5812929264	-8.05552810623	-11.4214205308	-9.74154328141
NR1D2	4	0.129711979207	5.22538112153	1.45926131494	7.30617682316	5.51372210145	8.41225798518	-4.10519789342	7.688382651	-4.44355988115	-7.3551319863	-2.40542622211	-0.0373779781053	-4.31009522395	-5.11342169087	-6.01900341246
IKZF1	10	0.380539136868	4.95752380327	-2.9642030666	12.9647400748	10.0541312866	11.0713129434	0.835820630712	13.3031051288	-3.43961893139	-13.8197802984	-4.20779321178	0.914423450382	-9.04396761431	-9.61301500931	-5.68513127006
PAX5	5	3.2299827286	5.54494012539	-1.99202087661	11.4258709318	10.431572707	11.7953002196	3.13649146498	13.0009287852	0.960096706694	-7.36083961339	1.05444661615	4.82595069036	-4.05671556585	-4.62436822484	1.0781042341
MSX1	1	0.364709006113	1.55943573179	-0.540622813427	6.06039599103	2.21377873429	1.0664908936	-0.508266582019	4.29646594742	-3.14173045384	-2.79096201351	-0.524019415843	2.44199722908	-1.21827286993	-2.3689759559	-1.43978833715
TAF9B	1	-2.01910303656	1.56473644669	0.17101023571	2.53612911286	5.48857092443	5.64999604117	-0.0578700148314	3.43065756115	-1.6275339115	-7.83235423602	-7.80046257757	-4.50312910472	-7.68872985751	-8.91108682784	-8.68737630392
MYBB	1	0.13902544193	-0.772381555165	-3.15580682075	0.636730762925	-2.00219675731	0.147657164714	-2.28081527182	-2.55894139442	-5.31380341691	0.420984083364	2.91669734738	5.07181183647	3.16279301028	2.8447602565	2.82886694176
ELF1	2	3.47843290175	5.72429240701	-5.49589861914	10.9121366324	5.75129843938	12.6091508465	1.03194241462	9.59974018612	-2.27248627832	-5.13807535237	5.8847998454	7.23637231804	-2.26477539481	-0.356790134589	5.47635331428
OTX2	9	-4.64166870458	-3.99220724923	1.42965005084	4.85546212404	4.2192261731	2.13861483163	-2.89831530507	4.27136036551	-7.34352776831	-15.0570007413	-11.8221256761	-8.38524560287	-9.85859657738	-11.8561187421	-10.6845377469
ZBT17	11	-1.95737434017	-1.29110720721	-3.8217384388	8.80385696574	3.16563202583	3.17018882074	-2.38472561067	7.60037637759	-3.50856460863	-10.3398456672	-5.01263901909	-2.95431487476	-7.39164362194	-8.26805495701	-5.17066094687
NR1D1	4	0.0427596371772	3.84347249052	1.9860788117	6.02894160902	0.986491829103	5.34646711744	-7.85571419396	3.30081281432	-5.95724005128	-3.09347603566	1.01017668561	0.860110329837	-0.937741723052	-0.527854097186	-4.39189066594
MECP2	10	-2.13856794739	-0.986030270827	6.69036471457	-3.56790532871	-1.02481131745	-1.47663916408	-0.637520388721	3.17216844053	-0.0645494072972	-5.14732013544	-5.66902388116	-5.39607336696	-2.9463853148	-5.09615855123	-7.79006729187
ISL1	4	-2.96012809957	-2.98231519898	-0.247050404507	-1.22418114769	3.0100974879	-3.06652452333	2.6837570404	0.357982457993	-1.44333134325	-6.96771183952	-8.04820644603	-4.94442856392	-4.64125303223	-8.01804189051	-5.91058599026
PTF1A	5	0.296807964265	0.726186171131	3.47270378774	0.559540220754	4.04409176721	3.25722968417	0.482123626624	6.09908207726	3.72897441437	-3.86727449992	-4.00669283547	-1.35515920108	-1.09692596899	-2.97158396138	-4.91698378273
KDM1A	13	-2.44592185828	2.34564147326	-2.55269365261	13.6118777405	8.54903165628	10.0365339066	-4.68686279776	8.11382540971	-9.45912131482	-16.5612426749	-8.68068335414	-1.90132650617	-9.29390090765	-12.8040998292	-10.959885165
RAD21	19	1.97115625476	2.8892042324	8.36442682921	9.09675535975	8.30320303123	4.07075917753	7.85874337103	11.5036733081	6.41365729745	-8.07968327696	-6.7184930485	0.48227092308	-5.37081949829	-5.4329314774	-5.7845786621
